Transaction_ID,Date,Region,Category,Units_Sold,Unit_Price,Revenue,Cost,Profit
TRX-10000,2025-04-13,North America,Smartphone,5,783.39,3916.97,2597.31,1319.66
TRX-10001,2026-03-12,Asia Pacific,Tablet,12,415.0,4979.95,3049.64,1930.31
TRX-10002,2025-09-28,Latin America,Monitor,13,308.15,4006.0,2630.35,1375.64
TRX-10003,2025-04-17,Latin America,Accessories,6,49.59,297.54,121.51,176.03
TRX-10004,2025-03-13,Latin America,Smartphone,11,819.87,9018.6,5387.95,3630.65
TRX-10005,2026-12-02,Europe,Tablet,13,418.45,5439.89,3222.42,2217.47
TRX-10006,2025-01-21,Europe,Monitor,6,298.77,1792.61,1235.91,556.7
TRX-10007,2026-09-07,Latin America,Monitor,10,292.15,2921.53,1961.28,960.25
TRX-10008,2025-05-02,North America,Laptop,4,1253.02,5012.07,3190.41,1821.67
TRX-10009,2026-04-12,Europe,Laptop,1,1212.45,1212.45,761.57,450.88
TRX-10010,2025-08-03,Latin America,Smartphone,5,768.42,3842.11,2558.39,1283.72
TRX-10011,2025-11-27,North America,Laptop,13,1208.72,15713.39,10314.41,5398.97
TRX-10012,2026-04-04,Latin America,Smartphone,1,800.05,800.05,501.27,298.78
TRX-10013,2025-03-29,Europe,Accessories,1,51.78,51.78,19.23,32.55
TRX-10014,2026-01-08,Asia Pacific,Smartphone,11,802.46,8827.01,5770.44,3056.57
TRX-10015,2025-04-10,Asia Pacific,Laptop,5,1170.63,5853.14,3920.99,1932.15
TRX-10016,2026-10-26,Europe,Accessories,5,50.88,254.39,101.35,153.04
TRX-10017,2025-05-11,North America,Laptop,7,1205.11,8435.76,5645.49,2790.27
TRX-10018,2026-10-24,Latin America,Smartphone,2,778.64,1557.29,1028.51,528.78
TRX-10019,2025-11-05,Europe,Tablet,6,402.95,2417.67,1469.08,948.6
TRX-10020,2025-12-10,North America,Monitor,2,309.65,619.29,410.24,209.06
TRX-10021,2026-05-07,Latin America,Laptop,13,1143.43,14864.57,10277.8,4586.77
TRX-10022,2026-02-18,Latin America,Smartphone,10,810.47,8104.68,4955.58,3149.1
TRX-10023,2026-01-21,Europe,Accessories,5,49.25,246.24,101.73,144.51
TRX-10024,2025-07-11,Latin America,Laptop,4,1175.12,4700.48,3290.97,1409.51
TRX-10025,2025-10-04,Asia Pacific,Laptop,11,1187.11,13058.22,8946.84,4111.37
TRX-10026,2025-06-10,Asia Pacific,Monitor,10,295.26,2952.61,2079.98,872.63
TRX-10027,2026-04-05,Latin America,Smartphone,5,826.58,4132.9,2446.29,1686.61
TRX-10028,2025-11-10,Europe,Tablet,2,390.99,781.98,520.03,261.95
TRX-10029,2025-01-22,Latin America,Accessories,8,51.17,409.33,154.09,255.23
TRX-10030,2025-09-10,Europe,Smartphone,8,767.52,6140.2,4063.81,2076.39
TRX-10031,2026-07-15,Europe,Accessories,6,52.26,313.54,120.57,192.97
TRX-10032,2026-04-20,Asia Pacific,Laptop,3,1214.68,3644.03,2398.71,1245.32
TRX-10033,2025-02-28,Asia Pacific,Monitor,4,306.2,1224.81,784.87,439.93
TRX-10034,2026-05-26,North America,Monitor,1,293.94,293.94,200.07,93.87
TRX-10035,2026-11-13,Europe,Tablet,9,396.48,3568.35,2173.9,1394.46
TRX-10036,2026-04-21,Latin America,Monitor,10,291.71,2917.13,1973.86,943.27
TRX-10037,2026-12-01,Europe,Laptop,5,1251.9,6259.52,3839.47,2420.05
TRX-10038,2025-07-09,Asia Pacific,Tablet,14,399.52,5593.34,3525.15,2068.19
TRX-10039,2026-11-18,Europe,Smartphone,8,810.44,6483.49,3838.31,2645.18
TRX-10040,2026-07-17,North America,Monitor,3,307.03,921.08,579.62,341.46
TRX-10041,2026-07-21,Latin America,Tablet,4,394.84,1579.38,958.55,620.83
TRX-10042,2025-09-01,Europe,Laptop,4,1226.41,4905.65,3162.02,1743.63
TRX-10043,2026-05-20,Latin America,Accessories,8,50.88,407.04,165.47,241.57
TRX-10044,2025-05-11,Latin America,Accessories,12,51.03,612.34,249.77,362.57
TRX-10045,2026-04-30,Asia Pacific,Laptop,9,1198.71,10788.37,6891.76,3896.61
TRX-10046,2026-10-09,Europe,Laptop,3,1185.95,3557.86,2432.29,1125.57
TRX-10047,2025-01-21,Latin America,Accessories,7,48.61,340.27,142.58,197.69
TRX-10048,2025-06-16,Asia Pacific,Tablet,9,412.99,3716.87,2257.6,1459.27
TRX-10049,2025-10-01,North America,Accessories,2,50.54,101.08,40.67,60.42
TRX-10050,2026-01-23,North America,Laptop,4,1193.32,4773.29,3114.78,1658.51
TRX-10051,2026-08-24,Europe,Monitor,3,313.32,939.96,599.38,340.58
TRX-10052,2025-11-12,Latin America,Smartphone,8,763.83,6110.62,3956.35,2154.27
TRX-10053,2025-01-14,Europe,Monitor,4,310.51,1242.02,767.18,474.84
TRX-10054,2025-08-30,Latin America,Monitor,9,314.93,2834.35,1822.6,1011.75
TRX-10055,2025-12-12,Asia Pacific,Laptop,1,1246.43,1246.43,799.62,446.82
TRX-10056,2026-07-19,North America,Accessories,1,51.55,51.55,19.55,32.0
TRX-10057,2025-12-06,North America,Tablet,4,394.97,1579.89,997.37,582.52
TRX-10058,2025-04-02,North America,Monitor,3,291.94,875.82,616.52,259.3
TRX-10059,2026-01-02,North America,Accessories,3,51.17,153.52,61.81,91.71
TRX-10060,2026-03-31,Europe,Tablet,10,392.18,3921.83,2537.38,1384.45
TRX-10061,2026-03-04,Latin America,Monitor,12,290.28,3483.37,2392.26,1091.11
TRX-10062,2026-05-24,Europe,Tablet,2,411.46,822.92,503.79,319.13
TRX-10063,2025-02-04,Asia Pacific,Accessories,14,49.06,686.88,276.78,410.1
TRX-10064,2025-07-25,North America,Smartphone,10,833.16,8331.55,4813.28,3518.28
TRX-10065,2025-03-22,Latin America,Accessories,10,51.7,517.03,197.71,319.32
TRX-10066,2026-07-16,Europe,Laptop,2,1241.72,2483.43,1604.85,878.58
TRX-10067,2026-01-23,Latin America,Tablet,8,410.86,3286.9,2019.77,1267.14
TRX-10068,2025-01-02,Europe,Smartphone,1,830.47,830.47,521.79,308.68
TRX-10069,2026-01-25,Latin America,Tablet,14,412.23,5771.22,3597.07,2174.15
TRX-10070,2026-07-20,Latin America,Tablet,8,404.1,3232.8,1930.4,1302.41
TRX-10071,2025-04-16,North America,Monitor,10,293.87,2938.75,1934.84,1003.91
TRX-10072,2026-04-22,Europe,Laptop,3,1246.59,3739.76,2304.12,1435.64
TRX-10073,2026-12-04,Asia Pacific,Tablet,2,413.62,827.25,511.91,315.34
TRX-10074,2026-02-06,Latin America,Accessories,9,49.86,448.78,183.71,265.07
TRX-10075,2026-12-31,Asia Pacific,Accessories,5,47.7,238.48,104.86,133.61
TRX-10076,2026-07-10,North America,Monitor,14,304.16,4258.19,2806.17,1452.02
TRX-10077,2025-06-11,Asia Pacific,Laptop,5,1146.07,5730.36,4130.57,1599.79
TRX-10078,2025-07-21,Latin America,Laptop,13,1251.15,16265.0,10479.5,5785.5
TRX-10079,2025-09-27,Latin America,Accessories,6,52.31,313.85,124.49,189.36
TRX-10080,2025-09-28,Latin America,Smartphone,4,775.16,3100.64,2044.2,1056.43
TRX-10081,2026-04-01,Europe,Monitor,7,305.29,2137.04,1420.0,717.04
TRX-10082,2026-04-07,Asia Pacific,Monitor,7,287.77,2014.38,1409.12,605.26
TRX-10083,2026-12-28,Europe,Accessories,11,51.15,562.62,224.91,337.72
TRX-10084,2025-09-09,Latin America,Accessories,9,49.24,443.13,178.55,264.57
TRX-10085,2026-12-03,Latin America,Smartphone,6,814.48,4886.9,2878.97,2007.93
TRX-10086,2025-10-23,North America,Smartphone,13,789.83,10267.79,6200.99,4066.8
TRX-10087,2026-12-26,North America,Laptop,1,1157.47,1157.47,798.32,359.15
TRX-10088,2026-12-21,Latin America,Monitor,9,297.18,2674.65,1817.87,856.78
TRX-10089,2025-12-04,Europe,Monitor,12,288.38,3460.56,2298.92,1161.64
TRX-10090,2025-02-22,Europe,Accessories,13,50.38,655.0,254.46,400.54
TRX-10091,2025-08-05,Latin America,Laptop,10,1144.91,11449.14,7857.63,3591.52
TRX-10092,2025-07-07,Asia Pacific,Monitor,9,300.82,2707.38,1811.3,896.07
TRX-10093,2026-01-15,Europe,Laptop,5,1246.36,6231.82,3911.39,2320.43
TRX-10094,2026-05-08,Latin America,Laptop,7,1240.54,8683.81,5373.56,3310.25
TRX-10095,2025-02-10,North America,Accessories,1,51.91,51.91,19.33,32.58
TRX-10096,2025-06-06,Latin America,Laptop,4,1250.65,5002.58,3095.66,1906.92
TRX-10097,2025-01-15,Europe,Smartphone,12,768.36,9220.35,6205.62,3014.73
TRX-10098,2025-03-06,Latin America,Smartphone,10,770.3,7703.0,4892.16,2810.84
TRX-10099,2026-06-05,Asia Pacific,Tablet,4,402.28,1609.12,1021.47,587.65
TRX-10100,2025-12-10,Asia Pacific,Accessories,5,51.97,259.85,100.68,159.17
TRX-10101,2025-05-09,Europe,Tablet,6,418.97,2513.84,1571.56,942.29
TRX-10102,2026-10-10,Latin America,Smartphone,4,763.7,3054.8,1954.56,1100.24
TRX-10103,2026-04-17,Asia Pacific,Tablet,6,394.23,2365.39,1448.76,916.63
TRX-10104,2025-03-04,Asia Pacific,Accessories,10,48.56,485.64,191.04,294.6
TRX-10105,2025-05-19,North America,Accessories,7,51.28,358.96,136.37,222.59
TRX-10106,2026-05-14,Europe,Laptop,3,1216.82,3650.47,2444.18,1206.29
TRX-10107,2026-08-16,North America,Monitor,9,288.6,2597.37,1725.35,872.02
TRX-10108,2026-01-27,North America,Laptop,8,1198.02,9584.18,6236.61,3347.57
TRX-10109,2026-11-06,Asia Pacific,Accessories,1,50.93,50.93,20.71,30.22
TRX-10110,2026-02-23,Latin America,Smartphone,13,822.32,10690.17,6553.92,4136.25
TRX-10111,2025-10-16,North America,Smartphone,2,761.6,1523.21,956.95,566.26
TRX-10112,2026-01-14,Europe,Laptop,2,1246.86,2493.71,1527.63,966.08
TRX-10113,2026-05-05,Europe,Accessories,10,50.35,503.46,191.22,312.24
TRX-10114,2025-08-19,Latin America,Smartphone,9,824.95,7424.57,4698.84,2725.73
TRX-10115,2025-02-10,Europe,Accessories,12,51.54,618.48,248.4,370.08
TRX-10116,2025-01-28,North America,Smartphone,9,775.19,6976.69,4655.22,2321.47
TRX-10117,2025-05-15,Latin America,Accessories,9,48.05,432.46,187.64,244.82
TRX-10118,2025-07-20,Europe,Tablet,1,408.85,408.85,250.13,158.72
TRX-10119,2025-02-02,Europe,Accessories,7,48.28,337.97,136.46,201.51
TRX-10120,2025-02-17,North America,Accessories,12,51.75,621.0,237.63,383.36
TRX-10121,2026-05-18,North America,Laptop,11,1227.14,13498.57,8992.6,4505.97
TRX-10122,2026-02-11,North America,Tablet,13,413.67,5377.75,3372.21,2005.54
TRX-10123,2026-07-28,North America,Monitor,3,293.97,881.91,596.11,285.81
TRX-10124,2026-12-29,Latin America,Laptop,11,1177.99,12957.91,8831.14,4126.77
TRX-10125,2025-04-09,Latin America,Monitor,9,305.14,2746.23,1877.72,868.51
TRX-10126,2026-11-15,Latin America,Smartphone,8,762.52,6100.13,3843.0,2257.13
TRX-10127,2026-12-27,Asia Pacific,Monitor,3,306.79,920.38,621.74,298.65
TRX-10128,2026-07-01,North America,Accessories,1,51.68,51.68,19.32,32.36
TRX-10129,2026-09-05,North America,Monitor,9,297.45,2677.09,1797.1,880.0
TRX-10130,2026-04-07,Latin America,Laptop,13,1231.79,16013.21,10107.16,5906.05
TRX-10131,2026-10-05,Europe,Laptop,10,1160.95,11609.53,8082.36,3527.17
TRX-10132,2025-01-05,Europe,Monitor,1,294.67,294.67,201.17,93.5
TRX-10133,2025-08-06,North America,Laptop,3,1256.92,3770.75,2371.2,1399.55
TRX-10134,2026-05-18,North America,Laptop,13,1258.36,16358.67,10777.84,5580.84
TRX-10135,2026-02-02,Latin America,Monitor,6,300.38,1802.27,1219.18,583.09
TRX-10136,2026-01-28,North America,Tablet,6,417.37,2504.22,1533.18,971.04
TRX-10137,2025-07-26,Europe,Tablet,14,400.91,5612.73,3377.73,2235.0
TRX-10138,2025-01-15,Europe,Smartphone,11,783.33,8616.6,5710.74,2905.86
TRX-10139,2026-07-08,North America,Laptop,10,1172.03,11720.28,7733.63,3986.65
TRX-10140,2026-04-06,Latin America,Monitor,4,312.89,1251.54,777.82,473.72
TRX-10141,2026-11-22,Latin America,Laptop,2,1160.69,2321.39,1540.49,780.9
TRX-10142,2026-07-29,Europe,Accessories,13,50.4,655.18,258.45,396.73
TRX-10143,2025-08-29,Latin America,Laptop,10,1206.66,12066.63,8310.17,3756.46
TRX-10144,2026-07-18,Europe,Laptop,6,1228.75,7372.53,4681.17,2691.35
TRX-10145,2025-04-06,North America,Tablet,10,399.97,3999.7,2468.44,1531.26
TRX-10146,2026-04-30,Europe,Monitor,5,293.17,1465.84,1034.61,431.24
TRX-10147,2026-02-11,North America,Laptop,13,1160.33,15084.26,10522.53,4561.73
TRX-10148,2025-08-19,Latin America,Tablet,6,404.83,2429.0,1537.74,891.25
TRX-10149,2026-10-17,Asia Pacific,Smartphone,7,817.52,5722.63,3399.9,2322.73
TRX-10150,2025-06-20,Asia Pacific,Tablet,11,402.78,4430.59,2809.53,1621.05
TRX-10151,2026-06-25,Asia Pacific,Tablet,9,409.53,3685.81,2188.71,1497.09
TRX-10152,2025-02-05,Europe,Tablet,12,385.66,4627.93,3146.19,1481.74
TRX-10153,2026-06-09,Asia Pacific,Laptop,12,1245.9,14950.76,9657.49,5293.27
TRX-10154,2025-06-09,Europe,Laptop,14,1209.89,16938.42,11419.12,5519.31
TRX-10155,2026-11-30,Latin America,Smartphone,7,770.15,5391.03,3366.44,2024.59
TRX-10156,2025-08-31,North America,Accessories,4,49.81,199.24,78.01,121.23
TRX-10157,2025-03-27,Asia Pacific,Accessories,10,51.72,517.24,192.79,324.44
TRX-10158,2026-08-01,Europe,Accessories,5,51.99,259.94,98.9,161.04
TRX-10159,2026-11-13,Latin America,Smartphone,13,781.17,10155.24,6359.69,3795.55
TRX-10160,2026-07-11,Latin America,Accessories,6,51.06,306.34,122.8,183.54
TRX-10161,2026-07-28,Asia Pacific,Accessories,13,48.0,624.0,249.83,374.17
TRX-10162,2026-10-08,Latin America,Tablet,9,381.34,3432.08,2306.71,1125.36
TRX-10163,2025-01-28,Latin America,Laptop,5,1207.25,6036.24,3818.28,2217.96
TRX-10164,2026-09-12,Latin America,Laptop,5,1223.38,6116.9,3880.81,2236.09
TRX-10165,2026-07-10,Europe,Tablet,7,411.83,2882.82,1801.09,1081.73
TRX-10166,2025-12-06,Latin America,Tablet,2,393.61,787.22,512.14,275.08
TRX-10167,2025-11-27,Latin America,Tablet,3,380.26,1140.78,748.22,392.56
TRX-10168,2026-10-02,Latin America,Laptop,12,1197.54,14370.51,9167.98,5202.52
TRX-10169,2026-05-21,Latin America,Accessories,2,47.58,95.16,40.44,54.72
TRX-10170,2025-12-14,Latin America,Tablet,10,383.68,3836.79,2476.68,1360.11
TRX-10171,2026-04-18,Europe,Smartphone,10,786.14,7861.35,4908.26,2953.09
TRX-10172,2025-08-19,Latin America,Tablet,12,397.49,4769.84,3042.12,1727.72
TRX-10173,2025-07-09,Latin America,Monitor,14,293.38,4107.38,2782.25,1325.13
TRX-10174,2025-08-13,North America,Tablet,2,403.27,806.55,479.62,326.93
TRX-10175,2026-01-20,Latin America,Laptop,3,1146.64,3439.93,2499.83,940.1
TRX-10176,2026-01-12,,Tablet,6,385.78,2314.7,1541.77,772.93
TRX-10177,2025-10-10,Europe,Monitor,5,305.86,1529.29,955.64,573.65
TRX-10178,2026-09-25,Latin America,Smartphone,11,771.37,8485.08,5513.79,2971.3
TRX-10179,2026-09-20,Europe,Accessories,14,50.7,709.78,268.33,441.45
TRX-10180,2025-09-16,Asia Pacific,Tablet,13,382.19,4968.44,3359.62,1608.82
TRX-10181,2025-12-25,Latin America,Monitor,5,297.22,1486.11,1011.3,474.81
TRX-10182,2026-12-11,North America,Monitor,2,290.32,580.64,386.9,193.75
TRX-10183,2026-04-01,Europe,Smartphone,2,768.77,1537.54,952.07,585.47
TRX-10184,2026-02-15,Asia Pacific,Laptop,12,1208.04,14496.53,9150.32,5346.21
TRX-10185,2026-10-11,North America,Tablet,1,417.13,417.13,250.18,166.95
TRX-10186,2025-11-14,Europe,Monitor,3,286.64,859.93,614.06,245.87
TRX-10187,2026-11-08,Asia Pacific,Smartphone,12,793.72,9524.69,5772.5,3752.19
TRX-10188,2025-08-13,North America,Accessories,12,51.04,612.45,233.31,379.14
TRX-10189,2025-08-22,Latin America,Monitor,11,298.88,3287.69,2162.0,1125.69
TRX-10190,2026-11-15,North America,Smartphone,14,824.52,11543.28,6802.65,4740.62
TRX-10191,2026-10-26,North America,Laptop,7,1161.56,8130.9,5539.15,2591.75
TRX-10192,2026-01-09,North America,Laptop,11,1255.15,13806.66,8852.46,4954.2
TRX-10193,2026-11-03,Europe,Monitor,5,296.55,1482.77,1018.49,464.28
TRX-10194,2026-08-31,Latin America,Monitor,7,295.25,2066.73,1464.93,601.8
TRX-10195,2026-04-17,Latin America,Tablet,9,414.98,3734.86,2346.94,1387.92
TRX-10196,2025-08-21,Europe,Smartphone,6,805.11,4830.66,3021.04,1809.62
TRX-10197,2026-11-23,North America,Monitor,2,300.49,600.99,409.37,191.62
TRX-10198,2025-04-23,Latin America,Tablet,1,409.08,409.08,261.27,147.81
TRX-10199,2026-05-12,North America,Tablet,1,403.19,403.19,239.59,163.61
TRX-10200,2026-03-18,Latin America,Monitor,10,289.88,2898.75,1901.13,997.63
TRX-10201,2026-07-18,Europe,Laptop,9,1220.9,10988.13,6861.46,4126.68
TRX-10202,2025-09-25,Asia Pacific,Smartphone,14,770.68,10789.49,7044.34,3745.14
TRX-10203,2026-05-25,North America,Smartphone,6,824.47,4946.81,3078.85,1867.96
TRX-10204,2026-01-21,Latin America,Laptop,6,1258.77,7552.61,4736.2,2816.41
TRX-10205,2026-01-22,Latin America,Monitor,4,296.32,1185.29,803.62,381.67
TRX-10206,2025-04-23,Latin America,Smartphone,12,795.58,9546.97,6009.82,3537.15
TRX-10207,2026-09-05,Europe,Monitor,14,286.39,4009.5,2686.54,1322.97
TRX-10208,2026-09-17,Europe,Monitor,2,285.41,570.82,392.86,177.96
TRX-10209,2025-03-22,Asia Pacific,Tablet,10,416.86,4168.57,2379.86,1788.71
TRX-10210,2026-11-30,Europe,Laptop,3,1155.43,3466.3,2306.57,1159.74
TRX-10211,2025-04-23,North America,Monitor,3,298.37,895.12,618.71,276.41
TRX-10212,2025-01-02,Europe,Accessories,8,51.58,412.61,165.27,247.34
TRX-10213,2026-10-04,Latin America,Laptop,6,1246.72,7480.31,4944.93,2535.38
TRX-10214,2025-08-08,North America,Smartphone,7,801.55,5610.86,3579.39,2031.48
TRX-10215,2026-07-20,Europe,Tablet,9,402.6,3623.41,2316.0,1307.42
TRX-10216,2025-08-13,North America,Smartphone,1,813.57,813.57,508.55,305.03
TRX-10217,2026-01-20,North America,Smartphone,2,836.91,1673.82,1016.98,656.84
TRX-10218,2026-02-07,Europe,Laptop,9,1212.32,10910.88,7320.5,3590.38
TRX-10219,2026-09-30,North America,Smartphone,5,804.76,4023.79,2503.51,1520.28
TRX-10220,2025-05-10,Latin America,Monitor,4,285.44,1141.74,789.07,352.68
TRX-10221,2025-02-22,Latin America,Smartphone,1,766.48,766.48,511.51,254.97
TRX-10222,2026-11-15,Europe,Tablet,9,403.09,3627.78,2204.7,1423.09
TRX-10223,2026-12-31,Europe,Tablet,11,417.45,4591.95,2761.8,1830.15
TRX-10224,2026-11-03,Latin America,Accessories,13,51.83,673.83,258.27,415.57
TRX-10225,2026-12-11,Europe,Tablet,9,419.3,3773.73,2199.74,1573.99
TRX-10226,2026-02-20,Latin America,Smartphone,4,802.23,3208.91,2094.94,1113.97
TRX-10227,2025-09-04,North America,Tablet,9,411.52,3703.66,2195.72,1507.94
TRX-10228,2026-03-15,Europe,Laptop,10,1240.85,12408.48,7847.43,4561.05
TRX-10229,2025-07-22,Asia Pacific,Tablet,13,405.92,5276.98,3140.02,2136.96
TRX-10230,2025-07-03,Latin America,Monitor,1,295.16,295.16,206.46,88.7
TRX-10231,2025-05-03,Latin America,Laptop,5,1196.4,5981.99,4034.64,1947.35
TRX-10232,2026-02-05,North America,Accessories,1,51.79,51.79,20.23,31.56
TRX-10233,2025-10-21,Asia Pacific,Monitor,4,293.96,1175.83,825.64,350.18
TRX-10234,2025-10-07,Asia Pacific,Smartphone,12,833.9,10006.79,5905.75,4101.04
TRX-10235,2026-09-02,Asia Pacific,Smartphone,5,778.38,3891.92,2423.41,1468.51
TRX-10236,2025-07-17,Latin America,Smartphone,14,819.96,11479.46,6788.88,4690.57
TRX-10237,2026-05-26,Latin America,Monitor,11,303.92,3343.08,2251.18,1091.91
TRX-10238,2025-05-24,Asia Pacific,Monitor,3,307.49,922.46,606.85,315.62
TRX-10239,2026-09-01,Europe,Monitor,2,298.12,596.24,388.25,207.99
TRX-10240,2025-07-20,Asia Pacific,Laptop,6,1251.92,7511.5,4629.63,2881.87
TRX-10241,2025-05-04,North America,Laptop,11,1215.9,13374.86,8466.2,4908.66
TRX-10242,2025-07-06,Asia Pacific,Smartphone,13,783.06,10179.83,6583.07,3596.76
TRX-10243,2025-11-22,Asia Pacific,Tablet,3,405.54,1216.61,712.51,504.11
TRX-10244,2026-04-09,Asia Pacific,Smartphone,10,782.95,7829.45,4759.16,3070.29
TRX-10245,2025-12-15,Europe,Accessories,1,48.97,48.97,19.78,29.19
TRX-10246,2026-10-22,Asia Pacific,Laptop,11,1187.95,13067.47,8968.39,4099.08
TRX-10247,2026-02-07,Asia Pacific,Monitor,13,310.57,4037.45,2650.71,1386.74
TRX-10248,2025-12-12,Latin America,Laptop,5,1200.04,6000.18,3972.05,2028.13
TRX-10249,2026-05-26,Asia Pacific,Monitor,2,305.37,610.73,407.64,203.09
TRX-10250,2025-05-27,North America,Accessories,2,49.46,98.92,40.08,58.84
TRX-10251,2025-05-28,Latin America,Accessories,4,48.82,195.27,83.82,111.46
TRX-10252,2026-12-12,Europe,Laptop,4,1254.56,5018.23,3091.99,1926.24
TRX-10253,2026-05-04,Latin America,Monitor,4,303.11,1212.43,808.05,404.38
TRX-10254,2026-10-02,Europe,Accessories,7,52.17,365.19,139.88,225.31
TRX-10255,2026-07-05,Europe,Smartphone,1,776.27,776.27,484.72,291.55
TRX-10256,2025-12-04,North America,Smartphone,13,771.75,10032.77,6662.49,3370.28
TRX-10257,2026-10-03,Asia Pacific,Monitor,8,310.67,2485.4,1564.08,921.32
TRX-10258,2026-04-18,North America,Laptop,12,1221.71,14660.52,9486.44,5174.08
TRX-10259,2025-05-31,Latin America,Accessories,13,48.43,629.63,256.75,372.88
TRX-10260,2026-02-19,Europe,Laptop,10,1172.32,11723.23,7795.36,3927.87
TRX-10261,2025-10-25,Latin America,Smartphone,9,824.05,7416.48,4468.82,2947.66
TRX-10262,2026-09-03,Europe,Accessories,10,49.77,497.69,199.47,298.23
TRX-10263,2025-09-20,Latin America,Laptop,13,1220.46,15866.04,10653.99,5212.05
TRX-10264,2025-05-24,Europe,Tablet,14,392.73,5498.28,3592.77,1905.5
TRX-10265,2025-12-12,North America,Monitor,6,296.44,1778.62,1159.03,619.59
TRX-10266,2026-09-16,Europe,Monitor,4,314.72,1258.89,807.42,451.46
TRX-10267,2026-07-26,Asia Pacific,Tablet,6,389.9,2339.43,1559.43,780.0
TRX-10268,2025-01-02,North America,Smartphone,10,800.52,8005.17,4804.39,3200.77
TRX-10269,2025-10-31,Asia Pacific,Accessories,7,51.72,362.05,139.62,222.43
TRX-10270,2025-09-11,Latin America,Monitor,6,292.18,1753.06,1230.04,523.02
TRX-10271,2026-10-14,Latin America,Tablet,11,396.61,4362.69,2780.66,1582.03
TRX-10272,2026-03-29,Europe,Tablet,1,404.6,404.6,240.01,164.59
TRX-10273,2025-02-06,Europe,Smartphone,5,798.5,3992.48,2474.15,1518.32
TRX-10274,2025-06-09,Latin America,Smartphone,8,796.76,6374.08,4002.9,2371.19
TRX-10275,2025-01-09,North America,Laptop,8,1183.5,9468.01,6717.34,2750.67
TRX-10276,2025-08-21,Asia Pacific,Monitor,12,302.6,3631.19,2322.87,1308.33
TRX-10277,2025-04-09,Latin America,Laptop,10,1214.92,12149.25,8385.94,3763.31
TRX-10278,2026-10-21,North America,Tablet,9,406.13,3655.18,2222.13,1433.05
TRX-10279,2025-07-27,Asia Pacific,Accessories,4,47.85,191.41,77.6,113.8
TRX-10280,2025-05-11,Europe,Accessories,10,50.66,506.55,198.28,308.27
TRX-10281,2026-02-08,North America,Smartphone,6,836.26,5017.55,3034.2,1983.36
TRX-10282,2025-06-01,North America,Accessories,7,50.2,351.43,135.99,215.45
TRX-10283,2025-02-23,Latin America,Accessories,5,51.08,255.38,97.91,157.47
TRX-10284,2025-04-30,Asia Pacific,Accessories,11,50.28,553.12,227.8,325.32
TRX-10285,2026-11-04,Latin America,Tablet,8,414.19,3313.52,2099.8,1213.72
TRX-10286,2026-09-20,Europe,Accessories,3,52.15,156.44,58.91,97.53
TRX-10287,2026-08-10,Europe,Accessories,8,48.42,387.37,154.38,232.99
TRX-10288,2026-09-17,Asia Pacific,Accessories,14,49.68,695.58,288.21,407.37
TRX-10289,2026-02-24,Asia Pacific,Laptop,5,1187.09,5935.43,4040.18,1895.25
TRX-10290,2026-02-26,Asia Pacific,Tablet,1,396.21,396.21,240.01,156.2
TRX-10291,2025-04-14,Latin America,Smartphone,13,770.04,10010.55,6790.4,3220.14
TRX-10292,2025-09-11,Asia Pacific,Laptop,6,1237.63,7425.8,4597.46,2828.34
TRX-10293,2025-08-15,Asia Pacific,Monitor,2,286.07,572.15,405.01,167.13
TRX-10294,2025-04-22,Latin America,Tablet,7,401.13,2807.9,1736.69,1071.21
TRX-10295,2026-05-25,Europe,Tablet,9,406.48,3658.28,2262.74,1395.54
TRX-10296,2026-04-18,Europe,Monitor,3,291.22,873.67,582.79,290.88
TRX-10297,2025-04-09,North America,Monitor,14,312.18,4370.46,2852.67,1517.79
TRX-10298,2025-06-02,Europe,Monitor,10,310.16,3101.56,2091.94,1009.62
TRX-10299,2025-12-04,Asia Pacific,Smartphone,14,797.69,11167.61,6970.9,4196.72
TRX-10300,2026-12-07,Europe,Accessories,4,49.56,198.22,80.18,118.04
TRX-10301,2025-06-12,Latin America,Tablet,4,389.46,1557.85,973.98,583.87
TRX-10302,2026-12-21,Europe,Accessories,4,51.15,204.6,83.13,121.46
TRX-10303,2026-11-12,Europe,Accessories,3,48.16,144.48,62.83,81.65
TRX-10304,2025-06-10,North America,Monitor,5,305.41,1527.04,1028.63,498.41
TRX-10305,2026-08-03,North America,Smartphone,9,827.4,7446.57,4519.25,2927.32
TRX-10306,2026-02-02,Asia Pacific,Laptop,11,1167.42,12841.58,9201.98,3639.6
TRX-10307,2025-10-04,Latin America,Smartphone,8,829.31,6634.51,3861.54,2772.97
TRX-10308,2026-05-19,Asia Pacific,Accessories,10,47.67,476.67,199.57,277.1
TRX-10309,2026-01-27,Latin America,Smartphone,2,833.02,1666.05,1003.76,662.29
TRX-10310,2025-05-15,Latin America,Monitor,12,288.55,3462.61,2398.06,1064.55
TRX-10311,2025-07-14,North America,Laptop,9,1217.49,10957.42,7417.74,3539.68
TRX-10312,2026-02-05,Europe,Monitor,12,292.5,3510.03,2440.9,1069.13
TRX-10313,2026-10-02,Europe,Laptop,10,1240.39,12403.86,7701.33,4702.54
TRX-10314,2025-02-02,North America,Accessories,2,50.06,100.12,39.39,60.74
TRX-10315,2026-11-19,Asia Pacific,Laptop,7,1156.23,8093.6,5509.88,2583.72
TRX-10316,2026-04-05,Europe,Laptop,5,1208.52,6042.59,4026.25,2016.34
TRX-10317,2026-04-15,Asia Pacific,Laptop,13,1188.95,15456.3,10183.12,5273.18
TRX-10318,2026-01-10,Europe,Smartphone,7,812.92,5690.41,3366.05,2324.37
TRX-10319,2025-01-22,Asia Pacific,Smartphone,5,830.55,4152.76,2538.42,1614.34
TRX-10320,2026-11-01,Latin America,Accessories,12,49.55,594.56,248.42,346.14
TRX-10321,2025-02-07,Latin America,Laptop,6,1174.79,7048.71,5007.17,2041.54
TRX-10322,2025-08-18,Europe,Tablet,8,380.58,3044.64,2094.52,950.13
TRX-10323,2025-12-31,Asia Pacific,Accessories,1,50.37,50.37,20.56,29.81
TRX-10324,2026-07-17,Asia Pacific,Laptop,13,1188.27,15447.55,10025.29,5422.26
TRX-10325,2026-03-14,Latin America,Laptop,11,1184.96,13034.54,9110.74,3923.8
TRX-10326,2025-10-10,Asia Pacific,Smartphone,13,774.63,10070.25,6434.97,3635.28
TRX-10327,2025-01-27,North America,Accessories,12,49.65,595.8,245.52,350.29
TRX-10328,2025-08-14,Asia Pacific,Laptop,1,1258.13,1258.13,802.5,455.63
TRX-10329,2025-10-04,Latin America,Laptop,5,1175.73,5878.65,4131.44,1747.21
TRX-10330,2026-09-01,North America,Accessories,1,50.5,50.5,19.85,30.65
TRX-10331,2025-10-11,North America,Tablet,3,411.06,1233.18,717.13,516.04
TRX-10332,2026-04-26,Asia Pacific,Accessories,10,51.25,512.46,201.14,311.32
TRX-10333,2026-03-29,Latin America,Accessories,9,49.14,442.29,174.08,268.21
TRX-10334,2026-10-21,Latin America,Tablet,14,404.43,5662.08,3662.93,1999.15
TRX-10335,2026-05-31,Latin America,Accessories,13,51.86,674.13,260.7,413.43
TRX-10336,2026-07-01,North America,Laptop,7,1141.85,7992.98,5629.99,2362.98
TRX-10337,2025-07-11,Latin America,Accessories,12,49.68,596.14,249.77,346.37
TRX-10338,2025-02-18,North America,Tablet,6,388.97,2333.83,1518.69,815.14
TRX-10339,2026-05-27,North America,Monitor,8,296.66,2373.27,1568.44,804.84
TRX-10340,2025-01-17,Europe,Accessories,8,49.58,396.64,156.74,239.9
TRX-10341,2025-06-21,Asia Pacific,Smartphone,6,819.73,4918.4,3000.47,1917.93
TRX-10342,2025-08-08,Latin America,Laptop,4,1151.26,4605.03,3317.31,1287.72
TRX-10343,2025-06-07,North America,Laptop,4,1201.51,4806.04,3294.31,1511.73
TRX-10344,2026-04-22,Asia Pacific,Smartphone,4,805.14,3220.54,2092.55,1127.99
TRX-10345,2025-02-15,North America,Smartphone,6,799.53,4797.2,2871.57,1925.63
TRX-10346,2026-01-08,Asia Pacific,Accessories,1,51.16,51.16,19.54,31.62
TRX-10347,2026-06-02,North America,Smartphone,12,790.7,9488.44,5748.12,3740.31
TRX-10348,2025-04-09,Latin America,Monitor,2,313.35,626.7,410.04,216.65
TRX-10349,2025-02-06,Europe,Tablet,6,399.27,2395.63,1446.13,949.51
TRX-10350,2025-10-07,Europe,Smartphone,14,805.7,11279.76,6719.92,4559.84
TRX-10351,2025-12-15,Europe,Smartphone,14,826.04,11564.59,7043.17,4521.42
TRX-10352,2026-05-12,North America,Monitor,11,293.26,3225.83,2180.53,1045.3
TRX-10353,2025-10-29,Asia Pacific,Laptop,1,1149.02,1149.02,817.21,331.82
TRX-10354,2025-06-30,Latin America,Laptop,9,1224.93,11024.41,7190.65,3833.76
TRX-10355,2026-08-30,Latin America,Accessories,12,49.92,598.98,238.21,360.77
TRX-10356,2025-04-09,North America,Monitor,6,311.9,1871.37,1191.06,680.31
TRX-10357,2026-12-01,Europe,Tablet,7,419.31,2935.15,1815.08,1120.07
TRX-10358,2025-04-26,North America,Tablet,14,395.96,5543.5,3463.33,2080.17
TRX-10359,2025-07-10,Asia Pacific,Monitor,12,297.46,3569.56,2360.02,1209.54
TRX-10360,2025-09-10,Europe,Tablet,1,396.32,396.32,245.96,150.36
TRX-10361,2025-06-10,North America,Laptop,8,1178.95,9431.57,6205.82,3225.75
TRX-10362,2025-09-13,Asia Pacific,Tablet,12,411.27,4935.21,3108.21,1827.0
TRX-10363,2025-11-19,Europe,Tablet,12,410.36,4924.32,2893.99,2030.33
TRX-10364,2025-05-08,Latin America,Monitor,12,299.36,3592.31,2498.07,1094.25
TRX-10365,2025-01-18,Asia Pacific,Monitor,12,286.34,3436.08,2348.03,1088.05
TRX-10366,2026-07-20,Latin America,Tablet,12,392.38,4708.59,3119.83,1588.76
TRX-10367,2026-07-24,Asia Pacific,Smartphone,5,783.38,3916.92,2572.71,1344.22
TRX-10368,2025-11-19,Europe,Monitor,5,309.33,1546.66,1008.2,538.46
TRX-10369,2026-11-17,North America,Accessories,14,47.94,671.13,284.75,386.39
TRX-10370,2026-09-18,North America,Accessories,6,51.53,309.17,117.91,191.26
TRX-10371,2025-10-15,North America,Laptop,7,1220.3,8542.11,5641.57,2900.55
TRX-10372,2026-10-25,North America,Tablet,7,409.3,2865.08,1713.67,1151.41
TRX-10373,2026-10-01,Asia Pacific,Smartphone,5,794.58,3972.89,2475.57,1497.32
TRX-10374,2025-06-04,North America,Laptop,1,1221.57,1221.57,821.17,400.39
TRX-10375,2026-05-05,North America,Tablet,11,404.36,4447.97,2679.58,1768.39
TRX-10376,2026-01-21,Asia Pacific,Monitor,9,308.07,2772.62,1860.99,911.63
TRX-10377,2025-04-14,Asia Pacific,Accessories,6,49.73,298.4,118.51,179.89
TRX-10378,2026-01-28,Europe,Smartphone,13,797.83,10371.74,6520.91,3850.83
TRX-10379,2025-09-03,Asia Pacific,Accessories,9,50.72,456.46,187.96,268.51
TRX-10380,2025-06-25,Latin America,Monitor,11,288.24,3170.67,2239.88,930.79
TRX-10381,2025-02-08,Europe,Tablet,4,397.45,1589.8,1014.56,575.24
TRX-10382,2026-04-22,Europe,Monitor,2,314.16,628.32,408.46,219.85
TRX-10383,2026-11-13,North America,Monitor,13,286.13,3719.65,2708.71,1010.94
TRX-10384,2026-06-22,North America,Accessories,13,49.08,638.04,253.46,384.58
TRX-10385,2026-02-12,Latin America,Smartphone,3,785.13,2355.39,1516.99,838.4
TRX-10386,2026-06-09,North America,Monitor,12,304.0,3648.05,2376.09,1271.95
TRX-10387,2026-05-21,Asia Pacific,Accessories,4,48.03,192.12,76.09,116.02
TRX-10388,2025-02-05,Asia Pacific,Smartphone,10,810.28,8102.84,4812.65,3290.18
TRX-10389,2026-11-16,North America,Tablet,12,383.8,4605.62,2947.5,1658.12
TRX-10390,2025-01-20,North America,Tablet,8,383.8,3070.39,2013.0,1057.39
TRX-10391,2025-11-17,Asia Pacific,Laptop,3,1227.38,3682.15,2491.55,1190.59
TRX-10392,2026-05-27,Europe,Accessories,8,49.12,392.97,164.66,228.31
TRX-10393,2026-02-04,Latin America,Smartphone,6,838.19,5029.16,3016.0,2013.16
TRX-10394,2026-10-16,Latin America,Monitor,4,286.12,1144.48,765.91,378.57
TRX-10395,2026-04-16,Europe,Tablet,14,397.8,5569.26,3425.07,2144.19
TRX-10396,2025-05-23,Latin America,Smartphone,7,769.05,5383.36,3453.35,1930.01
TRX-10397,2025-04-02,North America,Accessories,14,49.26,689.6,283.41,406.19
TRX-10398,2025-12-20,North America,Laptop,11,1259.79,13857.65,8417.13,5440.52
TRX-10399,2026-12-28,North America,Tablet,13,415.55,5402.2,3259.81,2142.39
TRX-10400,2025-02-20,Latin America,Smartphone,5,763.87,3819.33,2600.37,1218.96
TRX-10401,2026-10-27,Europe,Smartphone,5,805.06,4025.3,2551.36,1473.94
TRX-10402,2026-11-29,North America,Smartphone,9,811.83,7306.43,4633.68,2672.75
TRX-10403,2026-07-29,Europe,Accessories,13,48.55,631.12,264.72,366.4
TRX-10404,2025-07-09,Asia Pacific,Accessories,3,48.23,144.68,58.24,86.44
TRX-10405,2025-05-05,Asia Pacific,Accessories,10,52.02,520.22,192.21,328.01
TRX-10406,2025-05-30,Asia Pacific,Monitor,4,314.06,1256.26,826.36,429.9
TRX-10407,2025-11-10,Latin America,Smartphone,5,839.35,4196.76,2548.88,1647.88
TRX-10408,2026-07-24,Latin America,Tablet,1,411.59,411.59,251.88,159.71
TRX-10409,2025-12-08,North America,Accessories,7,50.82,355.72,135.65,220.07
TRX-10410,2025-11-01,Asia Pacific,Accessories,8,49.23,393.83,161.65,232.18
TRX-10411,2026-11-23,Europe,Smartphone,6,773.71,4642.27,2859.4,1782.87
TRX-10412,2026-11-13,Latin America,Accessories,9,47.89,431.05,173.14,257.92
TRX-10413,2025-02-23,Europe,Monitor,3,305.8,917.4,588.71,328.68
TRX-10414,2026-03-20,Europe,Monitor,2,308.54,617.08,397.75,219.33
TRX-10415,2026-09-05,North America,Accessories,5,51.63,258.16,96.21,161.96
TRX-10416,2025-09-21,North America,Smartphone,13,833.1,10830.32,6252.96,4577.35
TRX-10417,2025-02-22,Europe,Smartphone,9,830.39,7473.55,4601.65,2871.9
TRX-10418,2026-07-26,Europe,Smartphone,11,839.98,9239.77,5538.35,3701.43
TRX-10419,2026-09-12,Europe,Laptop,1,1169.29,1169.29,802.7,366.59
TRX-10420,2025-01-05,Europe,Accessories,1,51.32,51.32,19.9,31.41
TRX-10421,2025-04-13,Asia Pacific,Smartphone,10,806.92,8069.17,5238.27,2830.9
TRX-10422,2025-07-15,Europe,Monitor,3,292.84,878.51,572.99,305.52
TRX-10423,2025-12-16,Latin America,Tablet,10,419.28,4192.76,2420.16,1772.61
TRX-10424,2025-02-16,North America,Tablet,3,415.92,1247.75,761.06,486.68
TRX-10425,2026-10-18,Latin America,Smartphone,5,770.28,3851.41,2409.09,1442.31
TRX-10426,2025-09-26,North America,Tablet,4,381.05,1524.19,1008.94,515.25
TRX-10427,2026-01-05,North America,Tablet,6,407.53,2445.2,1510.16,935.04
TRX-10428,2026-09-28,North America,Laptop,12,1212.5,14549.95,10052.16,4497.78
TRX-10429,2025-04-16,Latin America,Monitor,8,313.07,2504.6,1661.34,843.25
TRX-10430,2026-11-01,North America,Monitor,8,292.02,2336.16,1671.29,664.87
TRX-10431,2026-10-21,Europe,Laptop,11,1150.13,12651.39,8459.97,4191.42
TRX-10432,2026-10-19,Europe,Laptop,4,1171.11,4684.42,3317.81,1366.62
TRX-10433,2025-04-30,Asia Pacific,Tablet,1,380.76,380.76,240.73,140.03
TRX-10434,2026-08-27,Asia Pacific,Accessories,13,47.68,619.83,263.46,356.38
TRX-10435,2025-02-27,Asia Pacific,Tablet,14,416.59,5832.32,3577.03,2255.29
TRX-10436,2025-12-12,Europe,Laptop,14,1182.24,16551.39,10820.16,5731.23
TRX-10437,2026-04-19,Latin America,Monitor,7,297.32,2081.27,1418.57,662.7
TRX-10438,2025-04-27,Asia Pacific,Tablet,6,380.73,2284.41,1432.87,851.54
TRX-10439,2025-05-07,Europe,Accessories,5,48.85,244.26,97.93,146.33
TRX-10440,2026-01-28,North America,Tablet,4,412.19,1648.76,1042.12,606.64
TRX-10441,2026-10-03,Latin America,Smartphone,6,809.24,4855.44,2901.52,1953.92
TRX-10442,2025-02-27,Latin America,Tablet,8,410.15,3281.21,1913.05,1368.16
TRX-10443,2026-09-26,Europe,Laptop,6,1193.67,7161.99,4772.97,2389.03
TRX-10444,2026-05-28,Europe,Monitor,3,294.29,882.88,621.04,261.84
TRX-10445,2025-04-06,North America,Monitor,9,299.48,2695.36,1723.8,971.56
TRX-10446,2026-09-30,North America,Laptop,3,1178.77,3536.31,2365.33,1170.98
TRX-10447,2025-04-28,North America,Smartphone,4,827.12,3308.47,2079.95,1228.52
TRX-10448,2026-07-14,Latin America,Laptop,13,1175.72,15284.37,10002.88,5281.49
TRX-10449,2026-08-24,Latin America,Tablet,5,406.39,2031.95,1226.33,805.62
TRX-10450,2026-05-03,Asia Pacific,Laptop,11,1156.44,12720.82,9045.01,3675.81
TRX-10451,2025-08-25,Asia Pacific,Laptop,2,1222.42,2444.85,1606.91,837.93
TRX-10452,2025-09-29,Asia Pacific,Smartphone,11,833.06,9163.7,5682.78,3480.92
TRX-10453,2025-07-08,Latin America,Tablet,10,404.34,4043.43,2402.9,1640.53
TRX-10454,2026-12-05,North America,Accessories,11,50.3,553.29,229.25,324.04
TRX-10455,2026-03-23,Asia Pacific,Accessories,10,52.31,523.06,208.7,314.36
TRX-10456,2026-08-04,North America,Monitor,2,303.82,607.64,386.21,221.43
TRX-10457,2025-09-04,North America,Laptop,6,1171.15,7026.88,4576.26,2450.62
TRX-10458,2025-03-17,North America,Monitor,14,293.77,4112.8,2937.16,1175.65
TRX-10459,2025-06-03,Asia Pacific,Smartphone,2,816.42,1632.85,998.23,634.62
TRX-10460,2026-10-18,Asia Pacific,Accessories,10,51.18,511.77,201.44,310.33
TRX-10461,2026-03-11,North America,Laptop,1,1176.42,1176.42,809.27,367.15
TRX-10462,2025-03-27,Asia Pacific,Smartphone,8,787.63,6301.02,4115.87,2185.15
TRX-10463,2026-11-28,Europe,Smartphone,10,839.28,8392.85,5155.99,3236.85
TRX-10464,2025-10-12,Asia Pacific,Laptop,14,1152.23,16131.28,10857.2,5274.08
TRX-10465,2025-08-08,North America,Smartphone,10,792.37,7923.72,4868.32,3055.4
TRX-10466,2025-03-10,North America,Laptop,13,1147.49,14917.42,10791.91,4125.51
TRX-10467,2025-02-16,Latin America,Laptop,1,1238.53,1238.53,825.56,412.97
TRX-10468,2025-04-04,Latin America,Tablet,10,383.69,3836.94,2529.4,1307.53
TRX-10469,2026-03-29,North America,Monitor,14,305.22,4273.08,2938.52,1334.57
TRX-10470,2025-07-23,Europe,Smartphone,6,764.52,4587.11,3070.56,1516.56
TRX-10471,2025-08-06,Latin America,Smartphone,12,813.83,9765.94,5829.5,3936.44
TRX-10472,2026-04-19,North America,Tablet,14,413.72,5792.1,3621.33,2170.78
TRX-10473,2026-03-08,Latin America,Tablet,1,395.95,395.95,247.87,148.08
TRX-10474,2025-12-07,Latin America,Tablet,8,400.89,3207.08,1907.23,1299.85
TRX-10475,2026-07-05,North America,Accessories,14,49.51,693.11,275.0,418.11
TRX-10476,2026-09-04,Asia Pacific,Accessories,5,49.0,245.01,102.64,142.38
TRX-10477,2025-10-16,Europe,Accessories,3,51.52,154.55,62.76,91.79
TRX-10478,2025-09-11,Asia Pacific,Laptop,5,1172.64,5863.2,3910.45,1952.75
TRX-10479,2025-12-23,North America,Smartphone,13,817.84,10631.86,6335.24,4296.63
TRX-10480,2025-01-23,North America,Monitor,1,291.19,291.19,201.27,89.91
TRX-10481,2026-06-06,Europe,Laptop,1,1169.98,1169.98,824.93,345.05
TRX-10482,2025-04-10,North America,Smartphone,12,786.92,9443.0,6147.92,3295.09
TRX-10483,2025-06-29,Latin America,Smartphone,14,807.13,11299.86,7041.97,4257.88
TRX-10484,2025-08-11,Europe,Tablet,4,398.18,1592.71,1013.14,579.57
TRX-10485,2026-10-21,Asia Pacific,Tablet,9,409.81,3688.25,2191.97,1496.28
TRX-10486,2026-03-18,Europe,Laptop,14,1165.63,16318.79,11124.48,5194.31
TRX-10487,2026-08-31,Asia Pacific,Tablet,9,380.43,3423.84,2194.96,1228.88
TRX-10488,2025-11-21,North America,Smartphone,1,822.12,822.12,519.22,302.9
TRX-10489,2026-05-31,Asia Pacific,Tablet,3,412.87,1238.6,720.94,517.66
TRX-10490,2025-01-16,Asia Pacific,Accessories,13,47.8,621.37,264.67,356.69
TRX-10491,2025-12-02,Asia Pacific,Tablet,12,404.44,4853.24,2928.08,1925.15
TRX-10492,2025-09-15,Europe,Smartphone,4,790.26,3161.03,1995.12,1165.91
TRX-10493,2026-05-12,Latin America,Laptop,2,1235.27,2470.53,1567.91,902.63
TRX-10494,2025-06-09,Asia Pacific,Monitor,7,311.23,2178.63,1375.25,803.37
TRX-10495,2026-04-20,Europe,Tablet,3,414.04,1242.12,732.03,510.09
TRX-10496,2026-10-26,Europe,Smartphone,1,822.18,822.18,512.64,309.54
TRX-10497,2026-11-21,Latin America,Monitor,1,293.07,293.07,197.31,95.76
TRX-10498,2026-11-06,Europe,Monitor,3,309.36,928.07,613.58,314.49
TRX-10499,2026-01-15,North America,Accessories,6,50.17,301.0,119.47,181.53
TRX-10500,2026-06-29,North America,Monitor,4,286.58,1146.33,803.78,342.55
TRX-10501,2026-11-22,North America,Smartphone,1,796.56,796.56,502.16,294.39
TRX-10502,2026-03-03,Latin America,Smartphone,7,835.37,5847.61,3666.55,2181.06
TRX-10503,2026-09-05,Europe,Tablet,2,415.51,831.03,493.35,337.68
TRX-10504,2025-09-25,North America,Tablet,12,384.09,4609.09,2912.31,1696.78
TRX-10505,2026-07-31,Asia Pacific,Tablet,5,409.77,2048.83,1301.47,747.35
TRX-10506,2026-02-21,Europe,Monitor,8,309.17,2473.39,1547.97,925.42
TRX-10507,2025-06-17,North America,Monitor,7,293.14,2051.99,1446.82,605.17
TRX-10508,2025-02-12,Europe,Accessories,11,49.86,548.44,212.3,336.13
TRX-10509,2026-07-10,North America,Tablet,12,408.44,4901.27,3047.62,1853.66
TRX-10510,2025-10-12,Asia Pacific,Laptop,8,1192.68,9541.48,6176.35,3365.13
TRX-10511,2026-02-01,Europe,Accessories,13,48.06,624.83,271.0,353.83
TRX-10512,2025-01-12,North America,Laptop,10,1224.71,12247.06,8052.01,4195.05
TRX-10513,2026-08-30,North America,Monitor,14,312.35,4372.89,2752.2,1620.69
TRX-10514,2025-10-29,Asia Pacific,Accessories,11,50.76,558.39,212.09,346.3
TRX-10515,2025-09-10,Asia Pacific,Accessories,6,51.37,308.21,118.45,189.76
TRX-10516,2026-05-14,North America,Smartphone,7,788.67,5520.68,3571.76,1948.93
TRX-10517,2025-02-04,North America,Monitor,9,290.5,2614.46,1779.29,835.17
TRX-10518,2026-12-28,Latin America,Monitor,6,304.28,1825.7,1169.53,656.17
TRX-10519,2025-03-31,Latin America,Accessories,9,49.14,442.25,181.39,260.86
TRX-10520,2026-08-28,Europe,Monitor,13,310.8,4040.43,2578.63,1461.79
TRX-10521,2026-08-25,Europe,Accessories,12,48.11,577.36,231.98,345.38
TRX-10522,2026-02-22,Latin America,Smartphone,2,794.68,1589.35,965.4,623.96
TRX-10523,2025-04-25,North America,Accessories,13,49.48,643.29,265.39,377.89
TRX-10524,2026-09-09,Asia Pacific,Monitor,2,313.14,626.28,418.99,207.3
TRX-10525,2025-07-15,Europe,Monitor,14,289.59,4054.32,2725.27,1329.05
TRX-10526,2026-05-16,North America,Accessories,2,47.55,95.1,41.09,54.01
TRX-10527,2026-09-18,Asia Pacific,Accessories,6,48.69,292.14,115.05,177.09
TRX-10528,2026-05-08,Asia Pacific,Accessories,2,51.6,103.2,39.53,63.68
TRX-10529,2025-03-16,North America,Tablet,3,388.37,1165.12,750.5,414.62
TRX-10530,2026-02-17,North America,Monitor,13,292.23,3798.94,2539.87,1259.07
TRX-10531,2026-01-11,Europe,Monitor,8,288.9,2311.18,1604.73,706.44
TRX-10532,2026-02-24,Latin America,Tablet,8,408.62,3268.94,2076.52,1192.42
TRX-10533,2026-12-30,North America,Accessories,11,47.85,526.3,229.78,296.53
TRX-10534,2025-10-04,Latin America,Smartphone,12,786.5,9437.96,5760.33,3677.63
TRX-10535,2026-11-07,Europe,Accessories,4,48.91,195.65,78.17,117.48
TRX-10536,2026-01-29,Latin America,Accessories,9,50.28,452.48,188.62,263.86
TRX-10537,2026-04-02,Latin America,Tablet,8,409.22,3273.73,1954.08,1319.65
TRX-10538,2025-07-11,Asia Pacific,Monitor,1,300.99,300.99,203.85,97.13
TRX-10539,2026-11-20,Europe,Accessories,8,52.16,417.24,156.06,261.19
TRX-10540,2025-04-09,North America,Monitor,1,313.54,313.54,197.13,116.42
TRX-10541,2026-07-02,Latin America,Laptop,4,1183.38,4733.5,3101.21,1632.29
TRX-10542,2025-04-06,Europe,Monitor,10,308.33,3083.3,2071.26,1012.04
TRX-10543,2026-10-26,Asia Pacific,Smartphone,6,819.1,4914.62,3114.79,1799.83
TRX-10544,2026-10-25,Asia Pacific,Smartphone,7,831.44,5820.06,3428.92,2391.14
TRX-10545,2025-07-09,Latin America,Accessories,10,49.74,497.4,206.47,290.93
TRX-10546,2025-02-06,Latin America,Monitor,13,300.91,3911.88,2563.14,1348.74
TRX-10547,2026-01-04,North America,Accessories,4,49.58,198.32,76.79,121.52
TRX-10548,2026-11-26,Europe,Tablet,8,414.02,3312.12,2051.62,1260.51
TRX-10549,2026-06-09,North America,Smartphone,8,778.38,6227.01,4038.58,2188.43
TRX-10550,2025-10-06,North America,Accessories,14,48.7,681.78,273.68,408.1
TRX-10551,2025-08-05,Asia Pacific,Tablet,14,394.9,5528.66,3413.55,2115.11
TRX-10552,2025-09-30,Europe,Accessories,14,48.65,681.12,293.32,387.81
TRX-10553,2025-03-03,North America,Monitor,9,301.83,2716.47,1865.25,851.22
TRX-10554,2026-08-19,Asia Pacific,Monitor,14,289.03,4046.49,2886.74,1159.74
TRX-10555,2026-12-30,Latin America,Monitor,6,294.61,1767.63,1155.36,612.27
TRX-10556,2025-12-08,North America,Monitor,4,312.4,1249.61,820.41,429.2
TRX-10557,2026-02-01,Latin America,Laptop,2,1189.11,2378.21,1554.33,823.89
TRX-10558,2026-11-30,Europe,Tablet,7,409.93,2869.51,1833.54,1035.96
TRX-10559,2025-01-19,North America,Tablet,10,384.54,3845.38,2388.02,1457.36
TRX-10560,2025-06-26,Latin America,Monitor,3,292.43,877.28,591.13,286.15
TRX-10561,2026-09-04,Latin America,Laptop,11,1236.88,13605.7,8737.21,4868.49
TRX-10562,2026-01-31,Europe,Monitor,13,307.89,4002.57,2684.29,1318.27
TRX-10563,2026-03-21,Asia Pacific,Laptop,12,1186.34,14236.06,9855.57,4380.49
TRX-10564,2025-08-21,Asia Pacific,Monitor,3,313.63,940.9,592.5,348.4
TRX-10565,2025-03-17,North America,Smartphone,3,832.85,2498.55,1509.83,988.72
TRX-10566,2025-09-22,Latin America,Smartphone,4,836.98,3347.94,2067.12,1280.82
TRX-10567,2026-03-31,Asia Pacific,Accessories,2,49.64,99.28,38.07,61.21
TRX-10568,2026-12-19,North America,Monitor,13,290.92,3782.01,2678.57,1103.45
TRX-10569,2026-01-19,Latin America,Tablet,13,405.07,5265.86,3395.24,1870.62
TRX-10570,2026-07-18,North America,Accessories,5,50.92,254.62,95.32,159.3
TRX-10571,2026-05-21,Europe,Smartphone,3,770.04,2310.11,1431.84,878.27
TRX-10572,2026-01-02,North America,Monitor,10,308.59,3085.94,1968.9,1117.04
TRX-10573,2025-05-24,Europe,Accessories,5,47.59,237.95,95.88,142.07
TRX-10574,2025-03-10,Latin America,Monitor,12,299.48,3593.78,2395.03,1198.76
TRX-10575,2025-04-09,Latin America,Smartphone,13,786.48,10224.26,6648.66,3575.59
TRX-10576,2026-01-31,Latin America,Accessories,7,51.2,358.41,140.94,217.47
TRX-10577,2025-01-25,North America,Smartphone,9,785.02,7065.19,4363.39,2701.79
TRX-10578,2026-04-14,Latin America,Laptop,2,1239.22,2478.43,1624.77,853.66
TRX-10579,2026-04-29,Latin America,Smartphone,9,807.6,7268.37,4583.18,2685.18
TRX-10580,2026-07-19,Europe,Monitor,10,308.82,3088.17,2086.49,1001.68
TRX-10581,2025-05-31,Latin America,Tablet,6,419.57,2517.44,1447.02,1070.42
TRX-10582,2025-05-24,Latin America,Smartphone,12,814.33,9771.99,6115.4,3656.59
TRX-10583,2026-07-23,Latin America,Tablet,6,419.4,2516.39,1561.71,954.67
TRX-10584,2025-02-08,Asia Pacific,Laptop,11,1143.46,12578.06,8801.38,3776.69
TRX-10585,2025-04-19,Latin America,Accessories,3,49.19,147.57,59.17,88.4
TRX-10586,2026-11-24,North America,Accessories,14,48.04,672.55,270.78,401.77
TRX-10587,2025-02-11,Europe,Tablet,10,390.49,3904.92,2591.7,1313.23
TRX-10588,2025-07-05,Latin America,Accessories,13,51.69,672.03,257.25,414.78
TRX-10589,2026-02-02,North America,Smartphone,9,762.59,6863.27,4691.2,2172.08
TRX-10590,2025-08-11,Europe,Tablet,4,400.81,1603.23,1034.78,568.45
TRX-10591,2026-09-26,Europe,Monitor,5,302.01,1510.07,987.66,522.41
TRX-10592,2025-05-13,North America,Smartphone,3,804.89,2414.68,1511.09,903.59
TRX-10593,2025-06-12,North America,Smartphone,5,798.02,3990.12,2381.79,1608.33
TRX-10594,2025-08-03,Asia Pacific,Smartphone,8,823.25,6585.99,3905.29,2680.7
TRX-10595,2025-08-23,Asia Pacific,Monitor,8,289.01,2312.05,1633.64,678.41
TRX-10596,2026-10-20,Latin America,Laptop,14,1177.27,16481.77,11399.26,5082.51
TRX-10597,2026-08-11,Asia Pacific,Accessories,8,50.58,404.63,157.65,246.98
TRX-10598,2025-01-09,North America,Tablet,6,407.64,2445.83,1546.29,899.54
TRX-10599,2025-03-15,Asia Pacific,Laptop,1,1188.5,1188.5,778.87,409.63
TRX-10600,2026-05-07,Europe,Tablet,11,415.01,4565.16,2739.35,1825.81
TRX-10601,2025-09-10,North America,Accessories,10,49.58,495.77,199.45,296.32
TRX-10602,2025-08-18,Latin America,Monitor,12,297.08,3565.0,2361.8,1203.2
TRX-10603,2026-06-03,Europe,Smartphone,6,762.9,4577.38,3136.4,1440.98
TRX-10604,2025-06-23,Europe,Smartphone,12,804.09,9649.1,6118.01,3531.09
TRX-10605,2026-10-15,Europe,Monitor,11,306.26,3368.86,2208.62,1160.24
TRX-10606,2025-06-17,North America,Laptop,10,1153.73,11537.33,8008.41,3528.91
TRX-10607,2025-06-19,North America,Laptop,7,1176.65,8236.56,5409.21,2827.36
TRX-10608,2026-01-28,Latin America,Tablet,14,411.25,5757.5,3455.27,2302.24
TRX-10609,2026-09-26,Asia Pacific,Monitor,9,295.98,2663.8,1831.1,832.7
TRX-10610,2025-07-13,Asia Pacific,Laptop,12,1168.99,14027.91,10007.59,4020.32
TRX-10611,2026-06-01,Asia Pacific,Monitor,8,305.17,2441.33,1650.63,790.69
TRX-10612,2025-01-29,Asia Pacific,Accessories,11,48.48,533.32,215.61,317.71
TRX-10613,2025-06-14,Europe,Smartphone,12,831.65,9979.83,5960.37,4019.45
TRX-10614,2026-02-26,North America,Smartphone,8,768.45,6147.58,3833.17,2314.42
TRX-10615,2025-12-05,Asia Pacific,Smartphone,7,816.52,5715.67,3360.76,2354.91
TRX-10616,2026-10-10,Europe,Monitor,2,299.99,599.97,398.81,201.16
TRX-10617,2026-05-11,North America,Monitor,1,311.1,311.1,200.6,110.49
TRX-10618,2025-12-31,North America,Tablet,2,385.05,770.1,488.2,281.89
TRX-10619,2025-12-08,North America,Smartphone,6,814.23,4885.39,3042.83,1842.55
TRX-10620,2026-05-15,Europe,Tablet,13,402.88,5237.47,3316.1,1921.37
TRX-10621,2026-10-19,Asia Pacific,Smartphone,2,798.41,1596.81,979.91,616.9
TRX-10622,2026-05-26,North America,Tablet,10,399.66,3996.56,2564.61,1431.96
TRX-10623,2025-11-23,Europe,Tablet,4,408.88,1635.52,970.56,664.96
TRX-10624,2025-08-05,North America,Accessories,10,52.19,521.89,200.89,321.0
TRX-10625,2025-10-28,Latin America,Tablet,3,383.65,1150.95,772.82,378.13
TRX-10626,2025-05-12,Latin America,Monitor,6,285.59,1713.51,1204.44,509.07
TRX-10627,2025-03-11,Europe,Tablet,12,412.23,4946.74,3122.39,1824.35
TRX-10628,2025-09-09,Asia Pacific,Smartphone,12,768.65,9223.84,5735.1,3488.74
TRX-10629,2026-02-19,Asia Pacific,Tablet,13,419.47,5453.08,3278.7,2174.38
TRX-10630,2026-03-21,North America,Laptop,14,1214.32,17000.51,11269.17,5731.34
TRX-10631,2025-07-01,Asia Pacific,Smartphone,8,812.07,6496.55,4064.14,2432.41
TRX-10632,2025-06-16,Asia Pacific,Laptop,11,1163.87,12802.54,9093.4,3709.14
TRX-10633,2025-04-01,Latin America,Smartphone,6,779.22,4675.35,3067.76,1607.59
TRX-10634,2026-12-15,Europe,Monitor,2,304.78,609.56,411.61,197.95
TRX-10635,2026-06-15,Latin America,Monitor,5,312.29,1561.46,978.88,582.58
TRX-10636,2025-02-08,Europe,Monitor,11,314.47,3459.19,2175.25,1283.94
TRX-10637,2025-05-06,North America,Laptop,13,1163.76,15128.93,10531.85,4597.08
TRX-10638,2026-03-27,Latin America,Accessories,6,48.17,289.02,120.64,168.38
TRX-10639,2025-06-22,Europe,Smartphone,9,764.51,6880.61,4707.5,2173.11
TRX-10640,2026-10-15,Asia Pacific,Monitor,6,311.05,1866.29,1162.42,703.87
TRX-10641,2025-08-08,Europe,Smartphone,10,783.58,7835.77,4925.64,2910.13
TRX-10642,2026-09-30,Asia Pacific,Laptop,5,1140.22,5701.09,4029.1,1671.99
TRX-10643,2025-02-27,North America,Accessories,1,48.62,48.62,20.74,27.88
TRX-10644,2026-10-22,Asia Pacific,Laptop,10,1180.85,11808.53,8343.48,3465.05
TRX-10645,2026-04-21,Europe,Smartphone,5,839.28,4196.39,2459.01,1737.39
TRX-10646,2026-04-01,Latin America,Accessories,5,50.12,250.59,95.67,154.92
TRX-10647,2025-12-27,Europe,Accessories,6,48.52,291.14,119.06,172.08
TRX-10648,2025-01-01,Latin America,Laptop,7,1180.18,8261.25,5540.83,2720.41
TRX-10649,2026-01-22,Europe,Monitor,13,294.91,3833.82,2726.49,1107.33
TRX-10650,2025-12-14,Europe,Smartphone,13,761.58,9900.51,6455.19,3445.32
TRX-10651,2025-07-09,North America,Tablet,4,385.41,1541.63,980.57,561.06
TRX-10652,2026-05-20,Asia Pacific,Tablet,7,407.81,2854.66,1726.44,1128.21
TRX-10653,2025-07-10,Europe,Laptop,5,1154.43,5772.15,3958.77,1813.38
TRX-10654,2026-05-23,Latin America,Smartphone,6,778.46,4670.75,3096.46,1574.29
TRX-10655,2026-01-04,Asia Pacific,Smartphone,4,788.06,3152.24,1916.2,1236.03
TRX-10656,2026-02-13,North America,Laptop,12,1230.93,14771.14,9423.85,5347.29
TRX-10657,2025-04-27,Asia Pacific,Smartphone,8,806.59,6452.74,4186.53,2266.21
TRX-10658,2025-05-14,Europe,Monitor,9,305.67,2751.03,1737.56,1013.47
TRX-10659,2025-02-27,Latin America,Laptop,2,1208.04,2416.08,1638.82,777.27
TRX-10660,2026-07-10,Latin America,Monitor,12,305.51,3666.09,2365.53,1300.56
TRX-10661,2026-11-16,Asia Pacific,Smartphone,11,760.23,8362.5,5544.98,2817.52
TRX-10662,2026-11-03,Latin America,Laptop,4,1251.71,5006.83,3071.86,1934.98
TRX-10663,2025-06-22,Europe,Smartphone,11,768.87,8457.61,5393.53,3064.08
TRX-10664,2025-05-29,Latin America,Laptop,8,1188.75,9510.0,6400.55,3109.45
TRX-10665,2025-03-21,Latin America,Smartphone,8,821.68,6573.46,3892.68,2680.78
TRX-10666,2025-08-01,Latin America,Monitor,9,298.06,2682.51,1807.54,874.98
TRX-10667,2025-07-22,Europe,Monitor,3,313.41,940.22,583.19,357.03
TRX-10668,2025-08-17,North America,Smartphone,1,797.41,797.41,507.51,289.9
TRX-10669,2026-11-07,Latin America,Laptop,9,1244.99,11204.93,7491.14,3713.8
TRX-10670,2025-08-15,North America,Tablet,1,412.43,412.43,239.64,172.8
TRX-10671,2026-10-21,Asia Pacific,Monitor,3,314.43,943.29,583.0,360.29
TRX-10672,2026-06-16,Asia Pacific,Monitor,3,312.8,938.39,620.67,317.72
TRX-10673,2026-03-17,Europe,Tablet,9,415.92,3743.32,2279.6,1463.73
TRX-10674,2026-02-06,Europe,Smartphone,1,818.53,818.53,478.94,339.59
TRX-10675,2025-02-16,Europe,Laptop,7,1184.04,8288.28,5592.36,2695.92
TRX-10676,2025-08-21,Europe,Smartphone,2,768.49,1536.98,970.98,566.0
TRX-10677,2025-11-01,North America,Accessories,7,50.94,356.6,135.79,220.82
TRX-10678,2026-06-10,Europe,Monitor,1,314.36,314.36,208.81,105.55
TRX-10679,2025-05-23,North America,Accessories,13,51.13,664.73,266.8,397.93
TRX-10680,2026-02-19,Latin America,Monitor,10,312.86,3128.62,2039.25,1089.37
TRX-10681,2026-05-28,Latin America,Monitor,10,309.13,3091.29,1947.79,1143.51
TRX-10682,2026-01-08,Asia Pacific,Accessories,8,48.32,386.52,153.9,232.63
TRX-10683,2026-07-20,Asia Pacific,Accessories,10,48.75,487.46,207.42,280.04
TRX-10684,2025-09-16,North America,Smartphone,13,787.35,10235.54,6178.82,4056.72
TRX-10685,2026-10-18,Europe,Accessories,10,48.34,483.41,197.76,285.65
TRX-10686,2026-04-16,Asia Pacific,Smartphone,2,806.53,1613.06,977.76,635.3
TRX-10687,2025-01-12,North America,Smartphone,3,838.04,2514.11,1510.56,1003.55
TRX-10688,2025-11-26,Asia Pacific,Smartphone,14,820.92,11492.83,6825.36,4667.48
TRX-10689,2025-12-24,Europe,Monitor,8,297.7,2381.61,1569.79,811.82
TRX-10690,2026-02-12,North America,Monitor,3,285.14,855.41,621.0,234.4
TRX-10691,2026-10-30,Asia Pacific,Accessories,1,49.07,49.07,20.21,28.86
TRX-10692,2026-01-08,Europe,Monitor,9,300.8,2707.23,1736.22,971.0
TRX-10693,2025-01-08,North America,Accessories,8,49.12,392.97,163.62,229.35
TRX-10694,2025-05-02,North America,Monitor,4,288.33,1153.32,776.6,376.73
TRX-10695,2025-12-14,North America,Laptop,8,1193.13,9545.05,6357.12,3187.93
TRX-10696,2026-11-07,Latin America,Laptop,14,1170.39,16385.46,11364.2,5021.26
TRX-10697,2025-03-31,North America,Accessories,5,52.05,260.23,97.72,162.51
TRX-10698,2026-10-10,Asia Pacific,Monitor,3,288.05,864.16,593.05,271.11
TRX-10699,2026-11-29,North America,Monitor,1,286.47,286.47,204.68,81.79
TRX-10700,2025-11-12,North America,Smartphone,13,760.43,9885.53,6784.64,3100.88
TRX-10701,2025-06-27,North America,Tablet,10,393.12,3931.23,2507.31,1423.92
TRX-10702,2026-06-24,North America,Accessories,5,50.8,254.01,95.1,158.91
TRX-10703,2025-02-10,North America,Tablet,11,409.22,4501.38,2705.58,1795.8
TRX-10704,2026-12-05,Latin America,Tablet,6,398.13,2388.78,1484.8,903.99
TRX-10705,2026-05-17,Europe,Accessories,4,50.92,203.69,78.71,124.97
TRX-10706,2025-05-25,Latin America,Monitor,7,295.8,2070.58,1391.08,679.5
TRX-10707,2025-07-20,Asia Pacific,Accessories,3,50.84,152.52,60.8,91.72
TRX-10708,2026-12-25,Europe,Tablet,7,381.62,2671.37,1683.7,987.67
TRX-10709,2026-04-06,Asia Pacific,Monitor,14,296.72,4154.12,2736.34,1417.78
TRX-10710,2026-07-12,North America,Laptop,1,1234.9,1234.9,800.61,434.29
TRX-10711,2026-07-01,Asia Pacific,Accessories,7,51.52,360.61,137.42,223.19
TRX-10712,2025-09-10,Latin America,Accessories,1,51.08,51.08,20.98,30.1
TRX-10713,2026-01-25,Latin America,Monitor,13,291.13,3784.65,2582.17,1202.48
TRX-10714,2026-08-17,North America,Laptop,11,1169.66,12866.31,9125.42,3740.89
TRX-10715,2025-09-13,North America,Laptop,1,1259.53,1259.53,831.72,427.81
TRX-10716,2026-12-10,Europe,Monitor,2,288.1,576.2,413.44,162.76
TRX-10717,2026-03-26,Latin America,Smartphone,2,774.45,1548.91,954.69,594.22
TRX-10718,2025-01-10,Latin America,Accessories,4,48.15,192.6,83.58,109.02
TRX-10719,2025-08-30,Europe,Accessories,13,49.14,638.8,250.35,388.45
TRX-10720,2025-09-08,Latin America,Tablet,1,388.41,388.41,238.36,150.05
TRX-10721,2025-01-05,Europe,Monitor,4,299.93,1199.72,793.15,406.57
TRX-10722,2025-04-29,Latin America,Tablet,2,399.04,798.08,484.73,313.35
TRX-10723,2026-01-09,Asia Pacific,Tablet,4,416.06,1664.24,968.42,695.82
TRX-10724,2025-03-06,Asia Pacific,Laptop,4,1144.17,4576.68,3132.1,1444.57
TRX-10725,2025-05-26,Europe,Accessories,9,49.1,441.89,175.47,266.42
TRX-10726,2025-08-12,Europe,Tablet,9,403.87,3634.8,2291.58,1343.22
TRX-10727,2025-08-27,North America,Laptop,1,1212.58,1212.58,774.94,437.63
TRX-10728,2025-06-26,Latin America,Monitor,5,299.4,1497.02,1004.31,492.71
TRX-10729,2025-10-09,Asia Pacific,Tablet,7,412.63,2888.39,1835.12,1053.26
TRX-10730,2025-03-04,North America,Accessories,4,47.81,191.25,79.46,111.8
TRX-10731,2025-08-05,Latin America,Tablet,12,412.62,4951.43,3042.56,1908.87
TRX-10732,2026-11-20,Asia Pacific,Monitor,5,299.84,1499.21,1046.94,452.28
TRX-10733,2026-04-06,Latin America,Tablet,2,385.35,770.7,481.88,288.82
TRX-10734,2026-09-02,Europe,Accessories,3,51.93,155.79,59.51,96.27
TRX-10735,2025-04-15,Asia Pacific,Laptop,7,1217.91,8525.35,5796.11,2729.24
TRX-10736,2025-04-09,Asia Pacific,Accessories,10,48.32,483.18,208.65,274.53
TRX-10737,2026-05-26,North America,Laptop,13,1144.04,14872.49,10505.29,4367.21
TRX-10738,2026-01-20,Latin America,Smartphone,7,771.29,5399.02,3375.2,2023.82
TRX-10739,2026-02-09,Europe,Accessories,4,50.54,202.18,83.21,118.96
TRX-10740,2026-06-02,Europe,Accessories,12,48.4,580.76,232.19,348.57
TRX-10741,2026-04-21,Latin America,Monitor,1,291.77,291.77,197.06,94.72
TRX-10742,2026-12-10,Latin America,Tablet,1,381.01,381.01,246.89,134.12
TRX-10743,2026-10-07,Europe,Laptop,4,1226.75,4907.01,3183.13,1723.87
TRX-10744,2026-03-13,Latin America,Laptop,4,1237.24,4948.97,3292.85,1656.12
TRX-10745,2025-01-23,North America,Monitor,6,308.91,1853.43,1236.26,617.18
TRX-10746,2026-07-19,Latin America,Monitor,7,288.83,2021.79,1430.75,591.04
TRX-10747,2026-11-08,North America,Tablet,9,416.13,3745.19,2142.48,1602.71
TRX-10748,2026-12-15,North America,Tablet,9,406.89,3662.02,2264.59,1397.43
TRX-10749,2026-04-03,Latin America,Accessories,10,51.99,519.88,204.95,314.93
TRX-10750,2025-03-24,Asia Pacific,Smartphone,12,795.77,9549.27,5966.78,3582.5
TRX-10751,2025-05-25,Asia Pacific,Tablet,12,397.48,4769.74,3133.48,1636.26
TRX-10752,2025-03-26,North America,Monitor,5,308.54,1542.68,1032.38,510.3
TRX-10753,2025-03-19,Latin America,Tablet,10,383.73,3837.32,2534.54,1302.78
TRX-10754,2026-04-02,North America,Laptop,11,1202.5,13227.55,8414.93,4812.62
TRX-10755,2025-01-01,Latin America,Smartphone,3,826.91,2480.73,1522.85,957.88
TRX-10756,2025-02-20,Latin America,Accessories,3,51.65,154.95,62.47,92.48
TRX-10757,2026-11-16,Europe,Laptop,6,1254.74,7528.42,4742.13,2786.28
TRX-10758,2026-12-18,Asia Pacific,Laptop,1,1223.79,1223.79,827.05,396.74
TRX-10759,2026-03-22,Asia Pacific,Smartphone,7,776.62,5436.35,3434.61,2001.75
TRX-10760,2026-03-25,Europe,Accessories,3,47.6,142.8,60.42,82.38
TRX-10761,2026-05-03,Europe,Monitor,5,299.38,1496.91,1014.84,482.07
TRX-10762,2025-02-03,Europe,Accessories,7,50.07,350.48,142.49,207.99
TRX-10763,2025-12-14,North America,Tablet,7,389.61,2727.27,1816.95,910.33
TRX-10764,2025-04-05,North America,Laptop,9,1154.96,10394.67,7008.93,3385.75
TRX-10765,2025-03-13,North America,Tablet,1,403.45,403.45,244.06,159.39
TRX-10766,2026-07-05,North America,Monitor,3,307.93,923.78,612.24,311.54
TRX-10767,2025-06-03,North America,Tablet,9,419.73,3777.54,2177.37,1600.17
TRX-10768,2025-09-07,Asia Pacific,Accessories,8,51.29,410.33,159.43,250.9
TRX-10769,2026-11-05,Asia Pacific,Tablet,2,411.75,823.49,476.0,347.49
TRX-10770,2026-03-14,Latin America,Monitor,8,303.49,2427.95,1542.56,885.39
TRX-10771,2025-04-28,Asia Pacific,Monitor,8,314.58,2516.62,1628.62,888.01
TRX-10772,2025-11-02,Europe,Monitor,2,304.2,608.4,409.9,198.5
TRX-10773,2025-09-25,Asia Pacific,Accessories,8,51.8,414.41,153.85,260.57
TRX-10774,2025-02-23,Europe,Monitor,3,313.37,940.12,583.66,356.46
TRX-10775,2025-08-24,Asia Pacific,Laptop,7,1251.58,8761.08,5375.39,3385.69
TRX-10776,2026-01-24,North America,Monitor,13,296.44,3853.75,2582.69,1271.06
TRX-10777,2026-02-05,Asia Pacific,Tablet,9,383.15,3448.32,2165.88,1282.44
TRX-10778,2026-09-16,Latin America,Tablet,4,386.87,1547.5,993.73,553.77
TRX-10779,2025-10-30,North America,Tablet,11,382.37,4206.06,2813.83,1392.23
TRX-10780,2025-07-26,North America,Accessories,6,48.03,288.16,122.2,165.96
TRX-10781,2025-08-17,Latin America,Tablet,9,387.39,3486.47,2200.6,1285.87
TRX-10782,2026-08-01,Asia Pacific,Accessories,11,49.21,541.26,223.82,317.44
TRX-10783,2025-03-16,Asia Pacific,Accessories,11,50.22,552.39,229.41,322.99
TRX-10784,2026-03-11,Latin America,Monitor,5,306.35,1531.75,984.75,547.0
TRX-10785,2025-04-13,North America,Laptop,12,1165.31,13983.74,9435.95,4547.78
TRX-10786,2026-02-26,Latin America,Monitor,1,305.18,305.18,201.43,103.75
TRX-10787,2026-12-05,Europe,Monitor,3,306.13,918.38,584.73,333.65
TRX-10788,2025-11-02,Europe,Accessories,11,50.29,553.22,223.33,329.89
TRX-10789,2025-04-08,Asia Pacific,Accessories,9,52.02,468.16,185.98,282.18
TRX-10790,2025-12-01,North America,Tablet,3,384.44,1153.32,746.95,406.37
TRX-10791,2026-03-11,Europe,Tablet,11,387.08,4257.93,2799.36,1458.57
TRX-10792,2026-03-23,Latin America,Monitor,11,297.86,3276.46,2233.41,1043.04
TRX-10793,2025-11-04,Asia Pacific,Smartphone,10,770.14,7701.37,4769.33,2932.04
TRX-10794,2025-09-06,Asia Pacific,Smartphone,2,805.3,1610.61,968.34,642.27
TRX-10795,2025-06-15,North America,Tablet,4,395.94,1583.74,1039.35,544.39
TRX-10796,2026-04-26,Europe,Smartphone,5,782.77,3913.84,2609.72,1304.12
TRX-10797,2025-12-01,Asia Pacific,Tablet,7,386.8,2707.6,1799.08,908.52
TRX-10798,2026-06-26,Latin America,Accessories,7,49.18,344.24,145.9,198.34
TRX-10799,2025-04-16,Europe,Monitor,9,303.24,2729.15,1765.11,964.04
TRX-10800,2026-07-17,Asia Pacific,Laptop,13,1209.09,15718.22,10137.62,5580.61
TRX-10801,2025-03-22,Asia Pacific,Monitor,8,289.91,2319.27,1581.49,737.78
TRX-10802,2025-05-13,Europe,Tablet,13,385.0,5004.96,3105.49,1899.47
TRX-10803,2025-05-18,Europe,Tablet,2,381.07,762.13,515.49,246.64
TRX-10804,2025-07-03,North America,Monitor,12,285.37,3424.47,2516.2,908.27
TRX-10805,2026-02-05,Latin America,Tablet,8,415.19,3321.54,2064.81,1256.73
TRX-10806,2025-11-26,North America,Smartphone,8,763.61,6108.86,4021.99,2086.87
TRX-10807,2026-05-23,North America,Smartphone,5,818.5,4092.49,2448.82,1643.67
TRX-10808,2025-03-10,Latin America,Tablet,13,414.88,5393.43,3151.75,2241.68
TRX-10809,2026-06-30,Latin America,Tablet,3,383.92,1151.77,739.8,411.96
TRX-10810,2025-02-22,North America,Smartphone,9,794.9,7154.14,4575.14,2579.0
TRX-10811,2026-03-26,Europe,Tablet,12,418.49,5021.91,2984.12,2037.79
TRX-10812,2025-07-24,Latin America,Tablet,7,413.37,2893.56,1825.96,1067.6
TRX-10813,2025-05-06,North America,Monitor,1,299.69,299.69,207.08,92.61
TRX-10814,2025-02-12,Europe,Laptop,8,1231.51,9852.07,6145.54,3706.53
TRX-10815,2025-04-21,Asia Pacific,Smartphone,10,826.67,8266.7,4815.76,3450.94
TRX-10816,2026-10-25,Europe,Monitor,13,295.44,3840.73,2645.82,1194.91
TRX-10817,2025-07-02,North America,Laptop,5,1247.06,6235.29,3892.31,2342.98
TRX-10818,2025-04-05,Latin America,Tablet,6,398.82,2392.91,1543.65,849.26
TRX-10819,2026-01-09,Europe,Tablet,9,401.11,3610.01,2270.56,1339.46
TRX-10820,2026-06-04,Europe,Monitor,10,314.99,3149.91,1945.97,1203.95
TRX-10821,2025-12-26,Europe,Tablet,14,413.73,5792.25,3492.54,2299.71
TRX-10822,2026-11-27,Latin America,Accessories,8,49.31,394.47,158.5,235.97
TRX-10823,2025-10-08,Latin America,Monitor,14,285.31,3994.35,2904.48,1089.86
TRX-10824,2025-07-14,Europe,Laptop,11,1215.14,13366.55,8388.3,4978.25
TRX-10825,2025-07-14,Europe,Monitor,14,306.12,4285.64,2910.84,1374.81
TRX-10826,2026-10-29,North America,Smartphone,14,812.06,11368.9,7106.46,4262.44
TRX-10827,2025-04-03,Latin America,Monitor,3,314.04,942.11,614.25,327.86
TRX-10828,2026-11-03,Europe,Tablet,13,414.52,5388.74,3088.35,2300.4
TRX-10829,2025-03-02,Latin America,Tablet,5,397.95,1989.77,1266.03,723.74
TRX-10830,2026-09-26,Latin America,Accessories,4,47.81,191.26,80.71,110.55
TRX-10831,2025-02-20,Latin America,Accessories,14,49.88,698.32,281.04,417.28
TRX-10832,2026-02-07,North America,Accessories,1,50.95,50.95,20.57,30.37
TRX-10833,2025-01-05,Asia Pacific,Laptop,5,1212.93,6064.63,4022.35,2042.28
TRX-10834,2026-04-11,Latin America,Accessories,10,50.19,501.91,207.14,294.76
TRX-10835,2026-08-27,Latin America,Laptop,7,1196.26,8373.81,5450.27,2923.53
TRX-10836,2026-11-13,Europe,Accessories,1,48.97,48.97,20.61,28.36
TRX-10837,2026-06-18,Latin America,Laptop,4,1173.28,4693.13,3097.38,1595.75
TRX-10838,2026-02-09,Asia Pacific,Monitor,6,300.01,1800.04,1237.57,562.47
TRX-10839,2026-05-28,Latin America,Monitor,11,289.82,3188.0,2296.9,891.1
TRX-10840,2026-10-07,North America,Tablet,12,393.63,4723.53,2950.71,1772.82
TRX-10841,2025-08-21,Europe,Laptop,9,1178.88,10609.9,7221.52,3388.38
TRX-10842,2026-06-08,Asia Pacific,Smartphone,11,806.97,8876.68,5587.08,3289.6
TRX-10843,2025-12-12,North America,Tablet,8,382.67,3061.34,1915.89,1145.44
TRX-10844,2025-02-15,Asia Pacific,Monitor,2,309.89,619.78,399.76,220.02
TRX-10845,2026-06-30,Europe,Laptop,11,1207.49,13282.34,8677.31,4605.02
TRX-10846,2025-03-19,Latin America,Accessories,3,50.85,152.56,62.23,90.33
TRX-10847,2026-12-31,Europe,Smartphone,10,816.25,8162.48,5188.34,2974.14
TRX-10848,2025-03-14,Europe,Monitor,13,293.74,3818.68,2652.2,1166.48
TRX-10849,2025-09-06,Latin America,Tablet,5,398.81,1994.07,1269.47,724.61
TRX-10850,2025-02-16,North America,Laptop,11,1254.75,13802.24,9005.65,4796.6
TRX-10851,2025-05-01,Asia Pacific,Smartphone,7,821.34,5749.35,3453.1,2296.26
TRX-10852,2025-08-02,North America,Laptop,3,1256.35,3769.04,2377.08,1391.96
TRX-10853,2025-08-27,Latin America,Accessories,12,51.23,614.78,241.29,373.49
TRX-10854,2025-02-25,Asia Pacific,Tablet,7,387.02,2709.17,1826.65,882.51
TRX-10855,2025-12-16,Latin America,Laptop,5,1147.74,5738.72,4089.6,1649.12
TRX-10856,2025-04-17,North America,Monitor,10,302.33,3023.3,2010.2,1013.1
TRX-10857,2025-02-17,Europe,Tablet,6,394.31,2365.88,1540.56,825.31
TRX-10858,2026-07-27,Asia Pacific,Monitor,6,293.26,1759.58,1184.51,575.08
TRX-10859,2025-12-03,Latin America,Laptop,11,1236.87,13605.52,9002.81,4602.71
TRX-10860,2025-01-26,Asia Pacific,Tablet,11,394.68,4341.48,2725.44,1616.04
TRX-10861,2025-09-14,Asia Pacific,Monitor,14,294.51,4123.14,2738.31,1384.84
TRX-10862,2025-01-08,North America,Accessories,12,51.75,621.0,242.63,378.37
TRX-10863,2026-09-17,Europe,Accessories,4,51.73,206.93,81.5,125.43
TRX-10864,2025-09-10,Asia Pacific,Laptop,12,1182.76,14193.17,9560.92,4632.25
TRX-10865,2026-11-23,North America,Tablet,8,413.3,3306.4,2013.1,1293.3
TRX-10866,2026-12-20,Asia Pacific,Smartphone,9,828.06,7452.56,4587.33,2865.23
TRX-10867,2025-10-30,Europe,Tablet,2,396.96,793.91,513.39,280.53
TRX-10868,2026-10-01,Asia Pacific,Accessories,9,47.83,430.49,187.12,243.37
TRX-10869,2025-02-25,Europe,Monitor,11,285.05,3135.52,2168.0,967.52
TRX-10870,2026-12-27,North America,Smartphone,12,801.86,9622.36,6270.89,3351.47
TRX-10871,2026-06-10,North America,Laptop,4,1181.29,4725.16,3243.93,1481.23
TRX-10872,2026-04-19,Europe,Smartphone,6,839.77,5038.62,3086.31,1952.31
TRX-10873,2025-01-28,Europe,Laptop,14,1232.69,17257.65,11423.74,5833.91
TRX-10874,2025-03-19,North America,Smartphone,7,820.9,5746.31,3396.95,2349.36
TRX-10875,2025-08-04,Europe,Laptop,4,1254.63,5018.52,3062.86,1955.66
TRX-10876,2026-01-21,Europe,Laptop,8,1246.53,9972.22,6544.82,3427.39
TRX-10877,2025-12-31,Latin America,Smartphone,13,785.45,10210.91,6507.18,3703.73
TRX-10878,2026-10-28,Asia Pacific,Smartphone,14,773.28,10825.91,7141.55,3684.36
TRX-10879,2026-06-10,North America,Laptop,10,1229.51,12295.07,7981.47,4313.6
TRX-10880,2026-11-30,North America,Accessories,8,49.39,395.13,157.0,238.14
TRX-10881,2025-11-08,Latin America,Smartphone,1,797.85,797.85,489.25,308.6
TRX-10882,2025-01-07,Europe,Tablet,8,405.22,3241.73,2046.11,1195.62
TRX-10883,2025-01-03,Europe,Monitor,10,312.24,3122.36,1955.36,1167.01
TRX-10884,2026-09-15,Europe,Laptop,14,1190.29,16664.07,11440.44,5223.63
TRX-10885,2025-12-29,North America,Laptop,12,1234.0,14807.98,9488.6,5319.37
TRX-10886,2026-05-23,Latin America,Monitor,3,293.05,879.15,616.25,262.9
TRX-10887,2025-10-01,Asia Pacific,Accessories,5,50.99,254.95,96.43,158.52
TRX-10888,2026-05-21,Latin America,Monitor,14,285.05,3990.66,2717.39,1273.27
TRX-10889,2025-01-15,North America,Smartphone,10,829.72,8297.21,5092.96,3204.25
TRX-10890,2025-07-11,Asia Pacific,Monitor,8,285.91,2287.29,1609.64,677.65
TRX-10891,2026-09-23,Europe,Laptop,11,1225.53,13480.83,8539.41,4941.42
TRX-10892,2026-04-30,Latin America,Monitor,6,286.39,1718.33,1248.34,469.99
TRX-10893,2025-01-28,Latin America,Tablet,4,390.65,1562.6,977.59,585.0
TRX-10894,2026-12-15,North America,Smartphone,4,799.78,3199.1,1984.21,1214.89
TRX-10895,2025-02-08,Latin America,Monitor,12,297.6,3571.18,2328.55,1242.63
TRX-10896,2025-09-30,Asia Pacific,Laptop,4,1163.02,4652.08,3164.17,1487.91
TRX-10897,2025-08-19,Latin America,Smartphone,6,786.71,4720.23,2997.49,1722.74
TRX-10898,2025-03-27,North America,Laptop,7,1227.32,8591.27,5485.34,3105.94
TRX-10899,2026-04-19,Latin America,Accessories,13,50.85,661.0,267.0,394.01
TRX-10900,2025-05-06,Asia Pacific,Tablet,5,382.87,1914.36,1236.74,677.62
TRX-10901,2026-06-21,Asia Pacific,Accessories,10,51.24,512.37,204.59,307.78
TRX-10902,2025-05-25,North America,Tablet,14,382.12,5349.71,3397.48,1952.23
TRX-10903,2026-06-09,Europe,Monitor,8,301.29,2410.3,1580.33,829.98
TRX-10904,2025-07-31,North America,Smartphone,7,780.81,5465.64,3327.82,2137.81
TRX-10905,2025-01-25,Europe,Monitor,8,302.63,2421.05,1641.38,779.66
TRX-10906,2026-08-03,Asia Pacific,Tablet,4,390.45,1561.81,1012.59,549.22
TRX-10907,2026-01-29,Latin America,Tablet,8,419.4,3355.19,2063.56,1291.62
TRX-10908,2025-03-08,Latin America,Tablet,13,392.39,5101.06,3235.57,1865.49
TRX-10909,2025-08-21,Asia Pacific,Laptop,6,1169.04,7014.21,4943.88,2070.34
TRX-10910,2025-04-19,North America,Smartphone,3,782.28,2346.83,1522.14,824.69
TRX-10911,2025-05-26,Latin America,Monitor,13,311.89,4054.62,2470.94,1583.69
TRX-10912,2025-04-21,North America,Monitor,8,304.09,2432.69,1560.59,872.1
TRX-10913,2025-08-16,Latin America,Accessories,13,51.15,664.99,259.84,405.15
TRX-10914,2025-04-21,Europe,Tablet,7,416.72,2917.04,1770.77,1146.27
TRX-10915,2026-04-15,Latin America,Tablet,10,416.47,4164.75,2391.4,1773.35
TRX-10916,2025-02-03,Europe,Tablet,5,409.56,2047.79,1275.63,772.15
TRX-10917,2026-09-15,Latin America,Monitor,11,290.93,3200.28,2209.58,990.7
TRX-10918,2026-01-04,Latin America,Accessories,4,51.72,206.87,80.21,126.66
TRX-10919,2026-08-18,Latin America,Laptop,1,1164.45,1164.45,783.36,381.09
TRX-10920,2026-07-08,Latin America,Smartphone,10,819.43,8194.32,5047.41,3146.91
TRX-10921,2026-03-01,Latin America,Laptop,3,1222.27,3666.82,2286.6,1380.22
TRX-10922,2026-09-05,North America,Monitor,2,307.77,615.53,382.59,232.95
TRX-10923,2026-06-02,Europe,Tablet,8,401.31,3210.46,2046.77,1163.69
TRX-10924,2026-11-23,Europe,Smartphone,14,811.1,11355.37,6875.32,4480.05
TRX-10925,2025-10-09,Latin America,Monitor,8,313.6,2508.8,1575.51,933.28
TRX-10926,2025-11-16,North America,Monitor,12,288.03,3456.39,2330.01,1126.38
TRX-10927,2026-03-19,North America,Monitor,5,294.27,1471.33,994.56,476.77
TRX-10928,2025-11-11,Asia Pacific,Smartphone,14,808.91,11324.72,6686.4,4638.32
TRX-10929,2026-01-12,Asia Pacific,Smartphone,5,837.12,4185.62,2450.09,1735.53
TRX-10930,2025-10-16,North America,Accessories,11,47.98,527.76,220.6,307.16
TRX-10931,2026-03-13,Asia Pacific,Accessories,4,47.61,190.45,79.73,110.73
TRX-10932,2026-10-24,Europe,Laptop,1,1146.69,1146.69,839.97,306.72
TRX-10933,2025-10-04,North America,Smartphone,1,764.19,764.19,494.44,269.75
TRX-10934,2026-12-11,Asia Pacific,Smartphone,13,832.63,10824.13,6426.55,4397.58
TRX-10935,2026-08-05,North America,Smartphone,6,817.7,4906.2,3001.07,1905.13
TRX-10936,2026-05-18,Asia Pacific,Accessories,4,50.89,203.54,77.52,126.02
TRX-10937,2026-09-16,North America,Monitor,4,300.68,1202.71,830.1,372.6
TRX-10938,2026-05-31,Latin America,Tablet,3,411.28,1233.83,755.42,478.41
TRX-10939,2025-12-16,Europe,Accessories,14,48.28,675.9,271.38,404.52
TRX-10940,2026-03-22,Asia Pacific,Smartphone,9,791.36,7122.2,4632.05,2490.15
TRX-10941,2025-12-16,Latin America,Accessories,3,49.95,149.85,57.21,92.64
TRX-10942,2026-08-30,North America,Laptop,8,1153.25,9225.99,6708.84,2517.15
TRX-10943,2026-10-26,Latin America,Smartphone,2,793.56,1587.12,1036.51,550.61
TRX-10944,2025-05-17,Europe,Laptop,4,1177.98,4711.92,3225.48,1486.44
TRX-10945,2025-08-31,Asia Pacific,Smartphone,1,762.85,762.85,480.56,282.28
TRX-10946,2026-06-27,Asia Pacific,Accessories,11,48.18,530.02,213.74,316.28
TRX-10947,2025-02-09,North America,Monitor,5,307.92,1539.61,977.94,561.66
TRX-10948,2025-08-17,Europe,Tablet,2,380.72,761.44,487.05,274.39
TRX-10949,2026-07-02,Latin America,Laptop,11,1252.11,13773.21,8797.82,4975.4
TRX-10950,2025-08-11,North America,Accessories,13,47.93,623.12,271.56,351.56
TRX-10951,2025-01-06,Asia Pacific,Monitor,1,308.98,308.98,198.88,110.09
TRX-10952,2025-11-18,Latin America,Accessories,1,51.99,51.99,20.32,31.67
TRX-10953,2026-04-13,North America,Laptop,2,1252.94,2505.87,1630.17,875.7
TRX-10954,2025-03-16,Latin America,Tablet,5,414.7,2073.5,1296.45,777.05
TRX-10955,2025-01-04,Latin America,Accessories,12,48.94,587.25,228.81,358.44
TRX-10956,2026-10-08,North America,Smartphone,9,786.65,7079.82,4456.95,2622.87
TRX-10957,2025-04-28,Latin America,Monitor,6,297.8,1786.78,1234.17,552.61
TRX-10958,2026-08-29,Latin America,Accessories,12,48.2,578.36,247.56,330.8
TRX-10959,2026-05-19,Europe,Monitor,4,285.67,1142.67,834.19,308.49
TRX-10960,2026-07-28,Europe,Smartphone,3,829.53,2488.59,1530.42,958.17
TRX-10961,2026-03-17,Asia Pacific,Tablet,8,402.17,3217.32,1949.03,1268.29
TRX-10962,2025-07-13,Europe,Tablet,3,404.35,1213.05,750.42,462.62
TRX-10963,2026-12-16,North America,Smartphone,1,834.16,834.16,476.62,357.54
TRX-10964,2026-01-27,Latin America,Monitor,4,304.95,1219.81,811.75,408.06
TRX-10965,2025-01-26,Asia Pacific,Accessories,11,50.95,560.5,221.19,339.3
TRX-10966,2026-03-11,Europe,Smartphone,13,822.96,10698.45,6608.44,4090.0
TRX-10967,2025-06-22,Latin America,Laptop,5,1153.96,5769.81,4172.06,1597.75
TRX-10968,2025-10-27,North America,Monitor,5,295.8,1479.02,1018.73,460.3
TRX-10969,2026-10-07,Latin America,Tablet,5,418.73,2093.64,1227.56,866.09
TRX-10970,2025-11-22,North America,Smartphone,8,833.83,6670.68,3879.49,2791.18
TRX-10971,2026-02-14,Latin America,Tablet,8,415.36,3322.9,2070.93,1251.98
TRX-10972,2025-04-28,Asia Pacific,Monitor,12,298.56,3582.75,2326.64,1256.11
TRX-10973,2026-12-25,Asia Pacific,Tablet,13,414.29,5385.74,3140.02,2245.72
TRX-10974,2025-08-13,Europe,Smartphone,4,763.87,3055.49,1941.32,1114.16
TRX-10975,2026-06-16,Europe,Monitor,9,289.46,2605.1,1801.59,803.51
TRX-10976,2025-04-23,Latin America,Laptop,1,1189.68,1189.68,769.93,419.74
TRX-10977,2025-05-20,Latin America,Smartphone,5,798.67,3993.36,2609.53,1383.83
TRX-10978,2026-07-13,Europe,Accessories,5,48.82,244.09,104.66,139.43
TRX-10979,2025-01-01,Europe,Smartphone,5,788.52,3942.59,2618.45,1324.14
TRX-10980,2025-03-31,Latin America,Monitor,8,289.88,2319.07,1526.26,792.81
TRX-10981,2026-10-16,Latin America,Smartphone,9,799.13,7192.18,4700.79,2491.39
TRX-10982,2025-11-16,Latin America,Laptop,3,1235.26,3705.78,2519.38,1186.4
TRX-10983,2026-07-04,Asia Pacific,Laptop,9,1219.36,10974.27,7518.55,3455.72
TRX-10984,2025-05-19,North America,Accessories,13,48.04,624.51,264.44,360.06
TRX-10985,2026-05-26,North America,Tablet,11,399.5,4394.54,2805.34,1589.2
TRX-10986,2025-09-16,Europe,Monitor,8,305.93,2447.44,1539.56,907.87
TRX-10987,2026-11-04,Asia Pacific,Monitor,3,300.9,902.69,622.46,280.23
TRX-10988,2026-11-21,Latin America,Tablet,2,395.67,791.33,477.98,313.35
TRX-10989,2025-01-10,Latin America,Laptop,4,1214.63,4858.52,3141.67,1716.85
TRX-10990,2025-09-18,Europe,Laptop,13,1256.24,16331.08,10910.8,5420.28
TRX-10991,2026-10-12,Europe,Smartphone,12,767.59,9211.11,5953.4,3257.71
TRX-10992,2025-06-21,Asia Pacific,Accessories,2,49.45,98.9,38.52,60.38
TRX-10993,2025-01-13,North America,Accessories,4,49.53,198.13,83.75,114.38
TRX-10994,2025-06-17,North America,Accessories,5,50.38,251.92,104.84,147.08
TRX-10995,2026-10-04,Latin America,Smartphone,2,772.17,1544.35,968.7,575.64
TRX-10996,2026-08-19,Europe,Accessories,12,48.38,580.6,248.76,331.84
TRX-10997,2025-11-17,Asia Pacific,Tablet,8,391.41,3131.32,1978.08,1153.23
TRX-10998,2025-11-15,Latin America,Smartphone,1,836.47,836.47,494.07,342.4
TRX-10999,2026-09-05,North America,Tablet,3,409.36,1228.09,732.2,495.89
TRX-11000,2025-11-25,North America,Smartphone,7,812.94,5690.55,3340.65,2349.9
TRX-11001,2026-07-04,Asia Pacific,Accessories,10,51.58,515.85,195.36,320.49
TRX-11002,2026-02-23,Latin America,Tablet,1,385.1,385.1,238.84,146.26
TRX-11003,2026-08-29,Asia Pacific,Tablet,13,414.37,5386.85,3387.92,1998.93
TRX-11004,2025-04-05,Latin America,Tablet,11,403.79,4441.73,2794.47,1647.25
TRX-11005,2026-08-04,North America,Smartphone,2,786.83,1573.65,1038.66,534.99
TRX-11006,2025-11-14,Europe,Monitor,3,309.48,928.43,613.04,315.39
TRX-11007,2025-08-24,Europe,Accessories,14,51.51,721.18,269.68,451.5
TRX-11008,2025-11-30,North America,Tablet,14,413.83,5793.6,3654.2,2139.39
TRX-11009,2026-01-11,Europe,Monitor,2,288.47,576.93,416.0,160.94
TRX-11010,2026-04-04,Europe,Accessories,2,52.35,104.69,39.39,65.3
TRX-11011,2025-05-17,Latin America,Accessories,12,52.3,627.58,230.68,396.9
TRX-11012,2026-08-11,Asia Pacific,Tablet,11,394.3,4337.29,2806.14,1531.14
TRX-11013,2026-07-01,Latin America,Tablet,6,382.64,2295.81,1534.25,761.56
TRX-11014,2026-05-28,Asia Pacific,Smartphone,7,773.36,5413.55,3638.89,1774.66
TRX-11015,2025-10-23,Asia Pacific,Monitor,6,314.78,1888.71,1146.32,742.39
TRX-11016,2025-11-16,Europe,Monitor,11,301.89,3320.79,2121.17,1199.62
TRX-11017,2026-07-26,Asia Pacific,Tablet,6,394.26,2365.59,1514.74,850.85
TRX-11018,2025-12-15,Asia Pacific,Accessories,9,48.94,440.47,182.14,258.32
TRX-11019,2025-08-17,North America,Tablet,8,390.28,3122.24,1906.72,1215.52
TRX-11020,2025-09-27,Asia Pacific,Accessories,14,50.82,711.49,277.11,434.38
TRX-11021,2025-10-18,North America,Accessories,8,49.6,396.78,161.35,235.43
TRX-11022,2026-12-26,Latin America,Tablet,6,418.62,2511.7,1535.69,976.01
TRX-11023,2025-06-14,Europe,Laptop,5,1222.06,6110.31,3926.46,2183.85
TRX-11024,2025-01-05,Asia Pacific,Monitor,9,308.76,2778.85,1797.1,981.75
TRX-11025,2026-01-14,North America,Accessories,12,48.96,587.56,247.54,340.03
TRX-11026,2025-03-19,Latin America,Accessories,2,47.9,95.79,41.82,53.98
TRX-11027,2026-02-14,Latin America,Laptop,7,1198.54,8389.77,5448.98,2940.79
TRX-11028,2026-07-28,Latin America,Smartphone,6,785.17,4711.0,2925.91,1785.09
TRX-11029,2025-05-12,North America,Laptop,7,1164.25,8149.75,5846.3,2303.45
TRX-11030,2026-08-24,North America,Laptop,12,1254.32,15051.8,9500.07,5551.73
TRX-11031,2025-02-11,Europe,Accessories,4,49.72,198.88,81.75,117.13
TRX-11032,2025-03-30,Asia Pacific,Monitor,9,290.24,2612.17,1820.21,791.96
TRX-11033,2026-02-06,Latin America,Laptop,7,1163.84,8146.87,5479.93,2666.94
TRX-11034,2025-10-23,Europe,Smartphone,2,782.46,1564.91,1015.36,549.56
TRX-11035,2025-10-22,North America,Tablet,13,419.97,5459.64,3300.56,2159.09
TRX-11036,2026-09-08,Europe,Laptop,4,1172.16,4688.65,3229.58,1459.06
TRX-11037,2026-06-10,Latin America,Laptop,5,1179.46,5897.28,3839.86,2057.42
TRX-11038,2026-11-22,Latin America,Smartphone,2,812.75,1625.49,1049.52,575.98
TRX-11039,2026-09-29,Europe,Monitor,10,293.82,2938.19,1980.08,958.11
TRX-11040,2026-02-26,Latin America,Laptop,8,1165.9,9327.17,6488.48,2838.69
TRX-11041,2025-01-23,North America,Laptop,1,1159.04,1159.04,830.86,328.18
TRX-11042,2026-07-29,Latin America,Monitor,3,294.38,883.14,595.4,287.74
TRX-11043,2025-05-23,Asia Pacific,Smartphone,14,768.47,10758.63,7191.75,3566.88
TRX-11044,2026-10-27,Asia Pacific,Laptop,1,1142.24,1142.24,837.75,304.49
TRX-11045,2025-05-25,Latin America,Monitor,5,309.14,1545.7,985.89,559.8
TRX-11046,2025-08-13,Europe,Laptop,8,1156.55,9252.38,6339.37,2913.01
TRX-11047,2026-05-18,Latin America,Tablet,7,411.04,2877.27,1820.98,1056.3
TRX-11048,2026-09-08,Asia Pacific,Accessories,9,51.49,463.39,173.87,289.52
TRX-11049,2025-04-14,North America,Tablet,2,401.52,803.03,476.43,326.6
TRX-11050,2025-02-08,Asia Pacific,Laptop,12,1177.16,14125.94,9992.53,4133.41
TRX-11051,2025-07-17,Latin America,Smartphone,8,771.6,6172.82,4128.64,2044.18
TRX-11052,2026-10-08,Latin America,Accessories,8,51.18,409.47,167.56,241.91
TRX-11053,2026-08-02,Europe,Tablet,14,404.06,5656.78,3345.38,2311.39
TRX-11054,2026-01-26,Latin America,Monitor,6,304.66,1827.98,1158.74,669.24
TRX-11055,2025-06-28,Latin America,Smartphone,3,760.69,2282.08,1440.8,841.28
TRX-11056,2026-07-08,North America,Tablet,2,417.1,834.2,509.17,325.03
TRX-11057,2026-03-24,North America,Monitor,14,286.99,4017.84,2829.68,1188.16
TRX-11058,2026-05-15,North America,Laptop,8,1184.02,9472.13,6309.97,3162.16
TRX-11059,2025-01-15,Europe,Monitor,6,297.08,1782.49,1146.89,635.6
TRX-11060,2026-09-15,Europe,Tablet,4,380.05,1520.22,1013.97,506.25
TRX-11061,2026-10-31,Asia Pacific,Tablet,5,399.88,1999.42,1258.77,740.65
TRX-11062,2025-10-16,Europe,Laptop,5,1230.34,6151.69,3845.16,2306.52
TRX-11063,2026-04-23,North America,Monitor,13,309.7,4026.07,2706.32,1319.76
TRX-11064,2025-08-19,Europe,Monitor,9,311.38,2802.44,1745.81,1056.63
TRX-11065,2026-02-24,Latin America,Laptop,13,1198.53,15580.84,10653.25,4927.59
TRX-11066,2025-06-06,Europe,Monitor,13,303.92,3950.95,2700.12,1250.83
TRX-11067,2026-07-04,Latin America,Laptop,9,1149.54,10345.88,7257.22,3088.66
TRX-11068,2026-03-17,Asia Pacific,Smartphone,8,799.04,6392.34,3898.74,2493.6
TRX-11069,2025-04-07,Latin America,Tablet,8,386.19,3089.54,1961.85,1127.69
TRX-11070,2026-02-15,North America,Smartphone,12,789.57,9474.86,6231.45,3243.41
TRX-11071,2025-10-16,Asia Pacific,Accessories,2,49.15,98.29,39.19,59.1
TRX-11072,2025-09-11,Asia Pacific,Accessories,14,49.62,694.65,286.89,407.75
TRX-11073,2025-07-15,Asia Pacific,Accessories,3,50.36,151.07,62.94,88.13
TRX-11074,2026-08-21,North America,Laptop,14,1248.35,17476.83,11759.79,5717.04
TRX-11075,2026-06-06,Latin America,Monitor,8,296.83,2374.68,1605.36,769.32
TRX-11076,2026-06-01,Asia Pacific,Smartphone,13,838.49,10900.38,6712.26,4188.12
TRX-11077,2026-09-27,North America,Smartphone,5,820.72,4103.61,2622.56,1481.05
TRX-11078,2025-04-28,Asia Pacific,Smartphone,7,800.92,5606.43,3456.14,2150.29
TRX-11079,2025-06-08,Asia Pacific,Smartphone,14,811.52,11361.31,6826.69,4534.62
TRX-11080,2025-08-16,North America,Accessories,8,48.01,384.09,153.83,230.26
TRX-11081,2025-08-04,Europe,Smartphone,6,827.56,4965.37,2892.27,2073.1
TRX-11082,2026-11-27,Asia Pacific,Monitor,5,302.47,1512.35,1035.36,477.0
TRX-11083,2025-01-15,Europe,Accessories,8,52.43,419.44,161.42,258.02
TRX-11084,2025-06-06,Asia Pacific,Smartphone,1,810.91,810.91,518.69,292.23
TRX-11085,2026-10-10,Europe,Laptop,1,1240.09,1240.09,823.16,416.94
TRX-11086,2025-09-18,Latin America,Tablet,1,411.99,411.99,254.34,157.65
TRX-11087,2025-06-06,Europe,Tablet,3,393.82,1181.46,758.2,423.26
TRX-11088,2025-02-16,Europe,Tablet,10,390.38,3903.84,2387.08,1516.76
TRX-11089,2025-11-20,Europe,Accessories,13,49.65,645.48,269.68,375.8
TRX-11090,2026-11-16,Europe,Smartphone,12,797.38,9568.55,5950.71,3617.85
TRX-11091,2025-05-10,Latin America,Accessories,6,48.7,292.2,120.72,171.49
TRX-11092,2026-02-15,North America,Monitor,6,311.84,1871.03,1142.63,728.39
TRX-11093,2025-04-05,Europe,Laptop,5,1205.11,6025.53,4174.43,1851.1
TRX-11094,2026-09-19,North America,Laptop,13,1257.41,16346.37,10818.85,5527.52
TRX-11095,2025-10-19,Asia Pacific,Tablet,13,412.4,5361.21,3264.07,2097.14
TRX-11096,2025-10-10,North America,Tablet,14,402.23,5631.19,3527.06,2104.14
TRX-11097,2025-03-10,Europe,Tablet,7,417.88,2925.17,1785.88,1139.29
TRX-11098,2026-10-22,North America,Smartphone,5,800.39,4001.95,2441.17,1560.78
TRX-11099,2025-01-11,Latin America,Monitor,14,311.61,4362.58,2722.14,1640.45
TRX-11100,2025-09-11,Latin America,Monitor,2,295.74,591.49,406.96,184.53
TRX-11101,2026-07-04,Europe,Monitor,4,296.36,1185.44,768.35,417.08
TRX-11102,2025-05-14,North America,Monitor,1,297.54,297.54,199.08,98.46
TRX-11103,2026-12-13,Asia Pacific,Tablet,7,401.87,2813.06,1748.73,1064.32
TRX-11104,2025-01-23,Latin America,Laptop,4,1206.42,4825.68,3162.03,1663.65
TRX-11105,2025-12-12,Europe,Tablet,13,399.86,5198.13,3147.71,2050.42
TRX-11106,2025-10-29,Latin America,Monitor,4,294.18,1176.72,788.43,388.29
TRX-11107,2025-12-29,Europe,Tablet,13,417.09,5422.15,3197.21,2224.94
TRX-11108,2026-01-31,North America,Monitor,4,302.66,1210.63,799.94,410.69
TRX-11109,2025-08-06,North America,Accessories,3,49.54,148.62,61.05,87.57
TRX-11110,2025-05-21,North America,Laptop,8,1218.14,9745.13,6699.67,3045.46
TRX-11111,2026-09-08,North America,Accessories,4,51.34,205.36,77.15,128.21
TRX-11112,2025-07-29,North America,Smartphone,8,836.86,6694.87,4149.21,2545.66
TRX-11113,2026-09-15,Europe,Tablet,9,399.98,3599.84,2201.44,1398.4
TRX-11114,2026-09-08,Latin America,Smartphone,1,768.97,768.97,504.57,264.4
TRX-11115,2026-11-14,Asia Pacific,Tablet,4,397.63,1590.52,1004.67,585.85
TRX-11116,2026-04-05,Latin America,Accessories,6,49.89,299.37,120.68,178.69
TRX-11117,2025-12-22,North America,Monitor,8,311.91,2495.28,1635.74,859.54
TRX-11118,2025-11-20,Latin America,Monitor,14,296.84,4155.82,2766.87,1388.94
TRX-11119,2025-05-13,Latin America,Tablet,6,418.13,2508.8,1472.86,1035.93
TRX-11120,2025-05-07,Europe,Monitor,12,299.55,3594.65,2484.68,1109.97
TRX-11121,2025-04-16,Asia Pacific,Accessories,6,52.37,314.21,116.64,197.57
TRX-11122,2026-08-27,Asia Pacific,Monitor,10,285.25,2852.46,1936.05,916.41
TRX-11123,2026-01-13,,Accessories,4,51.99,207.98,76.12,131.85
TRX-11124,2025-02-20,Europe,Smartphone,9,834.49,7510.41,4369.76,3140.65
TRX-11125,2025-01-29,Europe,Accessories,7,52.31,366.14,140.26,225.88
TRX-11126,2026-04-07,Europe,Laptop,14,1141.57,15981.97,11243.13,4738.84
TRX-11127,2025-10-23,Europe,Laptop,11,1160.6,12766.65,8583.89,4182.76
TRX-11128,2025-10-24,Europe,Laptop,6,1218.45,7310.71,4594.69,2716.02
TRX-11129,2026-12-27,Asia Pacific,Tablet,1,381.02,381.02,256.12,124.9
TRX-11130,2026-02-11,Asia Pacific,Tablet,2,382.54,765.09,512.9,252.19
TRX-11131,2026-09-05,Latin America,Tablet,12,388.84,4666.12,3149.35,1516.77
TRX-11132,2026-02-09,Asia Pacific,Accessories,6,50.06,300.37,124.8,175.57
TRX-11133,2025-12-12,Europe,Tablet,11,401.84,4420.2,2867.17,1553.03
TRX-11134,2026-09-14,Latin America,Smartphone,1,762.74,762.74,514.91,247.83
TRX-11135,2026-02-24,Asia Pacific,Laptop,11,1160.44,12764.88,8901.64,3863.24
TRX-11136,2025-07-01,Latin America,Accessories,5,50.0,249.99,96.29,153.71
TRX-11137,2025-01-01,Asia Pacific,Laptop,1,1211.27,1211.27,809.79,401.49
TRX-11138,2026-07-21,North America,Tablet,13,385.94,5017.17,3105.69,1911.48
TRX-11139,2026-01-06,Asia Pacific,Accessories,3,49.49,148.48,62.31,86.17
TRX-11140,2026-10-23,Latin America,Monitor,12,312.13,3745.58,2395.64,1349.95
TRX-11141,2026-03-07,North America,Smartphone,12,839.91,10078.94,6118.48,3960.46
TRX-11142,2025-11-05,Europe,Tablet,12,419.49,5033.86,2865.67,2168.19
TRX-11143,2025-05-17,Latin America,Tablet,7,415.27,2906.87,1755.99,1150.88
TRX-11144,2025-07-21,Europe,Smartphone,5,791.57,3957.86,2450.32,1507.55
TRX-11145,2026-03-12,Europe,Smartphone,12,814.93,9779.11,5870.98,3908.13
TRX-11146,2025-11-09,Latin America,Monitor,10,297.5,2974.98,1977.93,997.05
TRX-11147,2025-04-27,Europe,Tablet,1,405.94,405.94,237.52,168.43
TRX-11148,2026-10-28,Latin America,Tablet,1,392.38,392.38,249.17,143.21
TRX-11149,2026-07-29,Latin America,Laptop,8,1212.74,9701.95,6391.4,3310.55
TRX-11150,2025-09-01,Asia Pacific,Accessories,11,50.12,551.31,227.99,323.32
TRX-11151,2026-06-21,North America,Accessories,14,47.62,666.71,278.56,388.15
TRX-11152,2026-08-25,Europe,Laptop,13,1234.88,16053.5,10258.1,5795.4
TRX-11153,2025-03-16,Europe,Accessories,9,47.56,428.04,188.91,239.13
TRX-11154,2026-01-21,North America,Smartphone,7,783.45,5484.17,3524.92,1959.24
TRX-11155,2025-07-29,North America,Accessories,13,47.53,617.89,259.29,358.6
TRX-11156,2026-04-20,North America,Accessories,3,49.38,148.14,59.98,88.17
TRX-11157,2026-02-22,North America,Laptop,12,1147.58,13770.95,9896.81,3874.14
TRX-11158,2025-12-13,North America,Monitor,6,312.41,1874.43,1180.88,693.55
TRX-11159,2026-06-13,Asia Pacific,Accessories,3,49.58,148.74,59.33,89.4
TRX-11160,2026-10-02,Latin America,Accessories,10,49.8,497.97,205.12,292.86
TRX-11161,2025-06-28,North America,Monitor,4,295.5,1181.98,765.84,416.14
TRX-11162,2025-07-01,Asia Pacific,Laptop,12,1215.3,14583.61,9950.56,4633.05
TRX-11163,2026-10-26,North America,Monitor,4,308.53,1234.13,794.42,439.71
TRX-11164,2025-01-25,North America,Laptop,3,1217.78,3653.33,2419.51,1233.82
TRX-11165,2025-06-29,Europe,Smartphone,10,819.86,8198.57,5128.74,3069.83
TRX-11166,2026-12-11,Europe,Laptop,6,1248.72,7492.3,4687.7,2804.6
TRX-11167,2026-05-16,Europe,Smartphone,5,829.08,4145.42,2597.58,1547.84
TRX-11168,2025-06-10,Europe,Smartphone,11,813.92,8953.17,5763.57,3189.6
TRX-11169,2025-06-26,Latin America,Laptop,9,1165.76,10491.81,7195.88,3295.93
TRX-11170,2025-10-12,Latin America,Tablet,9,405.51,3649.57,2348.31,1301.26
TRX-11171,2025-03-04,Europe,Laptop,3,1200.73,3602.19,2280.27,1321.92
TRX-11172,2026-10-24,Europe,Accessories,13,51.09,664.12,270.25,393.87
TRX-11173,2026-10-28,North America,Accessories,9,51.66,464.98,176.6,288.38
TRX-11174,2025-06-05,North America,Tablet,13,409.71,5326.22,3188.74,2137.48
TRX-11175,2026-04-14,Europe,Smartphone,12,827.72,9932.7,5836.85,4095.85
TRX-11176,2025-02-18,Europe,Tablet,3,382.55,1147.66,736.28,411.39
TRX-11177,2025-03-25,Europe,Accessories,4,47.66,190.63,77.71,112.92
TRX-11178,2025-12-27,North America,Tablet,1,390.34,390.34,260.15,130.19
TRX-11179,2026-11-20,Europe,Laptop,5,1248.08,6240.4,4159.61,2080.79
TRX-11180,2025-05-28,Europe,Tablet,12,412.95,4955.36,2880.66,2074.69
TRX-11181,2026-09-22,Latin America,Smartphone,9,814.62,7331.56,4339.29,2992.28
TRX-11182,2025-12-08,Latin America,Laptop,2,1224.09,2448.18,1657.92,790.26
TRX-11183,2026-04-21,North America,Monitor,4,306.8,1227.2,791.92,435.29
TRX-11184,2025-03-04,Latin America,Accessories,10,52.21,522.13,193.39,328.74
TRX-11185,2026-12-02,North America,Accessories,2,51.66,103.32,40.04,63.28
TRX-11186,2025-12-26,Asia Pacific,Tablet,14,404.94,5669.1,3470.83,2198.26
TRX-11187,2026-07-15,Europe,Laptop,8,1219.89,9759.09,6220.26,3538.82
TRX-11188,2025-11-23,North America,Monitor,9,291.41,2622.71,1839.74,782.97
TRX-11189,2025-05-21,Latin America,Laptop,3,1218.88,3656.63,2431.51,1225.13
TRX-11190,2025-08-03,Asia Pacific,Accessories,13,49.62,645.1,249.59,395.51
TRX-11191,2026-03-11,Latin America,Laptop,9,1158.36,10425.2,7506.28,2918.92
TRX-11192,2026-12-24,North America,Monitor,6,309.19,1855.15,1207.02,648.14
TRX-11193,2025-11-14,Asia Pacific,Tablet,6,400.41,2402.46,1462.53,939.93
TRX-11194,2025-02-01,,Smartphone,7,838.19,5867.36,3397.2,2470.16
TRX-11195,2026-11-01,Asia Pacific,Laptop,12,1173.8,14085.62,9250.51,4835.11
TRX-11196,2025-10-12,Europe,Smartphone,5,798.45,3992.27,2481.16,1511.11
TRX-11197,2025-11-01,Europe,Accessories,6,49.74,298.44,115.63,182.81
TRX-11198,2026-03-05,Asia Pacific,Tablet,11,384.83,4233.14,2726.85,1506.29
TRX-11199,2026-04-22,Latin America,Tablet,1,397.04,397.04,241.22,155.83
TRX-11200,2025-10-13,Latin America,Laptop,3,1174.51,3523.52,2437.63,1085.89
TRX-11201,2025-05-24,Latin America,Tablet,12,386.41,4636.95,3085.57,1551.38
TRX-11202,2026-02-28,Europe,Laptop,9,1173.86,10564.73,7235.66,3329.07
TRX-11203,2025-01-19,North America,Laptop,12,1167.99,14015.88,9772.85,4243.03
TRX-11204,2025-01-18,North America,Smartphone,5,818.73,4093.63,2609.59,1484.03
TRX-11205,2026-08-13,Asia Pacific,Tablet,5,381.23,1906.16,1267.3,638.86
TRX-11206,2026-01-06,Latin America,Laptop,8,1214.1,9712.76,6313.06,3399.7
TRX-11207,2025-06-24,Asia Pacific,Smartphone,11,820.85,9029.38,5472.21,3557.17
TRX-11208,2025-07-13,North America,Monitor,11,299.42,3293.64,2279.32,1014.32
TRX-11209,2026-05-17,North America,Smartphone,13,834.53,10848.83,6259.97,4588.86
TRX-11210,2025-04-23,Latin America,Smartphone,2,816.63,1633.26,982.57,650.69
TRX-11211,2025-04-24,Asia Pacific,Laptop,13,1229.75,15986.76,10480.37,5506.39
TRX-11212,2025-08-10,Latin America,Accessories,7,48.48,339.39,142.47,196.92
TRX-11213,2026-11-09,North America,Accessories,9,51.39,462.48,184.74,277.74
TRX-11214,2026-10-06,North America,Accessories,7,51.66,361.62,137.45,224.17
TRX-11215,2025-09-21,Latin America,Smartphone,12,788.9,9466.82,5787.52,3679.3
TRX-11216,2025-02-24,Asia Pacific,Laptop,5,1165.6,5828.02,4181.94,1646.08
TRX-11217,2026-10-05,Europe,Tablet,13,395.4,5140.23,3112.33,2027.9
TRX-11218,2026-04-03,Latin America,Smartphone,6,819.17,4915.01,2878.74,2036.27
TRX-11219,2025-06-11,North America,Smartphone,4,793.41,3173.64,1998.99,1174.66
TRX-11220,2026-01-15,Europe,Laptop,14,1228.4,17197.58,11557.58,5639.99
TRX-11221,2025-03-28,Latin America,Monitor,12,288.41,3460.88,2465.88,995.0
TRX-11222,2025-02-24,Europe,Smartphone,7,824.48,5771.37,3653.19,2118.17
TRX-11223,2026-04-21,Latin America,Monitor,1,292.6,292.6,192.83,99.76
TRX-11224,2025-06-27,North America,Monitor,4,292.47,1169.87,790.06,379.81
TRX-11225,2026-01-26,Latin America,Accessories,3,50.45,151.36,58.69,92.66
TRX-11226,2025-12-15,Europe,Laptop,13,1148.41,14929.38,10775.3,4154.08
TRX-11227,2025-01-08,Asia Pacific,Monitor,4,285.79,1143.16,799.07,344.09
TRX-11228,2025-11-09,North America,Laptop,1,1171.32,1171.32,762.15,409.18
TRX-11229,2026-03-19,North America,Accessories,12,50.19,602.28,244.99,357.29
TRX-11230,2025-11-24,Europe,Laptop,13,1248.91,16235.88,10284.25,5951.64
TRX-11231,2025-02-23,Latin America,Smartphone,2,827.71,1655.43,1003.11,652.31
TRX-11232,2025-08-27,Latin America,Monitor,12,299.71,3596.56,2494.51,1102.05
TRX-11233,2025-08-17,Latin America,Laptop,11,1144.45,12588.91,8585.93,4002.98
TRX-11234,2026-08-02,North America,Tablet,13,401.41,5218.33,3165.59,2052.75
TRX-11235,2025-02-20,North America,Laptop,9,1224.58,11021.18,7029.5,3991.68
TRX-11236,2026-09-01,Europe,Monitor,7,295.17,2066.22,1377.34,688.89
TRX-11237,2026-08-27,Latin America,Accessories,13,48.06,624.72,249.79,374.93
TRX-11238,2025-09-21,Latin America,Accessories,6,48.89,293.36,122.37,170.99
TRX-11239,2026-02-22,Europe,Monitor,2,308.15,616.3,388.3,228.0
TRX-11240,2025-04-06,North America,Smartphone,1,788.1,788.1,521.31,266.79
TRX-11241,2025-03-29,North America,Smartphone,2,824.96,1649.92,971.57,678.35
TRX-11242,2025-03-19,Asia Pacific,Accessories,7,49.1,343.68,136.58,207.1
TRX-11243,2025-10-15,Asia Pacific,Accessories,2,48.32,96.64,39.19,57.45
TRX-11244,2025-04-30,Latin America,Monitor,3,298.08,894.23,616.11,278.11
TRX-11245,2026-05-06,North America,Smartphone,8,796.18,6369.46,3971.04,2398.41
TRX-11246,2026-03-28,Latin America,Accessories,7,47.58,333.06,144.47,188.59
TRX-11247,2026-05-15,North America,Smartphone,12,769.36,9232.36,6170.91,3061.45
TRX-11248,2025-06-14,Asia Pacific,Accessories,11,48.42,532.67,229.45,303.22
TRX-11249,2025-07-01,Europe,Laptop,11,1153.63,12689.94,9025.81,3664.12
TRX-11250,2026-04-14,North America,Tablet,14,393.66,5511.25,3343.17,2168.09
TRX-11251,2025-01-07,Asia Pacific,Laptop,11,1255.75,13813.3,9096.81,4716.49
TRX-11252,2025-11-26,Asia Pacific,Accessories,9,50.05,450.42,187.89,262.53
TRX-11253,2026-11-04,North America,Tablet,12,405.1,4861.23,3148.11,1713.12
TRX-11254,2025-05-31,Latin America,Tablet,4,394.26,1577.02,962.53,614.5
TRX-11255,2025-03-26,North America,Accessories,7,49.12,343.82,141.59,202.24
TRX-11256,2025-05-27,Asia Pacific,Accessories,1,47.62,47.62,19.4,28.22
TRX-11257,2026-09-16,North America,Smartphone,11,800.03,8800.29,5369.38,3430.91
TRX-11258,2026-01-16,Europe,Accessories,11,49.92,549.1,225.4,323.7
TRX-11259,2026-07-02,Latin America,Monitor,2,289.73,579.47,419.11,160.36
TRX-11260,2025-10-12,North America,Accessories,7,51.32,359.25,141.33,217.92
TRX-11261,2026-12-01,Asia Pacific,Monitor,2,299.78,599.56,414.02,185.54
TRX-11262,2025-03-23,Asia Pacific,Accessories,6,49.19,295.17,114.11,181.06
TRX-11263,2026-05-29,Latin America,Smartphone,13,771.75,10032.79,6198.81,3833.97
TRX-11264,2026-12-10,North America,Monitor,10,301.56,3015.65,2019.34,996.3
TRX-11265,2026-06-07,Asia Pacific,Laptop,12,1230.34,14764.06,9493.42,5270.63
TRX-11266,2026-01-21,Latin America,Monitor,9,293.46,2641.14,1870.16,770.98
TRX-11267,2026-12-08,Europe,Smartphone,11,777.5,8552.54,5391.09,3161.45
TRX-11268,2026-04-16,Latin America,Monitor,5,300.66,1503.29,993.21,510.09
TRX-11269,2025-04-29,North America,Accessories,10,48.28,482.77,200.56,282.21
TRX-11270,2026-01-31,North America,Accessories,7,50.83,355.83,136.82,219.01
TRX-11271,2026-06-16,Asia Pacific,Smartphone,13,808.43,10509.56,6765.52,3744.04
TRX-11272,2025-09-18,Europe,Tablet,1,383.48,383.48,249.11,134.37
TRX-11273,2025-09-13,North America,Accessories,8,47.68,381.46,158.79,222.67
TRX-11274,2025-08-14,Asia Pacific,Laptop,9,1214.43,10929.91,7451.82,3478.09
TRX-11275,2025-02-22,Latin America,Smartphone,13,783.54,10186.07,6377.79,3808.28
TRX-11276,2026-05-15,Latin America,Monitor,5,287.59,1437.97,1031.75,406.22
TRX-11277,2026-05-21,North America,Monitor,6,307.78,1846.7,1154.67,692.02
TRX-11278,2025-12-30,Europe,Laptop,13,1177.69,15309.91,10070.1,5239.81
TRX-11279,2025-10-07,Asia Pacific,Accessories,11,49.8,547.78,229.92,317.86
TRX-11280,2026-08-16,North America,Smartphone,8,778.95,6231.56,4136.98,2094.58
TRX-11281,2026-12-15,Asia Pacific,Laptop,4,1215.28,4861.11,3164.13,1696.98
TRX-11282,2025-06-07,Latin America,Accessories,2,49.01,98.01,40.55,57.46
TRX-11283,2026-09-24,Asia Pacific,Smartphone,10,837.44,8374.42,5221.49,3152.93
TRX-11284,2025-02-28,Latin America,Monitor,8,306.09,2448.71,1553.9,894.81
TRX-11285,2026-12-28,Europe,Smartphone,2,770.94,1541.88,955.9,585.97
TRX-11286,2025-05-08,Europe,Tablet,5,396.67,1983.34,1254.68,728.66
TRX-11287,2026-12-22,Latin America,Smartphone,13,790.83,10280.84,6267.69,4013.15
TRX-11288,2025-04-25,North America,Tablet,6,401.37,2408.22,1453.1,955.12
TRX-11289,2025-07-28,,Smartphone,5,827.35,4136.77,2597.88,1538.89
TRX-11290,2026-06-10,Asia Pacific,Tablet,6,403.34,2420.02,1426.11,993.91
TRX-11291,2026-06-05,Asia Pacific,Monitor,6,286.85,1721.08,1238.02,483.06
TRX-11292,2026-07-06,Asia Pacific,Accessories,3,50.78,152.33,60.1,92.23
TRX-11293,2025-08-25,North America,Tablet,11,380.33,4183.64,2766.31,1417.33
TRX-11294,2025-10-08,Europe,Tablet,11,411.2,4523.18,2797.24,1725.95
TRX-11295,2025-12-25,Europe,Monitor,3,305.0,915.0,595.89,319.11
TRX-11296,2025-07-20,Asia Pacific,Tablet,9,392.35,3531.16,2163.51,1367.65
TRX-11297,2025-10-05,North America,Laptop,3,1175.09,3525.28,2304.68,1220.6
TRX-11298,2025-08-23,Asia Pacific,Monitor,3,308.95,926.84,615.26,311.58
TRX-11299,2026-05-09,Europe,Laptop,11,1234.0,13574.0,8554.51,5019.49
TRX-11300,2025-01-04,Latin America,Monitor,14,295.57,4137.97,2667.87,1470.1
TRX-11301,2026-10-28,Asia Pacific,Tablet,2,391.96,783.92,523.98,259.94
TRX-11302,2026-03-18,Asia Pacific,Laptop,7,1207.18,8450.25,5869.02,2581.23
TRX-11303,2025-01-29,Asia Pacific,Tablet,10,380.33,3803.35,2469.54,1333.81
TRX-11304,2025-04-19,Europe,Monitor,10,287.48,2874.8,1905.1,969.7
TRX-11305,2026-09-02,North America,Tablet,4,385.05,1540.19,1022.73,517.46
TRX-11306,2026-12-28,Latin America,Laptop,1,1162.25,1162.25,826.48,335.77
TRX-11307,2025-03-16,Latin America,Laptop,6,1201.44,7208.65,4620.01,2588.65
TRX-11308,2025-05-26,Latin America,Tablet,5,419.69,2098.45,1204.43,894.02
TRX-11309,2025-05-08,Asia Pacific,Smartphone,14,812.21,11370.93,7225.56,4145.37
TRX-11310,2025-02-11,Europe,Monitor,11,286.84,3155.23,2292.82,862.41
TRX-11311,2025-12-22,Latin America,Monitor,2,300.77,601.53,411.63,189.9
TRX-11312,2025-02-10,Asia Pacific,Tablet,6,399.87,2399.19,1455.11,944.08
TRX-11313,2025-02-03,North America,Smartphone,1,771.53,771.53,495.58,275.96
TRX-11314,2025-01-17,Asia Pacific,Laptop,3,1250.43,3751.3,2424.2,1327.1
TRX-11315,2026-11-08,Latin America,Accessories,4,49.7,198.82,77.28,121.53
TRX-11316,2025-06-02,Latin America,Accessories,13,52.47,682.15,252.48,429.67
TRX-11317,2026-01-13,North America,Tablet,3,396.8,1190.41,733.72,456.69
TRX-11318,2026-08-11,Europe,Smartphone,13,808.64,10512.28,6506.18,4006.09
TRX-11319,2026-08-22,North America,Smartphone,6,768.38,4610.29,3003.24,1607.04
TRX-11320,2026-09-21,North America,Monitor,11,298.63,3284.9,2269.14,1015.75
TRX-11321,2025-12-08,Latin America,Laptop,4,1168.65,4674.61,3280.96,1393.64
TRX-11322,2025-01-27,Latin America,Smartphone,14,826.85,11575.83,7289.61,4286.22
TRX-11323,2025-10-14,Europe,Accessories,1,51.42,51.42,20.67,30.75
TRX-11324,2026-10-08,Latin America,Laptop,5,1238.9,6194.51,3901.55,2292.96
TRX-11325,2025-06-17,North America,Laptop,5,1226.83,6134.17,3932.52,2201.65
TRX-11326,2026-09-02,North America,Tablet,9,413.31,3719.77,2250.1,1469.67
TRX-11327,2025-09-25,Europe,Smartphone,8,776.07,6208.53,3805.71,2402.82
TRX-11328,2026-03-31,Latin America,Tablet,8,398.08,3184.65,2080.78,1103.87
TRX-11329,2026-11-16,Latin America,Smartphone,5,815.35,4076.74,2386.09,1690.65
TRX-11330,2026-02-05,North America,Monitor,8,304.12,2432.97,1571.59,861.38
TRX-11331,2026-04-21,North America,Tablet,14,408.65,5721.16,3524.21,2196.95
TRX-11332,2026-12-03,Latin America,Tablet,10,388.97,3889.7,2504.46,1385.24
TRX-11333,2026-09-26,Asia Pacific,Accessories,7,47.99,335.95,142.16,193.78
TRX-11334,2026-07-12,North America,Tablet,1,416.67,416.67,250.69,165.98
TRX-11335,2026-07-30,North America,Smartphone,12,804.81,9657.77,5837.4,3820.36
TRX-11336,2025-05-10,North America,Accessories,7,48.27,337.88,135.82,202.07
TRX-11337,2025-12-29,Europe,Tablet,11,411.74,4529.11,2861.99,1667.12
TRX-11338,2026-12-06,Latin America,Tablet,8,416.6,3332.78,1952.79,1379.98
TRX-11339,2026-11-24,Latin America,Monitor,3,290.09,870.26,586.86,283.4
TRX-11340,2025-10-19,Latin America,Tablet,9,412.7,3714.27,2230.41,1483.85
TRX-11341,2026-01-06,North America,Laptop,8,1251.99,10015.9,6169.24,3846.66
TRX-11342,2025-01-29,Latin America,Accessories,2,52.19,104.38,40.03,64.35
TRX-11343,2025-05-29,Latin America,Laptop,6,1249.7,7498.19,4879.22,2618.98
TRX-11344,2025-10-23,Latin America,Accessories,4,50.23,200.93,82.29,118.64
TRX-11345,2025-01-11,Europe,Monitor,3,295.69,887.06,612.69,274.37
TRX-11346,2026-05-27,Europe,Tablet,11,380.29,4183.2,2653.1,1530.1
TRX-11347,2026-11-07,North America,Tablet,6,382.44,2294.62,1493.41,801.21
TRX-11348,2025-04-23,Latin America,Tablet,10,397.15,3971.54,2384.65,1586.89
TRX-11349,2025-07-06,North America,Accessories,13,49.5,643.46,247.46,395.99
TRX-11350,2025-08-15,North America,Tablet,9,387.39,3486.5,2236.53,1249.97
TRX-11351,2025-11-06,North America,Laptop,2,1187.46,2374.92,1560.47,814.44
TRX-11352,2025-04-08,North America,Tablet,10,386.99,3869.86,2545.84,1324.02
TRX-11353,2025-02-24,North America,Monitor,10,310.46,3104.64,2044.85,1059.79
TRX-11354,2026-09-15,North America,Laptop,10,1175.78,11757.83,8316.32,3441.51
TRX-11355,2026-10-26,Europe,Tablet,5,403.94,2019.71,1282.59,737.13
TRX-11356,2026-02-10,Asia Pacific,Tablet,6,400.11,2400.68,1432.24,968.45
TRX-11357,2025-03-10,Europe,Smartphone,4,764.15,3056.6,1974.32,1082.28
TRX-11358,2025-11-08,North America,Accessories,7,52.21,365.48,136.82,228.66
TRX-11359,2025-10-16,Asia Pacific,Laptop,2,1203.27,2406.53,1581.78,824.75
TRX-11360,2026-07-02,Asia Pacific,Smartphone,7,786.0,5502.03,3381.03,2121.01
TRX-11361,2025-05-28,Latin America,Monitor,2,289.74,579.49,383.91,195.58
TRX-11362,2026-04-12,North America,Accessories,1,49.19,49.19,20.04,29.15
TRX-11363,2025-09-01,North America,Laptop,11,1142.46,12567.08,8993.94,3573.14
TRX-11364,2026-05-06,Europe,Tablet,5,394.54,1972.71,1275.24,697.47
TRX-11365,2026-05-22,Asia Pacific,Laptop,2,1203.78,2407.56,1592.15,815.41
TRX-11366,2025-12-31,Asia Pacific,Tablet,8,414.87,3319.0,2004.46,1314.54
TRX-11367,2026-04-27,North America,Accessories,12,50.94,611.24,240.39,370.85
TRX-11368,2025-07-20,Latin America,Tablet,12,384.46,4613.56,3057.47,1556.09
TRX-11369,2025-06-03,North America,Monitor,12,289.43,3473.19,2291.5,1181.69
TRX-11370,2026-03-26,,Tablet,8,397.12,3177.0,2041.98,1135.02
TRX-11371,2026-05-16,Latin America,Monitor,1,290.87,290.87,201.64,89.23
TRX-11372,2025-03-14,Latin America,Accessories,4,47.64,190.56,77.58,112.97
TRX-11373,2026-12-14,Asia Pacific,Accessories,14,51.53,721.35,267.37,453.98
TRX-11374,2025-10-23,North America,Laptop,9,1142.34,10281.08,6918.14,3362.94
TRX-11375,2025-01-17,North America,Monitor,5,309.92,1549.6,1002.47,547.13
TRX-11376,2026-10-03,North America,Monitor,12,289.32,3471.88,2462.02,1009.86
TRX-11377,2025-08-05,Europe,Smartphone,11,837.97,9217.72,5409.06,3808.66
TRX-11378,2025-03-02,Europe,Smartphone,10,808.31,8083.1,4939.56,3143.54
TRX-11379,2026-09-08,Latin America,Smartphone,13,818.8,10644.38,6782.2,3862.19
TRX-11380,2025-02-11,North America,Tablet,6,384.42,2306.52,1456.95,849.56
TRX-11381,2025-01-25,Europe,Smartphone,3,828.97,2486.9,1440.56,1046.34
TRX-11382,2025-02-08,Latin America,Monitor,5,310.18,1550.88,984.34,566.54
TRX-11383,2025-05-11,Asia Pacific,Tablet,14,406.12,5685.68,3586.07,2099.6
TRX-11384,2026-05-13,Asia Pacific,Accessories,12,50.01,600.14,243.03,357.11
TRX-11385,2025-08-17,North America,Laptop,13,1226.58,15945.52,10312.43,5633.1
TRX-11386,2025-04-18,Asia Pacific,Smartphone,13,760.47,9886.17,6802.09,3084.08
TRX-11387,2025-06-21,Asia Pacific,Accessories,13,50.46,656.01,266.11,389.9
TRX-11388,2026-03-11,Asia Pacific,Monitor,1,310.42,310.42,191.24,119.18
TRX-11389,2026-04-23,Latin America,Laptop,8,1182.83,9462.62,6556.56,2906.06
TRX-11390,2025-04-12,Asia Pacific,Accessories,11,48.04,528.46,209.53,318.93
TRX-11391,2026-06-08,Asia Pacific,Laptop,6,1190.51,7143.03,4872.16,2270.88
TRX-11392,2025-10-02,Latin America,Smartphone,12,818.17,9818.02,5826.29,3991.73
TRX-11393,2026-09-05,Europe,Monitor,2,288.22,576.44,407.86,168.58
TRX-11394,2025-02-13,Latin America,Laptop,4,1164.73,4658.9,3139.13,1519.77
TRX-11395,2025-01-17,Europe,Accessories,4,48.24,192.95,82.98,109.97
TRX-11396,2025-11-26,Latin America,Smartphone,9,823.76,7413.8,4426.61,2987.19
TRX-11397,2026-07-23,North America,Smartphone,9,765.03,6885.28,4553.86,2331.42
TRX-11398,2026-05-12,Asia Pacific,Accessories,5,50.93,254.66,97.86,156.81
TRX-11399,2025-01-12,Europe,Accessories,12,49.33,591.99,250.01,341.97
TRX-11400,2025-11-14,Latin America,Laptop,3,1230.69,3692.08,2467.44,1224.65
TRX-11401,2026-08-15,Europe,Tablet,1,418.58,418.58,243.58,174.99
TRX-11402,2025-08-04,Europe,Smartphone,6,769.16,4614.98,3134.64,1480.34
TRX-11403,2025-12-05,Asia Pacific,Laptop,8,1177.73,9421.81,6308.58,3113.23
TRX-11404,2026-10-23,Europe,Accessories,1,51.55,51.55,20.3,31.25
TRX-11405,2025-03-22,Latin America,Laptop,11,1171.94,12891.33,9013.71,3877.62
TRX-11406,2026-12-28,North America,Accessories,1,48.58,48.58,19.05,29.53
TRX-11407,2026-04-30,North America,Monitor,11,309.76,3407.37,2300.97,1106.4
TRX-11408,2026-01-09,Asia Pacific,Accessories,7,52.44,367.05,137.82,229.23
TRX-11409,2026-12-11,Latin America,Accessories,7,50.28,351.99,135.66,216.33
TRX-11410,2025-07-19,Latin America,Accessories,2,48.89,97.78,41.4,56.38
TRX-11411,2026-06-21,North America,Tablet,3,395.94,1187.83,765.22,422.61
TRX-11412,2026-04-11,Latin America,Accessories,2,48.35,96.7,38.35,58.35
TRX-11413,2025-03-30,Europe,Smartphone,6,820.95,4925.71,2885.11,2040.59
TRX-11414,2025-09-25,Asia Pacific,Smartphone,13,821.88,10684.41,6639.87,4044.54
TRX-11415,2026-10-17,North America,Laptop,13,1245.01,16185.19,9957.77,6227.41
TRX-11416,2026-07-25,Asia Pacific,Tablet,8,381.06,3048.51,2083.44,965.08
TRX-11417,2026-05-04,Europe,Laptop,8,1207.44,9659.5,6554.59,3104.92
TRX-11418,2026-06-22,North America,Smartphone,1,777.14,777.14,491.77,285.37
TRX-11419,2025-02-16,Latin America,Smartphone,11,787.27,8659.98,5424.62,3235.36
TRX-11420,2025-10-15,Latin America,Monitor,9,308.55,2776.94,1801.17,975.77
TRX-11421,2025-01-16,Europe,Accessories,11,48.46,533.06,216.94,316.12
TRX-11422,2026-12-12,North America,Smartphone,8,811.07,6488.54,4113.39,2375.15
TRX-11423,2026-02-05,Asia Pacific,Laptop,9,1218.55,10966.93,7541.81,3425.12
TRX-11424,2025-03-27,North America,Laptop,13,1254.49,16308.39,10487.9,5820.48
TRX-11425,2025-09-07,Latin America,Accessories,14,51.38,719.26,278.49,440.77
TRX-11426,2026-01-26,North America,Accessories,13,51.52,669.74,252.79,416.94
TRX-11427,2025-12-01,North America,Monitor,9,300.95,2708.53,1827.62,880.91
TRX-11428,2026-09-21,Latin America,Tablet,11,387.47,4262.18,2801.03,1461.15
TRX-11429,2026-06-03,Latin America,Laptop,12,1191.07,14292.81,9777.78,4515.03
TRX-11430,2025-05-17,Asia Pacific,Accessories,6,50.25,301.48,114.32,187.16
TRX-11431,2026-11-19,North America,Laptop,3,1221.41,3664.23,2495.79,1168.44
TRX-11432,2026-05-13,Latin America,Accessories,1,50.54,50.54,19.68,30.86
TRX-11433,2026-12-28,Europe,Smartphone,11,791.52,8706.7,5634.29,3072.41
TRX-11434,2026-04-22,Latin America,Laptop,8,1171.84,9374.7,6566.28,2808.42
TRX-11435,2026-08-17,Asia Pacific,Smartphone,10,773.46,7734.58,5075.28,2659.31
TRX-11436,2025-08-11,Asia Pacific,Laptop,3,1223.26,3669.78,2374.77,1295.02
TRX-11437,2026-01-07,Europe,Tablet,13,405.82,5275.61,3285.22,1990.38
TRX-11438,2026-02-06,Asia Pacific,Monitor,7,305.62,2139.35,1335.63,803.72
TRX-11439,2026-03-19,,Smartphone,13,789.8,10267.43,6670.23,3597.2
TRX-11440,2026-05-05,Asia Pacific,Accessories,10,48.81,488.12,191.99,296.13
TRX-11441,2026-09-07,Europe,Tablet,6,410.39,2462.33,1484.51,977.82
TRX-11442,2025-09-30,Asia Pacific,Laptop,3,1232.84,3698.51,2304.87,1393.64
TRX-11443,2026-06-10,Europe,Smartphone,6,796.45,4778.7,3101.12,1677.57
TRX-11444,2025-06-08,Asia Pacific,Laptop,12,1213.43,14561.14,9648.29,4912.85
TRX-11445,2025-06-01,Latin America,Laptop,3,1184.82,3554.47,2445.83,1108.64
TRX-11446,2026-09-12,Europe,Laptop,13,1224.23,15915.04,10589.89,5325.15
TRX-11447,2025-07-07,Asia Pacific,Monitor,13,310.07,4030.93,2688.82,1342.11
TRX-11448,2025-04-08,North America,Monitor,14,305.65,4279.06,2697.12,1581.94
TRX-11449,2025-05-11,Europe,Accessories,9,50.06,450.57,182.88,267.69
TRX-11450,2025-06-20,Europe,Smartphone,13,796.69,10357.0,6548.84,3808.17
TRX-11451,2025-07-02,Asia Pacific,Tablet,1,405.69,405.69,238.27,167.42
TRX-11452,2025-12-30,Latin America,Tablet,13,407.19,5293.5,3152.96,2140.54
TRX-11453,2025-02-08,Latin America,Tablet,8,402.35,3218.79,1953.51,1265.28
TRX-11454,2026-06-11,Asia Pacific,Laptop,5,1214.99,6074.97,3829.02,2245.94
TRX-11455,2026-05-12,Asia Pacific,Monitor,4,287.9,1151.59,788.38,363.21
TRX-11456,2026-05-31,North America,Smartphone,1,836.14,836.14,476.36,359.78
TRX-11457,2025-12-15,Asia Pacific,Laptop,9,1234.89,11114.03,7238.29,3875.74
TRX-11458,2026-02-01,Europe,Monitor,13,296.22,3850.83,2524.99,1325.84
TRX-11459,2026-12-23,Asia Pacific,Monitor,9,301.88,2716.96,1761.66,955.3
TRX-11460,2025-06-10,North America,Smartphone,13,763.79,9929.22,6766.81,3162.41
TRX-11461,2025-01-16,Asia Pacific,Smartphone,5,763.3,3816.49,2500.7,1315.79
TRX-11462,2026-05-08,Asia Pacific,Smartphone,14,780.06,10920.89,,4082.58
TRX-11463,2026-03-02,Europe,Laptop,11,1222.76,13450.41,8886.65,4563.76
TRX-11464,2025-04-18,Latin America,Accessories,9,51.76,465.85,174.63,291.22
TRX-11465,2026-03-26,Asia Pacific,Smartphone,10,804.73,8047.35,4787.2,3260.15
TRX-11466,2025-11-07,North America,Accessories,14,50.16,702.25,266.59,435.66
TRX-11467,2025-06-19,Asia Pacific,Laptop,9,1188.28,10694.49,7525.1,3169.39
TRX-11468,2026-06-30,Asia Pacific,Accessories,7,48.31,338.16,143.14,195.01
TRX-11469,2026-02-18,Europe,Tablet,8,384.73,3077.87,2059.99,1017.88
TRX-11470,2025-09-08,Latin America,Accessories,1,51.3,51.3,20.96,30.34
TRX-11471,2025-05-21,Latin America,Smartphone,4,834.2,3336.8,2086.33,1250.48
TRX-11472,2025-10-01,Latin America,Laptop,10,1194.99,11949.94,8189.53,3760.41
TRX-11473,2026-02-20,Asia Pacific,Smartphone,10,812.76,8127.56,5096.99,3030.56
TRX-11474,2026-08-31,Europe,Tablet,4,416.58,1666.31,983.68,682.63
TRX-11475,2025-02-08,Europe,Smartphone,12,767.21,9206.51,5762.41,3444.1
TRX-11476,2025-01-29,Asia Pacific,Smartphone,9,821.64,7394.75,4533.18,2861.57
TRX-11477,2026-04-22,Europe,Smartphone,3,809.35,2428.04,1511.44,916.6
TRX-11478,2025-11-14,Latin America,Monitor,12,302.96,3635.51,2508.54,1126.97
TRX-11479,2025-09-02,Europe,Tablet,10,391.7,3917.02,2485.64,1431.37
TRX-11480,2026-11-28,Asia Pacific,Smartphone,10,814.71,8147.11,5095.4,3051.71
TRX-11481,2025-09-29,Asia Pacific,Smartphone,1,823.58,823.58,503.75,319.84
TRX-11482,2026-03-16,North America,Smartphone,11,769.03,8459.32,5322.22,3137.1
TRX-11483,2025-08-27,North America,Laptop,5,1204.02,6020.11,4036.83,1983.29
TRX-11484,2026-01-12,Europe,Monitor,7,288.04,2016.27,1405.62,610.65
TRX-11485,2025-09-23,Europe,Laptop,12,1244.71,14936.51,9594.15,5342.36
TRX-11486,2025-12-25,Asia Pacific,Monitor,4,300.23,1200.92,801.07,399.84
TRX-11487,2025-12-06,North America,Smartphone,9,824.64,7421.74,4348.79,3072.94
TRX-11488,2026-01-24,North America,Tablet,6,394.72,2368.34,1494.52,873.82
TRX-11489,2026-07-31,Latin America,Accessories,6,48.13,288.75,121.27,167.48
TRX-11490,2026-11-20,Latin America,Accessories,3,47.71,143.12,59.94,83.19
TRX-11491,2025-01-03,Asia Pacific,Smartphone,10,782.52,7825.21,4994.34,2830.86
TRX-11492,2026-03-05,Asia Pacific,Laptop,10,1169.31,11693.08,7662.01,4031.07
TRX-11493,2025-05-22,Asia Pacific,Tablet,5,402.41,2012.07,1211.35,800.72
TRX-11494,2026-01-11,Asia Pacific,Monitor,10,285.65,2856.52,1964.19,892.33
TRX-11495,2026-11-01,North America,Smartphone,6,801.65,4809.87,2975.8,1834.07
TRX-11496,2025-11-20,Asia Pacific,Tablet,14,395.67,5539.39,3532.88,2006.51
TRX-11497,2025-05-26,Asia Pacific,Tablet,4,403.08,1612.34,1036.33,576.01
TRX-11498,2025-10-20,North America,Monitor,13,306.07,3978.94,2511.38,1467.56
TRX-11499,2026-10-27,Latin America,Tablet,3,405.36,1216.09,713.63,502.46
TRX-11500,2026-03-08,Asia Pacific,Laptop,5,1258.16,6290.79,3979.69,2311.09
TRX-11501,2026-12-06,Latin America,Laptop,7,1156.59,8096.14,5561.98,2534.17
TRX-11502,2026-08-08,North America,Laptop,11,1191.57,13107.25,8845.67,4261.58
TRX-11503,2026-02-03,Latin America,Tablet,6,396.99,2381.96,1549.98,831.98
TRX-11504,2025-12-10,North America,Laptop,2,1190.05,2380.09,1648.38,731.72
TRX-11505,2025-05-20,Asia Pacific,Monitor,1,304.91,304.91,192.0,112.91
TRX-11506,2025-07-06,Latin America,Tablet,5,399.59,1997.97,1304.25,693.72
TRX-11507,2025-03-02,Asia Pacific,Accessories,5,50.09,250.44,96.1,154.33
TRX-11508,2026-01-15,Europe,Tablet,12,397.29,4767.53,3040.37,1727.16
TRX-11509,2026-12-11,Europe,Monitor,12,314.75,3777.01,2441.38,1335.63
TRX-11510,2026-03-16,Latin America,Accessories,6,52.14,312.83,122.16,190.67
TRX-11511,2025-11-15,North America,Tablet,3,392.31,1176.93,732.4,444.53
TRX-11512,2025-10-29,Latin America,Laptop,1,1153.39,1153.39,786.43,366.96
TRX-11513,2025-12-10,North America,Smartphone,4,827.18,3308.72,2009.74,1298.99
TRX-11514,2025-01-11,Europe,Smartphone,4,839.77,3359.09,1939.92,1419.18
TRX-11515,2025-03-03,North America,Laptop,10,1175.11,11751.13,7616.25,4134.88
TRX-11516,2025-08-14,Europe,Smartphone,2,788.62,1577.25,1006.21,571.03
TRX-11517,2025-06-02,Latin America,Smartphone,14,835.33,11694.63,6975.7,4718.93
TRX-11518,2026-12-12,Asia Pacific,Laptop,8,1225.34,9802.68,6500.31,3302.38
TRX-11519,2026-07-18,Asia Pacific,Laptop,6,1175.48,7052.86,4630.42,2422.44
TRX-11520,2026-07-25,Asia Pacific,Tablet,12,403.24,4838.9,3102.28,1736.62
TRX-11521,2026-08-07,North America,Tablet,3,417.77,1253.31,723.47,529.84
TRX-11522,2026-10-22,Asia Pacific,Laptop,1,1237.42,1237.42,831.31,406.11
TRX-11523,2026-07-29,North America,Monitor,12,307.25,3687.06,2387.89,1299.17
TRX-11524,2025-11-06,Asia Pacific,Smartphone,11,818.96,9008.56,5527.39,3481.16
TRX-11525,2025-08-31,North America,Tablet,3,387.12,1161.36,779.74,381.62
TRX-11526,2026-05-08,North America,Smartphone,8,825.97,6607.8,3919.97,2687.83
TRX-11527,2026-01-01,Europe,Accessories,4,48.88,195.52,77.45,118.07
TRX-11528,2025-11-26,Europe,Laptop,3,1251.64,3754.93,2386.98,1367.95
TRX-11529,2025-04-17,Latin America,Monitor,13,295.94,3847.21,2533.54,1313.67
TRX-11530,2025-08-14,Europe,Accessories,11,51.79,569.67,220.61,349.06
TRX-11531,2025-08-06,North America,Accessories,4,48.83,195.32,78.2,117.12
TRX-11532,2026-05-21,Europe,Accessories,11,50.07,550.8,228.02,322.78
TRX-11533,2025-09-16,Europe,Laptop,4,1152.83,4611.3,3234.34,1376.96
TRX-11534,2026-06-01,Europe,Tablet,2,406.4,812.81,475.01,337.8
TRX-11535,2025-02-23,North America,Laptop,4,1240.33,4961.32,3297.75,1663.57
TRX-11536,2025-02-16,North America,Tablet,11,408.74,4496.12,2703.31,1792.81
TRX-11537,2026-12-28,Latin America,Accessories,12,50.12,601.4,235.68,365.71
TRX-11538,2026-11-20,Europe,Accessories,9,47.73,429.53,177.9,251.64
TRX-11539,2026-06-05,Europe,Monitor,4,313.0,1252.01,810.42,441.59
TRX-11540,2025-04-09,North America,Tablet,12,408.22,4898.63,2982.62,1916.02
TRX-11541,2025-01-20,Latin America,Accessories,1,51.23,51.23,20.26,30.97
TRX-11542,2026-07-27,Latin America,Smartphone,1,823.57,823.57,482.34,341.24
TRX-11543,2026-05-05,North America,Monitor,1,307.43,307.43,209.4,98.03
TRX-11544,2026-02-23,Europe,Laptop,14,1192.93,16701.08,11457.16,5243.92
TRX-11545,2026-11-21,Latin America,Monitor,5,307.01,1535.04,975.02,560.02
TRX-11546,2025-03-03,Latin America,Smartphone,6,810.0,4860.01,3067.25,1792.76
TRX-11547,2025-05-25,Europe,Tablet,12,414.16,4969.93,3022.51,1947.42
TRX-11548,2025-08-04,Latin America,Laptop,6,1236.3,7417.77,4612.41,2805.36
TRX-11549,2025-01-03,Europe,Laptop,6,1144.96,6869.79,4645.53,2224.26
TRX-11550,2025-06-09,Latin America,Tablet,9,395.16,3556.4,2146.79,1409.61
TRX-11551,2025-04-30,Latin America,Monitor,1,286.04,286.04,206.18,79.86
TRX-11552,2025-03-30,North America,Accessories,10,48.01,480.1,201.03,279.07
TRX-11553,2025-11-25,Latin America,Monitor,6,303.04,1818.25,1178.01,640.24
TRX-11554,2026-08-03,Europe,Smartphone,13,829.91,10788.77,6257.12,4531.65
TRX-11555,2025-12-23,Latin America,Accessories,8,48.1,384.79,159.74,225.05
TRX-11556,2026-09-02,North America,Monitor,8,298.53,2388.26,1604.04,784.22
TRX-11557,2025-09-24,Latin America,Tablet,12,416.44,4997.22,3060.58,1936.64
TRX-11558,2026-09-09,Asia Pacific,Smartphone,3,825.14,2475.43,1570.49,904.94
TRX-11559,2025-11-19,Europe,Smartphone,13,801.57,10420.45,6457.71,3962.74
TRX-11560,2026-09-27,Asia Pacific,Smartphone,5,821.73,4108.63,2476.51,1632.12
TRX-11561,2026-06-25,North America,Accessories,10,50.11,501.13,197.4,303.74
TRX-11562,2026-10-11,Asia Pacific,Laptop,4,1158.97,4635.88,3304.62,1331.27
TRX-11563,2025-07-14,Latin America,Accessories,12,48.12,577.48,231.75,345.73
TRX-11564,2025-11-28,Europe,Monitor,1,290.65,290.65,196.88,93.77
TRX-11565,2025-06-19,Asia Pacific,Laptop,9,1182.11,10639.0,7361.98,3277.02
TRX-11566,2026-06-05,Latin America,Monitor,5,312.92,1564.58,951.57,613.01
TRX-11567,2026-04-08,Asia Pacific,Laptop,2,1235.96,2471.92,1566.3,905.62
TRX-11568,2025-02-09,Latin America,Accessories,12,49.66,595.97,243.39,352.57
TRX-11569,2026-06-21,Latin America,Smartphone,2,799.45,1598.89,968.6,630.3
TRX-11570,2025-09-18,Asia Pacific,Tablet,11,390.62,4296.87,2695.75,1601.12
TRX-11571,2026-01-30,North America,Smartphone,7,816.35,5714.44,3495.12,2219.32
TRX-11572,2025-08-14,Europe,Accessories,4,51.51,206.06,79.38,126.68
TRX-11573,2025-05-04,North America,Laptop,1,1168.67,1168.67,768.48,400.19
TRX-11574,2025-02-07,Asia Pacific,Smartphone,5,763.35,3816.73,2609.56,1207.17
TRX-11575,2025-11-24,Latin America,Accessories,2,50.62,101.24,38.18,63.06
TRX-11576,2025-09-08,Asia Pacific,Monitor,7,301.88,2113.13,1434.96,678.16
TRX-11577,2025-06-25,Latin America,Tablet,9,396.09,3564.77,2153.57,1411.2
TRX-11578,2026-08-25,Latin America,Smartphone,13,811.51,10549.65,6478.74,4070.91
TRX-11579,2026-03-30,North America,Laptop,1,1206.07,1206.07,774.03,432.04
TRX-11580,2025-02-06,North America,Monitor,12,292.52,3510.21,2313.86,1196.35
TRX-11581,2025-11-12,Asia Pacific,Accessories,2,49.49,98.98,38.5,60.47
TRX-11582,2026-11-19,Europe,Tablet,11,397.12,4368.37,2737.02,1631.35
TRX-11583,2026-08-16,North America,Laptop,6,1245.63,7473.78,4807.43,2666.35
TRX-11584,2025-04-24,Latin America,Accessories,8,52.3,418.44,154.13,264.3
TRX-11585,2025-02-09,Asia Pacific,Accessories,7,51.97,363.76,146.71,217.04
TRX-11586,2025-10-28,Asia Pacific,Smartphone,9,817.53,7357.81,4390.99,2966.81
TRX-11587,2025-08-12,Europe,Smartphone,14,806.8,11295.19,6971.19,4324.0
TRX-11588,2025-11-14,Asia Pacific,Laptop,2,1222.71,2445.42,1554.6,890.82
TRX-11589,2025-12-15,North America,Accessories,12,52.2,626.35,239.85,386.49
TRX-11590,2025-04-25,Latin America,Smartphone,9,780.0,7020.0,4615.21,2404.79
TRX-11591,2026-11-29,Asia Pacific,Tablet,4,401.4,1605.62,1002.11,603.51
TRX-11592,2025-11-19,Asia Pacific,Tablet,11,407.58,4483.43,2691.05,1792.37
TRX-11593,2026-07-22,Latin America,Accessories,3,50.9,152.69,58.49,94.2
TRX-11594,2025-02-09,Asia Pacific,Smartphone,7,780.18,5461.28,3590.63,1870.65
TRX-11595,2025-02-09,Asia Pacific,Laptop,5,1210.41,6052.04,3847.3,2204.74
TRX-11596,2025-10-16,Europe,Laptop,13,1235.51,16061.62,10264.77,5796.86
TRX-11597,2025-09-19,North America,Laptop,5,1197.01,5985.05,3860.59,2124.45
TRX-11598,2025-08-04,Asia Pacific,Tablet,12,411.73,4940.78,2927.39,2013.39
TRX-11599,2025-05-27,North America,Smartphone,13,788.79,10254.28,6274.24,3980.03
TRX-11600,2025-12-02,Europe,Smartphone,2,835.1,1670.2,1038.68,631.52
TRX-11601,2025-06-17,North America,Tablet,6,401.36,2408.14,1534.79,873.36
TRX-11602,2025-04-02,Europe,Laptop,6,1211.51,7269.08,4829.25,2439.84
TRX-11603,2025-12-19,North America,Laptop,12,1143.76,13725.16,9335.45,4389.71
TRX-11604,2026-07-25,North America,Accessories,4,48.35,193.41,80.08,113.32
TRX-11605,2026-07-25,Asia Pacific,Monitor,5,303.99,1519.94,1002.08,517.86
TRX-11606,2026-11-12,North America,Smartphone,7,793.59,5555.13,3531.64,2023.49
TRX-11607,2025-12-29,Asia Pacific,Smartphone,14,800.65,11209.14,6692.06,4517.08
TRX-11608,2026-07-11,Asia Pacific,Smartphone,8,765.04,6120.3,4189.16,1931.14
TRX-11609,2025-12-11,North America,Monitor,6,310.02,1860.14,1195.85,664.29
TRX-11610,2026-11-24,Asia Pacific,Accessories,5,51.42,257.11,104.27,152.85
TRX-11611,2025-06-19,North America,Monitor,12,290.56,3486.73,2282.35,1204.37
TRX-11612,2025-12-22,Latin America,Laptop,3,1216.12,3648.36,2339.41,1308.94
TRX-11613,2025-07-10,Asia Pacific,Laptop,7,1238.2,8667.38,5378.24,3289.15
TRX-11614,2026-10-29,Latin America,Smartphone,8,811.27,6490.15,4107.85,2382.3
TRX-11615,2026-02-26,Latin America,Tablet,3,392.42,1177.25,736.51,440.74
TRX-11616,2026-12-01,Asia Pacific,Smartphone,5,812.49,4062.44,2585.12,1477.32
TRX-11617,2025-01-07,Europe,Tablet,11,388.42,4272.6,2841.41,1431.2
TRX-11618,2025-05-13,Europe,Monitor,2,294.55,589.1,406.71,182.38
TRX-11619,2026-07-11,Latin America,Laptop,10,1168.81,11688.08,8132.63,3555.46
TRX-11620,2025-01-31,Latin America,Tablet,10,402.28,4022.77,2550.04,1472.73
TRX-11621,2026-06-19,North America,Monitor,12,288.25,3458.96,2441.7,1017.26
TRX-11622,2026-03-02,Latin America,Laptop,4,1252.0,5007.99,3163.81,1844.18
TRX-11623,2026-01-29,Asia Pacific,Tablet,12,393.34,4720.09,3054.85,1665.24
TRX-11624,2026-11-03,Europe,Smartphone,4,777.52,3110.07,2079.48,1030.59
TRX-11625,2025-12-29,Europe,Smartphone,12,799.72,9596.69,5899.54,3697.14
TRX-11626,2026-03-13,Europe,Smartphone,13,782.16,10168.08,6789.18,3378.9
TRX-11627,2026-11-01,Asia Pacific,Monitor,8,301.05,2408.38,1522.17,886.2
TRX-11628,2026-07-05,North America,Smartphone,3,787.88,2363.64,1477.36,886.28
TRX-11629,2025-03-23,Asia Pacific,Accessories,5,48.16,240.8,96.32,144.48
TRX-11630,2025-12-22,Asia Pacific,Laptop,11,1171.91,12890.98,8471.43,4419.56
TRX-11631,2025-09-15,Europe,Monitor,5,298.15,1490.77,1031.54,459.22
TRX-11632,2026-12-19,Asia Pacific,Smartphone,2,762.42,1524.85,1041.84,483.01
TRX-11633,2026-08-12,Latin America,Laptop,9,1232.48,11092.29,7399.99,3692.31
TRX-11634,2026-06-08,Asia Pacific,Tablet,4,404.87,1619.49,1047.66,571.83
TRX-11635,2025-10-22,Europe,Smartphone,9,808.11,7272.98,4372.35,2900.63
TRX-11636,2025-08-12,Europe,Laptop,9,1205.53,10849.73,6941.38,3908.36
TRX-11637,2026-06-09,Asia Pacific,Accessories,2,50.45,100.9,40.08,60.82
TRX-11638,2025-02-15,Latin America,Tablet,9,417.39,3756.47,2324.03,1432.44
TRX-11639,2026-10-29,Latin America,Accessories,9,47.54,427.89,171.72,256.17
TRX-11640,2025-04-23,Europe,Laptop,2,1145.74,2291.47,1679.29,612.18
TRX-11641,2025-08-21,Latin America,Accessories,11,48.46,533.03,222.25,310.78
TRX-11642,2025-01-17,Latin America,Laptop,13,1160.08,15080.99,10898.1,4182.89
TRX-11643,2025-12-26,North America,Laptop,6,1161.74,6970.46,4735.24,2235.22
TRX-11644,2025-08-11,North America,Accessories,9,50.86,457.74,179.24,278.49
TRX-11645,2026-12-01,Latin America,Laptop,4,1195.14,4780.55,3280.76,1499.8
TRX-11646,2026-03-24,Latin America,Smartphone,2,839.34,1678.68,1029.27,649.41
TRX-11647,2025-12-31,North America,Laptop,7,1167.23,8170.58,5450.5,2720.09
TRX-11648,2026-11-06,North America,Monitor,9,294.32,2648.92,1877.36,771.56
TRX-11649,2025-11-22,North America,Laptop,6,1258.11,7548.65,4976.36,2572.29
TRX-11650,2026-04-12,Europe,Monitor,11,309.95,3409.48,2094.01,1315.48
TRX-11651,2026-02-18,Europe,Laptop,11,1196.38,13160.13,8473.14,4687.0
TRX-11652,2026-03-31,North America,Laptop,14,1206.55,16891.72,11195.63,5696.09
TRX-11653,2026-08-09,North America,Accessories,4,51.72,206.86,79.69,127.18
TRX-11654,2025-08-21,North America,Smartphone,1,798.48,798.48,510.42,288.06
TRX-11655,2025-08-12,Europe,Smartphone,4,776.48,3105.93,1917.94,1187.99
TRX-11656,2026-02-16,Europe,Tablet,3,413.14,1239.41,760.86,478.55
TRX-11657,2026-07-26,Latin America,Accessories,7,50.19,351.32,141.63,209.69
TRX-11658,2025-12-01,Asia Pacific,Accessories,11,48.27,530.92,214.14,316.78
TRX-11659,2025-08-10,Latin America,Smartphone,13,800.45,10405.81,6527.56,3878.25
TRX-11660,2025-02-06,Asia Pacific,Accessories,11,49.57,545.23,213.89,331.34
TRX-11661,2025-10-05,Asia Pacific,Smartphone,10,830.15,8301.47,4823.46,3478.01
TRX-11662,2025-07-15,Asia Pacific,Accessories,5,48.13,240.65,100.73,139.92
TRX-11663,2026-04-29,Latin America,Laptop,12,1245.03,14940.3,10058.38,4881.93
TRX-11664,2025-08-30,Europe,Smartphone,3,800.98,2402.93,1460.54,942.39
TRX-11665,2025-11-20,Europe,Smartphone,14,792.35,11092.89,6898.74,4194.15
TRX-11666,2025-07-11,Europe,Monitor,2,289.86,579.72,390.26,189.46
TRX-11667,2025-01-17,Europe,Accessories,13,51.0,663.05,253.93,409.13
TRX-11668,2026-06-08,Latin America,Accessories,2,52.13,104.27,39.62,64.65
TRX-11669,2026-02-05,North America,Smartphone,5,790.03,3950.15,2550.46,1399.69
TRX-11670,2026-12-06,Asia Pacific,Laptop,13,1168.99,15196.87,9920.36,5276.52
TRX-11671,2025-01-22,Europe,Laptop,13,1206.58,15685.59,10875.41,4810.18
TRX-11672,2026-04-19,Europe,Laptop,8,1235.54,9884.34,6109.62,3774.72
TRX-11673,2025-04-30,Latin America,Accessories,8,47.52,380.15,166.1,214.05
TRX-11674,2025-07-29,Asia Pacific,Monitor,14,303.94,4255.18,2910.43,1344.75
TRX-11675,2025-11-02,Europe,Smartphone,12,807.72,9692.66,6014.69,3677.96
TRX-11676,2025-09-27,North America,Tablet,5,392.73,1963.63,1204.62,759.01
TRX-11677,2026-12-05,Europe,Monitor,13,298.54,3881.05,2616.94,1264.12
TRX-11678,2026-11-18,Asia Pacific,Tablet,2,389.88,779.76,506.43,273.33
TRX-11679,2025-10-12,North America,Monitor,13,308.7,4013.06,2693.02,1320.04
TRX-11680,2026-12-17,Latin America,Laptop,4,1216.14,4864.58,3216.29,1648.29
TRX-11681,2026-11-07,North America,Accessories,7,50.16,351.14,138.75,212.39
TRX-11682,2025-08-15,Asia Pacific,Tablet,14,395.7,5539.81,3618.4,1921.41
TRX-11683,2026-01-16,Asia Pacific,Monitor,6,293.74,1762.45,1257.71,504.73
TRX-11684,2026-04-05,North America,Accessories,10,51.61,516.14,202.9,313.23
TRX-11685,2025-01-07,Europe,Tablet,7,398.06,2786.39,1815.52,970.88
TRX-11686,2025-01-29,Asia Pacific,Smartphone,5,800.12,4000.58,2524.68,1475.9
TRX-11687,2025-02-02,North America,Monitor,2,300.62,601.25,407.59,193.66
TRX-11688,2026-10-08,Asia Pacific,Smartphone,8,795.87,6366.95,4075.27,2291.69
TRX-11689,2025-03-20,Europe,Laptop,14,1170.73,16390.23,11429.36,4960.87
TRX-11690,2026-04-04,Europe,Smartphone,12,769.63,9235.53,5892.61,3342.92
TRX-11691,2026-07-24,North America,Smartphone,2,767.88,1535.77,1007.57,528.2
TRX-11692,2026-06-22,Latin America,Monitor,12,307.72,3692.69,2422.59,1270.09
TRX-11693,2026-04-27,Latin America,Laptop,8,1166.82,9334.59,6281.65,3052.94
TRX-11694,2026-03-06,Europe,Smartphone,7,764.45,5351.18,3447.45,1903.73
TRX-11695,2025-10-12,Latin America,Accessories,3,51.49,154.46,61.57,92.89
TRX-11696,2026-05-31,Europe,Tablet,13,386.16,5020.11,3276.89,1743.23
TRX-11697,2025-04-09,Latin America,Smartphone,4,810.01,3240.05,1929.84,1310.2
TRX-11698,2026-02-01,Europe,Laptop,13,1180.64,15348.28,10751.14,4597.14
TRX-11699,2026-05-04,Asia Pacific,Smartphone,7,770.12,5390.83,3634.09,1756.74
TRX-11700,2025-02-08,North America,Tablet,4,396.58,1586.32,996.61,589.7
TRX-11701,2025-09-28,North America,Laptop,9,1141.78,10275.99,6990.41,3285.58
TRX-11702,2025-06-06,Latin America,Monitor,7,310.23,2171.62,1462.66,708.95
TRX-11703,2025-03-16,North America,Laptop,1,1201.62,1201.62,830.58,371.04
TRX-11704,2025-05-10,Latin America,Monitor,1,289.17,289.17,194.89,94.29
TRX-11705,2026-11-18,Europe,Laptop,4,1168.44,4673.75,3070.59,1603.16
TRX-11706,2025-03-25,Asia Pacific,Tablet,14,397.92,5570.87,3479.23,2091.64
TRX-11707,2025-01-22,North America,Tablet,14,387.55,5425.77,3561.74,1864.03
TRX-11708,2026-04-04,,Laptop,13,1172.23,15239.01,10062.4,5176.61
TRX-11709,2026-06-23,North America,Smartphone,9,802.75,7224.76,4505.95,2718.81
TRX-11710,2026-12-08,Europe,Tablet,13,413.3,5372.96,3225.76,2147.2
TRX-11711,2026-01-17,North America,Monitor,4,297.06,1188.22,831.24,356.98
TRX-11712,2026-03-16,North America,Monitor,13,306.51,3984.62,2581.69,1402.93
TRX-11713,2026-08-27,Europe,Accessories,5,51.88,259.42,100.34,159.08
TRX-11714,2025-01-21,Latin America,Monitor,1,291.49,291.49,209.11,82.38
TRX-11715,2025-10-30,Latin America,Accessories,14,51.54,721.5,274.39,447.11
TRX-11716,2025-03-25,Europe,Laptop,2,1230.89,2461.78,1566.24,895.54
TRX-11717,2026-10-21,Latin America,Laptop,11,1182.83,13011.16,9063.64,3947.51
TRX-11718,2026-03-29,North America,Laptop,4,1258.74,5034.97,3128.81,1906.16
TRX-11719,2026-01-22,Asia Pacific,Smartphone,12,781.01,9372.07,6199.12,3172.95
TRX-11720,2026-05-22,Europe,Smartphone,4,780.38,3121.54,1919.11,1202.43
TRX-11721,2025-09-14,North America,Accessories,11,51.36,564.97,211.45,353.53
TRX-11722,2026-07-24,Europe,Monitor,10,298.04,2980.4,2080.26,900.13
TRX-11723,2026-06-11,Asia Pacific,Monitor,6,294.92,1769.54,1204.9,564.65
TRX-11724,2025-06-11,North America,Laptop,13,1161.44,15098.71,10627.57,4471.15
TRX-11725,2025-06-12,North America,Tablet,6,410.61,2463.68,1458.79,1004.89
TRX-11726,2026-06-08,Asia Pacific,Smartphone,8,822.91,6583.25,3866.51,2716.74
TRX-11727,2025-09-28,Asia Pacific,Smartphone,12,805.33,9663.9,6200.97,3462.93
TRX-11728,2026-05-07,Latin America,Laptop,13,1254.88,16313.41,10252.97,6060.44
TRX-11729,2025-07-27,North America,Smartphone,9,785.45,7069.08,4479.76,2589.31
TRX-11730,2026-06-23,Asia Pacific,Laptop,14,1166.35,16328.96,10671.33,5657.63
TRX-11731,2026-08-07,Asia Pacific,Accessories,1,50.89,50.89,19.77,31.12
TRX-11732,2025-03-01,North America,Monitor,1,307.75,307.75,205.41,102.34
TRX-11733,2026-03-06,Latin America,Tablet,6,389.0,2333.98,1548.19,785.79
TRX-11734,2026-10-19,Europe,Monitor,4,287.3,1149.19,815.9,333.29
TRX-11735,2026-08-28,Latin America,Monitor,11,309.32,3402.47,2242.28,1160.19
TRX-11736,2025-11-05,Asia Pacific,Accessories,4,52.38,209.53,80.05,129.48
TRX-11737,2026-06-04,Europe,Smartphone,1,811.57,811.57,501.92,309.66
TRX-11738,2026-08-14,Europe,Tablet,9,391.11,3520.03,2304.59,1215.44
TRX-11739,2025-01-27,Latin America,Smartphone,12,839.73,10076.81,5848.38,4228.42
TRX-11740,2026-11-17,Europe,Monitor,11,311.8,3429.78,2140.93,1288.84
TRX-11741,2026-07-16,Asia Pacific,Laptop,3,1201.61,3604.82,2507.98,1096.84
TRX-11742,2025-07-18,North America,Monitor,5,309.76,1548.8,952.77,596.03
TRX-11743,2026-01-22,North America,Smartphone,10,825.27,8252.66,4819.73,3432.92
TRX-11744,2025-12-15,North America,Monitor,1,313.04,313.04,201.41,111.64
TRX-11745,2026-11-24,Latin America,Laptop,8,1240.91,9927.29,6552.21,3375.07
TRX-11746,2026-06-20,North America,Accessories,3,50.72,152.16,60.23,91.93
TRX-11747,2026-01-13,North America,Smartphone,14,808.74,11322.42,6898.54,4423.88
TRX-11748,2026-07-12,North America,Monitor,1,299.02,299.02,209.56,89.46
TRX-11749,2026-06-11,Europe,Smartphone,10,810.12,8101.19,5101.93,2999.26
TRX-11750,2025-06-02,Europe,Accessories,6,51.48,308.86,123.98,184.88
TRX-11751,2025-07-25,Europe,Monitor,1,314.07,314.07,190.8,123.27
TRX-11752,2026-03-31,Asia Pacific,Monitor,3,299.02,897.06,584.16,312.9
TRX-11753,2025-09-30,Asia Pacific,Smartphone,5,805.89,4029.46,2468.54,1560.92
TRX-11754,2025-08-24,Asia Pacific,Smartphone,4,795.58,3182.34,1936.52,1245.82
TRX-11755,2026-06-05,North America,Laptop,7,1220.22,8541.53,5360.82,3180.71
TRX-11756,2026-11-09,Europe,Accessories,6,50.65,303.9,116.7,187.2
TRX-11757,2026-12-27,Asia Pacific,Laptop,12,1142.14,13705.68,9632.29,4073.39
TRX-11758,2026-05-16,Latin America,Monitor,3,301.23,903.7,611.74,291.96
TRX-11759,2025-04-27,Europe,Smartphone,11,767.08,8437.87,5650.71,2787.16
TRX-11760,2026-01-21,North America,Monitor,8,285.79,2286.33,1526.87,759.46
TRX-11761,2025-12-10,Europe,Monitor,8,308.74,2469.89,1588.48,881.41
TRX-11762,2026-08-07,North America,Tablet,14,390.35,5464.84,3367.77,2097.07
TRX-11763,2026-01-30,Asia Pacific,Tablet,2,393.63,787.25,496.56,290.69
TRX-11764,2025-03-05,North America,Monitor,7,286.92,2008.46,1390.76,617.7
TRX-11765,2026-12-18,North America,Smartphone,14,774.36,10841.04,6998.75,3842.29
TRX-11766,2026-12-22,Latin America,Monitor,1,307.97,307.97,207.86,100.11
TRX-11767,2025-03-13,Europe,Tablet,2,399.74,799.48,515.25,284.23
TRX-11768,2025-10-01,North America,Smartphone,8,830.45,6643.63,4054.69,2588.94
TRX-11769,2025-11-16,Latin America,Monitor,12,296.92,3563.01,2492.5,1070.51
TRX-11770,2025-12-04,Latin America,Accessories,1,48.84,48.84,20.36,28.49
TRX-11771,2026-01-01,Latin America,Accessories,2,49.24,98.48,41.28,57.2
TRX-11772,2026-05-10,Asia Pacific,Monitor,12,306.38,3676.6,2415.31,1261.29
TRX-11773,2026-08-30,Asia Pacific,Smartphone,1,804.4,804.4,501.26,303.14
TRX-11774,2025-06-15,North America,Monitor,5,312.13,1560.63,1022.41,538.22
TRX-11775,2026-06-28,Europe,Monitor,7,303.07,2121.46,1332.76,788.7
TRX-11776,2025-01-11,Asia Pacific,Tablet,6,399.72,2398.32,1528.56,869.77
TRX-11777,2025-10-28,Asia Pacific,Accessories,6,51.43,308.57,125.21,183.36
TRX-11778,2026-12-30,North America,Tablet,6,417.9,2507.41,1532.09,975.32
TRX-11779,2025-04-12,North America,Tablet,8,394.23,3153.87,1907.36,1246.51
TRX-11780,2026-03-01,Asia Pacific,Monitor,5,292.5,1462.48,987.79,474.69
TRX-11781,2026-01-27,North America,Tablet,10,404.65,4046.49,2577.4,1469.09
TRX-11782,2025-08-02,Latin America,Accessories,7,49.99,349.96,146.42,203.54
TRX-11783,2026-11-22,North America,Tablet,3,419.57,1258.7,740.26,518.44
TRX-11784,2025-03-29,Latin America,Accessories,9,49.81,448.31,186.14,262.16
TRX-11785,2026-07-07,Asia Pacific,Tablet,10,382.97,3829.73,2590.95,1238.78
TRX-11786,2026-02-05,Europe,Accessories,3,52.39,157.16,57.74,99.42
TRX-11787,2026-08-11,Latin America,Tablet,14,413.74,5792.41,3621.03,2171.38
TRX-11788,2025-02-15,Europe,Tablet,14,387.13,5419.82,3438.49,1981.33
TRX-11789,2026-11-03,Asia Pacific,Smartphone,6,832.37,4994.21,3027.97,1966.24
TRX-11790,2026-04-08,North America,Accessories,3,49.2,147.61,60.23,87.38
TRX-11791,2026-08-15,Latin America,Accessories,1,49.39,49.39,20.33,29.06
TRX-11792,2025-11-06,Latin America,Accessories,1,52.03,52.03,20.48,31.55
TRX-11793,2025-03-27,Asia Pacific,Laptop,3,1203.61,3610.84,2385.81,1225.03
TRX-11794,2025-04-02,Asia Pacific,Tablet,4,385.51,1542.04,1038.83,503.21
TRX-11795,2026-10-22,North America,Accessories,14,49.35,690.83,288.67,402.17
TRX-11796,2026-11-04,Europe,Laptop,2,1226.65,2453.3,1645.67,807.64
TRX-11797,2026-12-15,Latin America,Smartphone,9,773.93,6965.41,4481.21,2484.2
TRX-11798,2025-08-30,Europe,Accessories,11,50.45,554.96,209.83,345.14
TRX-11799,2025-01-02,Latin America,Accessories,8,50.98,407.81,159.88,247.93
TRX-11800,2025-08-13,Latin America,Laptop,12,1181.26,14175.15,9982.51,4192.64
TRX-11801,2026-08-12,North America,Tablet,13,407.76,5300.82,3149.4,2151.42
TRX-11802,2025-04-26,Latin America,Smartphone,3,830.74,2492.21,1572.39,919.82
TRX-11803,2026-10-28,Latin America,Accessories,7,49.86,349.02,144.31,204.72
TRX-11804,2025-04-13,Asia Pacific,Tablet,4,395.32,1581.27,1020.98,560.28
TRX-11805,2025-07-13,North America,Smartphone,5,780.09,3900.46,2544.29,1356.17
TRX-11806,2025-06-15,Asia Pacific,Monitor,4,303.13,1212.5,806.96,405.54
TRX-11807,2025-03-31,Latin America,Monitor,9,311.4,2802.56,1839.72,962.84
TRX-11808,2026-11-17,North America,Smartphone,11,785.97,8645.7,5457.05,3188.65
TRX-11809,2025-05-02,Latin America,Laptop,7,1187.55,8312.84,5793.36,2519.48
TRX-11810,2025-05-23,North America,Smartphone,13,792.53,10302.89,6627.62,3675.27
TRX-11811,2025-04-16,Europe,Smartphone,4,804.86,3219.46,2054.25,1165.21
TRX-11812,2026-03-04,Europe,Laptop,13,1167.41,15176.32,10704.19,4472.13
TRX-11813,2025-11-01,North America,Laptop,8,1238.67,9909.32,6138.92,3770.4
TRX-11814,2025-11-13,Latin America,Tablet,2,391.82,783.65,477.78,305.87
TRX-11815,2026-09-27,North America,Tablet,7,408.21,2857.5,1802.67,1054.83
TRX-11816,2025-01-09,Latin America,Laptop,11,1201.59,13217.44,8588.26,4629.19
TRX-11817,2025-03-14,Europe,Monitor,1,302.58,302.58,201.64,100.94
TRX-11818,2025-12-25,Latin America,Monitor,8,290.39,2323.11,1590.99,732.11
TRX-11819,2025-08-11,Asia Pacific,Smartphone,13,818.8,10644.42,6189.33,4455.1
TRX-11820,2026-02-20,Europe,Accessories,14,48.44,678.2,267.13,411.08
TRX-11821,2026-07-07,Asia Pacific,Smartphone,12,769.08,9228.93,6196.28,3032.66
TRX-11822,2026-01-05,Europe,Smartphone,14,803.73,11252.28,7075.37,4176.91
TRX-11823,2026-12-17,Europe,Accessories,13,51.05,663.6,260.62,402.98
TRX-11824,2025-09-21,Asia Pacific,Laptop,6,1146.0,6876.03,5013.29,1862.74
TRX-11825,2026-11-21,North America,Monitor,12,287.08,3444.98,2321.55,1123.43
TRX-11826,2025-11-14,Latin America,Smartphone,5,824.21,4121.07,2439.49,1681.58
TRX-11827,2025-03-25,Europe,Accessories,9,51.55,463.91,184.62,279.29
TRX-11828,2025-11-14,Latin America,Tablet,9,389.81,3508.31,2311.93,1196.38
TRX-11829,2025-04-21,Europe,Smartphone,3,809.22,2427.65,1485.73,941.92
TRX-11830,2025-09-08,Latin America,Monitor,9,298.3,2684.66,1881.18,803.48
TRX-11831,2026-01-18,Europe,Laptop,13,1215.92,15807.01,10855.78,4951.22
TRX-11832,2025-01-07,North America,Smartphone,13,829.03,10777.39,6183.07,4594.33
TRX-11833,2026-04-04,Europe,Smartphone,9,766.39,6897.5,4352.55,2544.95
TRX-11834,2025-03-25,North America,Accessories,2,51.39,102.78,41.28,61.5
TRX-11835,2025-07-27,Europe,Tablet,5,399.72,1998.61,1229.4,769.2
TRX-11836,2026-01-25,Latin America,Tablet,11,402.57,4428.22,2638.75,1789.46
TRX-11837,2025-11-10,Asia Pacific,Laptop,2,1218.47,2436.94,1645.6,791.34
TRX-11838,2025-01-22,Europe,Monitor,1,312.68,312.68,199.09,113.59
TRX-11839,2026-02-14,Europe,Laptop,7,1146.81,8027.64,5595.75,2431.89
TRX-11840,2026-05-30,North America,Smartphone,4,762.36,3049.43,1937.27,1112.16
TRX-11841,2025-05-07,Latin America,Smartphone,5,774.26,3871.3,2540.22,1331.08
TRX-11842,2026-12-01,North America,Tablet,4,419.46,1677.83,1005.12,672.71
TRX-11843,2025-01-14,Latin America,Monitor,6,306.45,1838.71,1164.8,673.91
TRX-11844,2025-01-12,Latin America,Accessories,11,50.57,556.31,216.49,339.82
TRX-11845,2025-03-28,North America,Monitor,2,286.41,572.82,403.88,168.95
TRX-11846,2026-06-08,Asia Pacific,Smartphone,8,830.33,6642.63,4169.95,2472.68
TRX-11847,2026-06-21,Latin America,Accessories,4,51.56,206.26,83.36,122.89
TRX-11848,2025-10-28,Asia Pacific,Monitor,8,304.94,2439.55,1566.06,873.49
TRX-11849,2025-08-31,North America,Monitor,3,295.17,885.52,614.14,271.38
TRX-11850,2025-05-02,Asia Pacific,Accessories,12,47.85,574.23,246.61,327.62
TRX-11851,2025-05-27,Latin America,Smartphone,12,806.4,9676.84,6185.29,3491.54
TRX-11852,2026-07-21,North America,Monitor,11,306.59,3372.5,2215.57,1156.93
TRX-11853,2025-12-22,Asia Pacific,Accessories,5,47.97,239.86,95.11,144.75
TRX-11854,2026-11-16,North America,Smartphone,12,810.7,9728.42,6157.01,3571.41
TRX-11855,2026-09-23,North America,Accessories,3,48.93,146.8,57.64,89.16
TRX-11856,2025-11-05,Asia Pacific,Accessories,12,51.32,615.85,230.8,385.05
TRX-11857,2026-11-26,Latin America,Monitor,13,301.19,3915.45,2627.46,1287.99
TRX-11858,2025-10-15,Latin America,Smartphone,7,770.32,5392.26,3669.23,1723.03
TRX-11859,2025-11-03,Latin America,Monitor,3,300.8,902.39,584.55,317.83
TRX-11860,2026-08-17,Latin America,Laptop,12,1187.49,14249.86,9739.98,4509.88
TRX-11861,2026-12-24,Europe,Laptop,8,1161.64,9293.14,6274.34,3018.8
TRX-11862,2026-10-24,North America,Smartphone,9,827.32,7445.89,4679.43,2766.46
TRX-11863,2026-07-03,North America,Accessories,13,47.56,618.22,262.43,355.79
TRX-11864,2025-12-18,Europe,Monitor,12,294.36,3532.37,2329.79,1202.57
TRX-11865,2025-11-08,North America,Monitor,2,285.38,570.76,390.49,180.27
TRX-11866,2025-02-28,North America,Smartphone,3,767.68,2303.04,1489.87,813.17
TRX-11867,2026-10-05,Asia Pacific,Smartphone,12,783.77,9405.21,5773.23,3631.99
TRX-11868,2026-12-15,Europe,Laptop,13,1146.51,14904.66,9961.88,4942.78
TRX-11869,2025-02-04,North America,Tablet,7,403.87,2827.06,1781.51,1045.55
TRX-11870,2026-03-21,North America,Smartphone,5,766.95,3834.75,2476.79,1357.95
TRX-11871,2025-04-03,Europe,Tablet,10,408.07,4080.69,2556.56,1524.13
TRX-11872,2025-07-26,Europe,Smartphone,7,764.21,5349.48,3363.52,1985.96
TRX-11873,2025-12-19,Asia Pacific,Accessories,2,47.8,95.59,40.44,55.15
TRX-11874,2025-11-28,Asia Pacific,Accessories,14,49.03,686.37,278.41,407.96
TRX-11875,2026-12-26,Latin America,Laptop,14,1247.59,17466.24,10704.96,6761.28
TRX-11876,2025-06-08,Latin America,Laptop,4,1216.97,4867.87,3214.34,1653.53
TRX-11877,2025-01-24,Asia Pacific,Tablet,1,410.81,410.81,239.57,171.24
TRX-11878,2026-02-08,North America,Smartphone,5,771.32,3856.62,2581.93,1274.69
TRX-11879,2026-05-31,Europe,Monitor,8,310.02,2480.19,1621.11,859.08
TRX-11880,2025-12-30,Asia Pacific,Laptop,1,1140.98,1140.98,804.56,336.42
TRX-11881,2026-01-17,Latin America,Monitor,7,291.39,2039.74,1348.69,691.06
TRX-11882,2026-06-16,Europe,Monitor,7,303.48,2124.38,1370.24,754.14
TRX-11883,2025-06-01,Latin America,Smartphone,7,790.02,5530.14,3497.51,2032.63
TRX-11884,2026-07-16,North America,Tablet,1,419.37,419.37,253.33,166.04
TRX-11885,2026-11-20,North America,Smartphone,12,762.43,9149.13,5809.94,3339.19
TRX-11886,2026-08-31,Latin America,Laptop,11,1259.83,13858.15,8367.8,5490.35
TRX-11887,2026-09-09,Europe,Monitor,3,303.71,911.13,590.69,320.44
TRX-11888,2026-02-24,Latin America,Smartphone,11,804.7,8851.66,5490.58,3361.08
TRX-11889,2025-09-07,Europe,Smartphone,2,764.76,1529.52,968.44,561.08
TRX-11890,2025-04-27,Asia Pacific,Smartphone,5,781.87,3909.33,2498.04,1411.29
TRX-11891,2026-05-27,Latin America,Laptop,2,1250.96,2501.92,1574.16,927.76
TRX-11892,2026-08-01,Latin America,Tablet,13,394.17,5124.21,3235.4,1888.8
TRX-11893,2025-12-01,Europe,Smartphone,14,812.93,11381.05,6893.22,4487.83
TRX-11894,2026-02-22,Asia Pacific,Laptop,5,1259.94,6299.7,4051.39,2248.31
TRX-11895,2025-10-22,Europe,Monitor,5,292.89,1464.46,954.29,510.17
TRX-11896,2026-01-06,Europe,Accessories,4,50.38,201.52,77.37,124.15
TRX-11897,2025-07-05,Latin America,Laptop,11,1223.57,13459.3,8740.82,4718.48
TRX-11898,2025-09-03,Latin America,Accessories,7,48.32,338.26,137.99,200.27
TRX-11899,2026-09-29,Europe,Smartphone,10,771.89,7718.94,4945.82,2773.12
TRX-11900,2025-09-25,North America,Smartphone,6,796.5,4779.03,3091.13,1687.9
TRX-11901,2026-10-05,North America,Laptop,2,1186.3,2372.6,1661.81,710.78
TRX-11902,2025-08-25,North America,Accessories,4,51.07,204.28,77.99,126.29
TRX-11903,2026-06-14,Latin America,Smartphone,13,765.56,9952.29,6718.65,3233.63
TRX-11904,2026-07-06,Latin America,Monitor,14,314.16,4398.31,2788.46,1609.85
TRX-11905,2025-01-21,Asia Pacific,Tablet,11,380.57,4186.28,2687.8,1498.48
TRX-11906,2026-06-04,Latin America,Tablet,7,404.05,2828.37,1834.95,993.41
TRX-11907,2025-04-10,Asia Pacific,Smartphone,9,805.01,7245.1,4646.16,2598.93
TRX-11908,2026-04-23,Latin America,Accessories,9,48.17,433.56,188.9,244.67
TRX-11909,2026-08-22,North America,Smartphone,12,772.07,9264.88,5800.91,3463.96
TRX-11910,2025-10-25,North America,Accessories,3,51.46,154.39,57.86,96.53
TRX-11911,2026-06-10,Europe,Monitor,1,311.63,311.63,200.07,111.56
TRX-11912,2025-11-30,Europe,Accessories,9,48.92,440.24,182.5,257.74
TRX-11913,2025-01-02,Asia Pacific,Smartphone,8,795.04,6360.3,3868.42,2491.87
TRX-11914,2026-01-10,Asia Pacific,Monitor,7,295.65,2069.55,1450.46,619.09
TRX-11915,2025-10-20,Europe,Laptop,6,1148.71,6892.23,4815.37,2076.87
TRX-11916,2026-07-07,Asia Pacific,Tablet,14,406.93,5696.99,3468.83,2228.16
TRX-11917,2025-11-14,Latin America,Smartphone,10,826.02,8260.15,5051.03,3209.13
TRX-11918,2026-05-17,North America,Smartphone,7,784.39,5490.73,3547.23,1943.5
TRX-11919,2026-01-16,Europe,Smartphone,11,839.21,9231.35,5248.53,3982.82
TRX-11920,2026-09-15,Europe,Monitor,9,287.28,2585.48,1889.98,695.5
TRX-11921,2025-01-14,Latin America,Laptop,6,1219.41,7316.49,4734.68,2581.81
TRX-11922,2026-05-19,Asia Pacific,Accessories,14,49.74,696.38,267.72,428.65
TRX-11923,2025-08-19,Europe,Laptop,14,1193.59,16710.29,11594.6,5115.69
TRX-11924,2025-03-25,Europe,Monitor,10,298.73,2987.29,2098.6,888.69
TRX-11925,2025-05-10,Latin America,Smartphone,3,780.69,2342.08,1547.45,794.63
TRX-11926,2025-05-25,North America,Tablet,13,408.62,5312.09,3364.36,1947.73
TRX-11927,2025-01-28,Europe,Smartphone,14,817.73,11448.17,7088.15,4360.01
TRX-11928,2025-03-07,Europe,Accessories,3,48.91,146.74,62.53,84.2
TRX-11929,2025-06-12,Latin America,Tablet,4,413.41,1653.65,953.57,700.08
TRX-11930,2025-08-17,Europe,Smartphone,10,785.35,7853.48,5133.36,2720.11
TRX-11931,2025-09-18,Europe,Tablet,13,409.0,5317.05,3305.48,2011.57
TRX-11932,2026-03-25,North America,Laptop,14,1154.52,16163.28,10695.54,5467.74
TRX-11933,2026-02-28,Europe,Monitor,14,290.06,4060.85,2812.31,1248.54
TRX-11934,2026-04-05,Latin America,Smartphone,10,785.26,7852.64,5007.53,2845.11
TRX-11935,2026-11-07,North America,Accessories,8,50.47,403.75,163.06,240.69
TRX-11936,2025-10-28,North America,Laptop,10,1217.46,12174.61,7662.03,4512.59
TRX-11937,2025-10-30,North America,Smartphone,9,791.71,7125.38,4637.38,2488.0
TRX-11938,2025-10-14,Asia Pacific,Laptop,14,1149.34,16090.77,10796.13,5294.64
TRX-11939,2026-01-30,Latin America,Accessories,8,49.37,394.95,158.7,236.25
TRX-11940,2025-01-10,Asia Pacific,Smartphone,11,815.1,8966.12,5709.71,3256.41
TRX-11941,2026-12-08,Europe,Accessories,10,50.85,508.55,201.21,307.34
TRX-11942,2026-09-22,North America,Tablet,2,386.41,772.82,493.98,278.84
TRX-11943,2025-09-27,Asia Pacific,Accessories,4,47.54,190.16,76.39,113.77
TRX-11944,2026-08-15,Europe,Tablet,4,410.12,1640.48,1017.23,623.25
TRX-11945,2026-08-28,Asia Pacific,Smartphone,12,768.51,9222.11,6291.93,2930.19
TRX-11946,2025-12-27,North America,Tablet,2,383.29,766.59,520.59,246.0
TRX-11947,2025-09-14,Europe,Smartphone,13,760.22,9882.81,6641.24,3241.57
TRX-11948,2025-05-13,North America,Smartphone,8,794.61,6356.86,3842.12,2514.75
TRX-11949,2025-10-03,North America,Monitor,3,300.1,900.29,584.37,315.93
TRX-11950,2026-11-14,Asia Pacific,Smartphone,2,811.01,1622.03,968.68,653.34
TRX-11951,2026-05-28,Latin America,Tablet,7,391.84,2742.9,1724.71,1018.19
TRX-11952,2025-11-09,Europe,Monitor,1,306.31,306.31,194.71,111.6
TRX-11953,2026-07-30,Europe,Monitor,6,290.08,1740.48,1169.33,571.15
TRX-11954,2025-10-11,Latin America,Smartphone,13,826.56,10745.27,6575.87,4169.4
TRX-11955,2025-05-01,Europe,Accessories,13,50.36,654.67,255.29,399.38
TRX-11956,2025-04-17,Asia Pacific,Accessories,3,50.42,151.26,61.06,90.2
TRX-11957,2026-11-18,Europe,Monitor,13,291.29,3786.81,2716.45,1070.36
TRX-11958,2025-07-23,Asia Pacific,Smartphone,3,765.93,2297.79,1520.77,777.01
TRX-11959,2025-06-14,Europe,Accessories,5,49.82,249.12,102.52,146.6
TRX-11960,2025-11-01,Asia Pacific,Smartphone,14,809.25,11329.49,7176.11,4153.38
TRX-11961,2026-05-12,Latin America,Smartphone,3,767.6,2302.81,1474.61,828.21
TRX-11962,2026-09-24,Europe,Monitor,12,313.52,3762.19,2283.59,1478.6
TRX-11963,2026-07-10,Asia Pacific,Monitor,4,314.41,1257.65,764.4,493.25
TRX-11964,2025-06-05,North America,Laptop,13,1205.45,15670.91,10173.34,5497.57
TRX-11965,2026-01-02,North America,Accessories,13,52.25,679.25,264.93,414.33
TRX-11966,2026-12-20,North America,Accessories,3,48.4,145.19,62.44,82.75
TRX-11967,2026-09-12,Europe,Accessories,7,47.63,333.39,146.42,186.97
TRX-11968,2025-09-08,Asia Pacific,Tablet,3,381.58,1144.73,714.44,430.29
TRX-11969,2025-11-30,North America,Smartphone,14,807.0,11298.01,7343.06,3954.95
TRX-11970,2026-10-04,Europe,Monitor,10,286.85,2868.49,1964.5,903.99
TRX-11971,2026-05-26,Asia Pacific,Accessories,4,52.29,209.17,82.74,126.43
TRX-11972,2025-10-20,North America,Laptop,2,1157.03,2314.06,1548.85,765.22
TRX-11973,2025-01-20,North America,Accessories,2,49.02,98.05,38.25,59.8
TRX-11974,2025-10-09,Europe,Smartphone,9,825.8,7432.21,4445.26,2986.95
TRX-11975,2025-01-01,Asia Pacific,Smartphone,11,777.5,8552.49,5697.41,2855.08
TRX-11976,2025-04-29,Europe,Monitor,1,292.29,292.29,194.42,97.87
TRX-11977,2025-02-04,North America,Tablet,1,405.69,405.69,241.35,164.34
TRX-11978,2025-07-17,Europe,Monitor,10,293.28,2932.83,2081.96,850.86
TRX-11979,2026-04-30,Europe,Accessories,1,48.59,48.59,20.88,27.71
TRX-11980,2025-02-28,North America,Laptop,14,1170.5,16387.02,10654.05,5732.96
TRX-11981,2025-06-10,North America,Monitor,3,299.72,899.16,613.65,285.51
TRX-11982,2026-11-22,Asia Pacific,Tablet,2,418.64,837.29,490.46,346.83
TRX-11983,2025-07-25,Asia Pacific,Monitor,3,309.97,929.9,592.48,337.42
TRX-11984,2025-01-12,North America,Smartphone,14,782.77,10958.76,6978.37,3980.39
TRX-11985,2026-05-05,North America,Accessories,5,49.32,246.58,99.27,147.32
TRX-11986,2025-10-03,Latin America,Accessories,9,49.82,448.4,180.27,268.13
TRX-11987,2026-11-24,Latin America,Accessories,2,52.39,104.79,40.33,64.46
TRX-11988,2025-08-30,Asia Pacific,Accessories,12,48.36,580.34,239.17,341.17
TRX-11989,2025-08-04,Europe,Accessories,11,49.29,542.16,224.43,317.73
TRX-11990,2025-09-08,North America,Accessories,14,51.15,716.06,286.12,429.94
TRX-11991,2025-05-06,North America,Laptop,1,1255.67,1255.67,795.23,460.44
TRX-11992,2025-08-05,Europe,Tablet,11,386.23,4248.5,2651.68,1596.82
TRX-11993,2025-11-02,Asia Pacific,Accessories,6,48.64,291.82,121.69,170.13
TRX-11994,2025-07-04,Latin America,Tablet,3,389.03,1167.08,770.47,396.61
TRX-11995,2025-02-08,Asia Pacific,Accessories,13,47.6,618.86,263.59,355.27
TRX-11996,2025-08-11,Europe,Monitor,7,303.12,2121.86,1412.33,709.54
TRX-11997,2025-07-03,North America,Accessories,6,50.85,305.12,116.75,188.37
TRX-11998,2026-05-10,Latin America,Smartphone,11,808.2,8890.22,5579.83,3310.4
TRX-11999,2026-03-03,Europe,Laptop,7,1148.56,8039.91,5507.52,2532.39
TRX-12000,2025-06-27,North America,Monitor,13,287.08,3732.0,2709.09,1022.91
TRX-12001,2026-03-04,Asia Pacific,Monitor,13,291.31,3787.05,2639.97,1147.08
TRX-12002,2025-10-21,Latin America,Smartphone,5,783.22,3916.12,2444.54,1471.57
TRX-12003,2025-05-31,North America,Accessories,1,51.43,51.43,19.95,31.49
TRX-12004,2026-01-19,North America,Laptop,14,1159.13,16227.78,11588.17,4639.6
TRX-12005,2026-09-30,North America,Monitor,3,286.32,858.97,590.13,268.84
TRX-12006,2025-11-04,North America,Laptop,3,1187.28,3561.84,2406.11,1155.73
TRX-12007,2025-12-02,North America,Monitor,7,297.49,2082.44,1425.15,657.29
TRX-12008,2026-01-10,Asia Pacific,Accessories,14,49.75,696.56,287.13,409.44
TRX-12009,2025-01-08,Europe,Monitor,13,309.81,4027.49,2515.21,1512.28
TRX-12010,2025-12-07,Latin America,Monitor,3,287.94,863.82,603.91,259.91
TRX-12011,2025-05-09,Asia Pacific,Tablet,11,408.16,4489.73,2863.35,1626.38
TRX-12012,2026-10-31,Latin America,Accessories,5,49.19,245.95,104.68,141.27
TRX-12013,2025-12-18,North America,Smartphone,4,784.8,3139.19,2031.23,1107.96
TRX-12014,2025-12-24,Europe,Smartphone,4,834.6,3338.41,2096.73,1241.68
TRX-12015,2026-06-01,North America,Accessories,13,48.74,633.65,261.84,371.81
TRX-12016,2026-05-10,Asia Pacific,Smartphone,7,811.4,5679.82,3479.91,2199.91
TRX-12017,2025-03-27,Asia Pacific,Accessories,1,48.88,48.88,20.1,28.77
TRX-12018,2025-06-24,Latin America,Smartphone,7,800.57,5604.0,3365.5,2238.5
TRX-12019,2025-07-12,North America,Tablet,8,411.45,3291.61,1980.34,1311.27
TRX-12020,2025-11-07,North America,Smartphone,3,830.54,2491.61,1493.76,997.85
TRX-12021,2025-04-29,Europe,Monitor,3,310.16,930.48,620.92,309.57
TRX-12022,2025-08-06,Europe,Accessories,4,50.41,201.64,82.07,119.57
TRX-12023,2026-03-03,North America,Laptop,13,1169.86,15208.15,10505.48,4702.67
TRX-12024,2026-02-18,Latin America,Laptop,6,1219.35,7316.09,4726.69,2589.39
TRX-12025,2025-04-24,Europe,Accessories,14,51.05,714.69,271.24,443.46
TRX-12026,2025-05-25,North America,Tablet,7,380.43,2662.99,1723.36,939.63
TRX-12027,2026-06-22,North America,Smartphone,1,795.14,795.14,508.99,286.15
TRX-12028,2026-10-10,North America,Tablet,13,413.73,5378.5,3172.99,2205.51
TRX-12029,2025-10-30,Asia Pacific,Laptop,4,1198.75,4795.0,3176.6,1618.4
TRX-12030,2026-08-11,Latin America,Accessories,12,49.06,588.68,237.28,351.4
TRX-12031,2025-12-11,North America,Accessories,7,51.86,363.01,143.72,219.29
TRX-12032,2025-01-01,North America,Tablet,11,386.24,4248.59,2855.54,1393.05
TRX-12033,2025-05-27,North America,Tablet,2,388.26,776.52,509.97,266.55
TRX-12034,2025-10-14,Europe,Smartphone,1,814.99,814.99,492.08,322.91
TRX-12035,2026-10-16,North America,Monitor,1,295.57,295.57,198.66,96.91
TRX-12036,2025-02-22,Asia Pacific,Monitor,10,306.39,3063.91,1928.67,1135.24
TRX-12037,2025-10-31,Asia Pacific,Smartphone,14,772.62,10816.63,6767.67,4048.96
TRX-12038,2025-03-10,Latin America,Monitor,14,292.57,4095.95,2706.0,1389.95
TRX-12039,2025-12-27,North America,Laptop,6,1158.8,6952.79,4622.68,2330.1
TRX-12040,2026-08-25,North America,Monitor,12,313.59,3763.05,2323.1,1439.95
TRX-12041,2025-08-08,North America,Smartphone,5,792.43,3962.16,2425.67,1536.49
TRX-12042,2026-12-05,Asia Pacific,Monitor,1,295.12,295.12,192.24,102.88
TRX-12043,2026-07-29,Europe,Accessories,10,47.57,475.71,202.81,272.9
TRX-12044,2026-08-08,Europe,Tablet,3,386.14,1158.41,786.78,371.63
TRX-12045,2025-06-10,North America,Laptop,11,1190.54,13095.9,9133.68,3962.21
TRX-12046,2026-11-12,Europe,Accessories,7,47.84,334.9,133.64,201.26
TRX-12047,2025-03-30,Latin America,Accessories,12,50.05,600.64,238.15,362.49
TRX-12048,2026-11-19,Asia Pacific,Smartphone,9,796.4,7167.61,4661.69,2505.92
TRX-12049,2026-08-08,North America,Tablet,13,410.69,5338.93,3131.27,2207.66
TRX-12050,2026-08-12,Europe,Tablet,9,406.39,3657.53,2328.22,1329.31
TRX-12051,2025-06-08,North America,Laptop,6,1193.51,7161.08,4844.5,2316.59
TRX-12052,2026-05-04,North America,Smartphone,3,777.97,2333.92,1564.69,769.22
TRX-12053,2025-11-20,Asia Pacific,Laptop,1,1227.22,1227.22,830.08,397.14
TRX-12054,2026-09-02,Asia Pacific,Monitor,3,306.24,918.71,610.62,308.09
TRX-12055,2026-01-16,Europe,Accessories,10,48.27,482.66,203.16,279.51
TRX-12056,2025-04-12,Asia Pacific,Laptop,2,1249.77,2499.54,1554.11,945.43
TRX-12057,2026-05-09,Latin America,Accessories,11,47.82,526.04,211.57,314.47
TRX-12058,2026-10-06,North America,Smartphone,5,764.4,3822.02,2478.85,1343.17
TRX-12059,2026-09-06,Asia Pacific,Monitor,8,290.62,2324.96,1549.85,775.11
TRX-12060,2025-01-19,Europe,Smartphone,5,832.76,4163.78,2400.6,1763.18
TRX-12061,2026-03-30,Europe,Monitor,1,300.6,300.6,196.05,104.55
TRX-12062,2026-04-27,Europe,Monitor,3,308.64,925.91,621.63,304.29
TRX-12063,2026-08-17,Latin America,Accessories,12,48.64,583.67,228.41,355.26
TRX-12064,2026-02-01,Asia Pacific,Smartphone,5,799.22,3996.09,2448.16,1547.93
TRX-12065,2025-10-06,Asia Pacific,Smartphone,7,788.66,5520.64,3473.42,2047.22
TRX-12066,2025-12-31,Latin America,Laptop,5,1239.34,6196.7,4004.23,2192.47
TRX-12067,2025-11-27,Asia Pacific,Smartphone,14,761.81,10665.32,6777.1,3888.21
TRX-12068,2026-10-03,Asia Pacific,Laptop,10,1169.26,11692.61,8371.38,3321.24
TRX-12069,2025-12-10,Asia Pacific,Tablet,5,386.1,1930.51,1259.86,670.66
TRX-12070,2026-03-31,Latin America,Tablet,7,414.37,2900.57,1753.87,1146.7
TRX-12071,2026-08-24,Latin America,Tablet,13,398.7,5183.12,3090.37,2092.76
TRX-12072,2026-12-26,Europe,Smartphone,8,792.34,6338.7,3994.29,2344.41
TRX-12073,2026-10-17,Latin America,Smartphone,14,795.96,11143.42,7236.37,3907.05
TRX-12074,2025-03-06,Latin America,Laptop,8,1256.63,10053.05,6220.57,3832.48
TRX-12075,2025-03-17,Europe,Monitor,7,310.51,2173.56,1379.17,794.39
TRX-12076,2026-12-12,Latin America,Laptop,13,1224.76,15921.94,9901.39,6020.54
TRX-12077,2025-05-23,Asia Pacific,Tablet,14,391.62,5482.67,3666.92,1815.74
TRX-12078,2026-08-28,North America,Laptop,3,1159.82,3479.46,2296.0,1183.47
TRX-12079,2026-04-18,Europe,Monitor,11,312.64,3439.07,2287.61,1151.46
TRX-12080,2026-02-21,North America,Smartphone,2,793.85,1587.69,981.3,606.39
TRX-12081,2025-11-01,North America,Laptop,1,1173.45,1173.45,807.0,366.45
TRX-12082,2026-05-12,Europe,Tablet,6,398.84,2393.02,1526.9,866.12
TRX-12083,2025-10-18,North America,Tablet,13,416.71,5417.28,3133.27,2284.01
TRX-12084,2025-04-12,North America,Smartphone,9,790.97,7118.69,4474.69,2644.0
TRX-12085,2025-09-24,Europe,Laptop,3,1207.52,3622.55,2358.11,1264.44
TRX-12086,2026-09-14,Europe,Monitor,5,309.09,1545.44,955.66,589.78
TRX-12087,2025-01-03,Asia Pacific,Smartphone,9,794.17,7147.54,4649.94,2497.6
TRX-12088,2025-03-26,Europe,Laptop,14,1168.03,16352.35,10690.59,5661.76
TRX-12089,2025-11-24,Latin America,Accessories,14,52.47,734.62,284.29,450.33
TRX-12090,2026-03-26,North America,Tablet,9,418.26,3764.37,2208.17,1556.2
TRX-12091,2026-03-30,Europe,Monitor,7,310.3,2172.13,1356.9,815.23
TRX-12092,2026-09-21,Asia Pacific,Monitor,14,305.65,4279.12,2846.78,1432.33
TRX-12093,2025-08-09,Europe,Monitor,4,293.85,1175.38,805.96,369.42
TRX-12094,2025-06-03,North America,Tablet,11,416.54,4581.9,2699.2,1882.71
TRX-12095,2026-10-27,Europe,Laptop,2,1173.07,2346.13,1602.07,744.06
TRX-12096,2025-01-12,North America,Smartphone,2,824.06,1648.13,974.62,673.51
TRX-12097,2025-05-13,Europe,Laptop,4,1250.19,5000.76,3316.38,1684.38
TRX-12098,2025-10-31,Asia Pacific,Smartphone,1,808.24,808.24,490.69,317.55
TRX-12099,2025-10-20,Latin America,Monitor,14,309.09,4327.28,2728.64,1598.64
TRX-12100,2025-10-27,Asia Pacific,Laptop,4,1235.0,4940.01,3280.59,1659.43
TRX-12101,2025-02-12,Europe,Monitor,12,290.79,3489.54,2284.22,1205.31
TRX-12102,2025-12-09,North America,Accessories,14,50.84,711.75,273.5,438.25
TRX-12103,2025-11-22,Asia Pacific,Monitor,11,287.8,3165.84,2172.59,993.26
TRX-12104,2026-05-13,Latin America,Monitor,6,300.24,1801.41,1245.87,555.54
TRX-12105,2025-12-30,Latin America,Smartphone,6,772.98,4637.87,3135.13,1502.74
TRX-12106,2026-03-03,North America,Accessories,7,49.58,347.07,143.03,204.04
TRX-12107,2025-01-21,Europe,Monitor,5,309.99,1549.95,999.25,550.69
TRX-12108,2026-02-11,Asia Pacific,Monitor,9,314.62,2831.54,1825.31,1006.22
TRX-12109,2026-09-11,Asia Pacific,Accessories,2,49.09,98.18,39.66,58.52
TRX-12110,2025-12-02,North America,Accessories,2,50.16,100.32,39.2,61.12
TRX-12111,2025-04-27,Asia Pacific,Laptop,4,1201.36,4805.42,3344.22,1461.2
TRX-12112,2025-05-04,North America,Smartphone,4,836.35,3345.41,1923.08,1422.33
TRX-12113,2026-02-03,North America,Accessories,4,49.89,199.57,78.77,120.8
TRX-12114,2026-12-16,Europe,Accessories,1,51.0,51.0,20.8,30.2
TRX-12115,2025-02-20,North America,Tablet,4,416.87,1667.49,1022.31,645.17
TRX-12116,2025-11-20,Asia Pacific,Accessories,12,49.37,592.4,228.7,363.7
TRX-12117,2025-05-21,North America,Smartphone,5,832.17,4160.85,2380.77,1780.07
TRX-12118,2026-04-15,Asia Pacific,Monitor,9,312.52,2812.71,1802.97,1009.74
TRX-12119,2025-11-30,North America,Monitor,3,312.92,938.76,599.06,339.7
TRX-12120,2026-01-08,Europe,Monitor,3,293.11,879.34,596.58,282.76
TRX-12121,2026-07-18,Europe,Monitor,14,297.01,4158.15,2744.66,1413.49
TRX-12122,2026-05-09,North America,Tablet,5,414.82,2074.08,1310.83,763.25
TRX-12123,2026-06-23,North America,Accessories,10,49.3,492.96,195.44,297.52
TRX-12124,2026-10-31,North America,Monitor,6,303.01,1818.05,1198.8,619.24
TRX-12125,2025-06-05,Europe,Laptop,3,1154.17,3462.5,2377.17,1085.33
TRX-12126,2025-10-18,Latin America,Monitor,1,286.69,286.69,193.4,93.28
TRX-12127,2026-10-10,North America,Accessories,10,49.56,495.6,194.05,301.55
TRX-12128,2025-05-24,Latin America,Monitor,8,302.37,2418.94,1666.93,752.01
TRX-12129,2025-04-16,North America,Tablet,12,395.71,4748.5,3107.48,1641.01
TRX-12130,2026-02-24,Asia Pacific,Smartphone,1,806.22,806.22,484.95,321.27
TRX-12131,2026-11-01,Europe,Smartphone,2,801.21,1602.41,1037.57,564.85
TRX-12132,2026-10-20,Latin America,Accessories,3,50.93,152.79,58.26,94.53
TRX-12133,2025-01-02,Latin America,Smartphone,6,811.96,4871.78,3037.96,1833.81
TRX-12134,2026-08-12,Europe,Smartphone,4,793.94,3175.76,1916.26,1259.5
TRX-12135,2026-10-06,Latin America,Laptop,4,1191.0,4764.0,3321.72,1442.28
TRX-12136,2025-03-31,North America,Accessories,9,48.2,433.84,171.93,261.91
TRX-12137,2025-12-11,Latin America,Accessories,6,50.07,300.4,120.66,179.74
TRX-12138,2025-12-16,North America,Smartphone,12,806.97,9683.69,6167.83,3515.87
TRX-12139,2026-04-04,Latin America,Smartphone,2,798.12,1596.24,961.68,634.55
TRX-12140,2025-09-20,Asia Pacific,Smartphone,7,786.06,5502.4,3466.57,2035.83
TRX-12141,2025-12-17,Latin America,Tablet,13,408.87,5315.26,3101.13,2214.12
TRX-12142,2025-04-18,Latin America,Monitor,3,287.24,861.72,610.97,250.75
TRX-12143,2026-08-09,North America,Tablet,9,416.58,3749.2,2206.68,1542.52
TRX-12144,2025-02-08,Europe,Accessories,6,47.6,285.62,120.71,164.91
TRX-12145,2025-06-08,Asia Pacific,Laptop,8,1255.48,10043.86,6676.95,3366.91
TRX-12146,2026-08-06,Europe,Monitor,13,298.87,3885.32,2549.52,1335.8
TRX-12147,2025-11-08,North America,Laptop,13,1189.52,15463.77,9930.57,5533.19
TRX-12148,2025-08-29,Asia Pacific,Accessories,1,48.78,48.78,20.35,28.43
TRX-12149,2026-03-21,Latin America,Accessories,2,47.55,95.1,41.15,53.95
TRX-12150,2025-10-25,Europe,Laptop,6,1172.97,7037.85,5019.78,2018.07
TRX-12151,2025-02-05,Europe,Laptop,3,1153.13,3459.38,2317.87,1141.51
TRX-12152,2025-03-25,Europe,Laptop,1,1219.18,1219.18,791.37,427.81
TRX-12153,2026-03-28,Latin America,Accessories,6,49.1,294.57,124.13,170.44
TRX-12154,2026-01-20,North America,Smartphone,5,821.37,4106.87,2576.72,1530.15
TRX-12155,2025-06-21,Latin America,Laptop,13,1164.83,15142.79,10529.79,4613.0
TRX-12156,2026-01-11,Latin America,Monitor,9,312.01,2808.06,1758.49,1049.58
TRX-12157,2026-11-16,North America,Accessories,6,50.11,300.69,117.41,183.28
TRX-12158,2025-12-28,North America,Tablet,5,384.58,1922.9,1203.0,719.9
TRX-12159,2026-07-13,Latin America,Tablet,1,396.03,396.03,260.55,135.49
TRX-12160,2025-05-21,North America,Monitor,1,291.2,291.2,193.46,97.74
TRX-12161,2025-04-28,Europe,Smartphone,11,775.97,8535.72,5540.09,2995.64
TRX-12162,2025-10-04,Asia Pacific,Laptop,1,1200.76,1200.76,806.75,394.02
TRX-12163,2026-12-27,North America,Accessories,7,50.86,356.02,138.17,217.84
TRX-12164,2025-08-08,Asia Pacific,Laptop,6,1249.39,7496.37,4729.21,2767.16
TRX-12165,2025-01-26,Europe,Accessories,14,50.01,700.15,284.72,415.43
TRX-12166,2026-06-05,North America,Tablet,5,418.63,2093.17,1236.04,857.13
TRX-12167,2025-01-10,Latin America,Laptop,4,1253.0,5011.98,3121.64,1890.35
TRX-12168,2026-01-13,Latin America,Monitor,11,310.95,3420.47,2177.81,1242.66
TRX-12169,2026-09-25,Europe,Smartphone,14,800.0,11199.97,7215.36,3984.61
TRX-12170,2026-09-29,North America,Monitor,13,289.23,3759.95,2721.28,1038.67
TRX-12171,2026-11-13,Latin America,Smartphone,13,777.43,10106.62,6588.37,3518.25
TRX-12172,2026-08-07,North America,Laptop,11,1217.72,13394.92,9048.25,4346.68
TRX-12173,2025-06-01,Asia Pacific,Laptop,8,1190.61,9524.88,6421.01,3103.88
TRX-12174,2026-12-21,Latin America,Smartphone,11,771.74,8489.19,5568.65,2920.53
TRX-12175,2025-02-18,Europe,Tablet,8,399.16,3193.28,2097.62,1095.66
TRX-12176,2025-06-03,Latin America,Accessories,5,47.59,237.94,99.38,138.55
TRX-12177,2025-10-20,Europe,Monitor,4,307.02,1228.07,765.3,462.77
TRX-12178,2026-08-03,Europe,Monitor,2,287.21,574.41,418.28,156.13
TRX-12179,2025-02-19,Asia Pacific,Monitor,7,303.87,2127.11,1441.03,686.09
TRX-12180,2026-10-26,Asia Pacific,Laptop,5,1235.16,6175.81,3959.32,2216.48
TRX-12181,2026-06-15,Europe,Monitor,3,288.98,866.94,628.94,237.99
TRX-12182,2026-09-04,Latin America,Accessories,9,50.09,450.84,177.22,273.62
TRX-12183,2025-03-01,Europe,Accessories,9,51.4,462.56,177.7,284.86
TRX-12184,2025-06-16,North America,Smartphone,11,780.85,8589.36,5560.35,3029.01
TRX-12185,2025-07-21,North America,Laptop,11,1159.55,12755.05,8601.43,4153.62
TRX-12186,2025-05-26,Latin America,Accessories,10,49.18,491.84,203.97,287.87
TRX-12187,2026-11-07,Latin America,Tablet,14,402.19,5630.63,3378.5,2252.13
TRX-12188,2026-03-15,Asia Pacific,Laptop,11,1209.03,13299.37,8455.06,4844.31
TRX-12189,2025-08-30,North America,Laptop,8,1155.71,9245.64,6422.32,2823.32
TRX-12190,2026-08-04,Europe,Accessories,1,49.79,49.79,20.11,29.68
TRX-12191,2026-11-18,Europe,Tablet,12,390.73,4688.78,2882.0,1806.78
TRX-12192,2026-07-15,North America,Smartphone,3,827.36,2482.09,1569.63,912.46
TRX-12193,2026-04-28,North America,Accessories,2,49.07,98.14,40.29,57.84
TRX-12194,2025-04-18,Asia Pacific,Tablet,4,413.55,1654.19,965.1,689.09
TRX-12195,2025-08-14,North America,Laptop,2,1191.43,2382.86,1569.83,813.02
TRX-12196,2026-11-04,Asia Pacific,Tablet,12,409.06,4908.76,3090.07,1818.69
TRX-12197,2026-09-23,Latin America,Laptop,11,1201.21,13213.28,8820.44,4392.84
TRX-12198,2026-10-23,Latin America,Accessories,8,50.61,404.88,155.01,249.87
TRX-12199,2026-10-24,North America,Accessories,1,49.48,49.48,19.21,30.27
TRX-12200,2026-03-08,North America,Monitor,4,308.05,1232.18,794.46,437.72
TRX-12201,2026-10-17,North America,Monitor,5,297.76,1488.78,983.74,505.04
TRX-12202,2026-02-23,North America,Monitor,14,298.72,4182.13,2843.66,1338.48
TRX-12203,2026-03-31,Europe,Accessories,10,50.09,500.88,208.5,292.38
TRX-12204,2025-06-09,Europe,Smartphone,4,826.55,3306.18,1949.55,1356.64
TRX-12205,2026-06-07,Latin America,Accessories,8,50.8,406.38,165.68,240.69
TRX-12206,2026-10-12,Europe,Tablet,2,393.97,787.93,521.02,266.91
TRX-12207,2026-08-13,North America,Accessories,9,50.85,457.66,187.24,270.43
TRX-12208,2025-03-18,Asia Pacific,Accessories,2,50.71,101.42,41.81,59.62
TRX-12209,2026-05-24,Latin America,Laptop,2,1251.72,2503.44,1654.74,848.71
TRX-12210,2026-03-17,North America,Laptop,13,1240.97,16132.61,10497.23,5635.38
TRX-12211,2025-09-11,Europe,Laptop,2,1217.69,2435.39,1585.58,849.81
TRX-12212,2025-11-16,Asia Pacific,Accessories,12,49.21,590.49,239.8,350.69
TRX-12213,2025-09-20,Asia Pacific,Smartphone,10,822.37,8223.66,5186.31,3037.36
TRX-12214,2026-08-20,Europe,Tablet,8,403.01,3224.07,1960.28,1263.79
TRX-12215,2026-10-20,North America,Tablet,3,419.41,1258.23,724.44,533.79
TRX-12216,2026-07-08,Asia Pacific,Smartphone,10,779.8,7798.0,4820.41,2977.6
TRX-12217,2026-01-09,Asia Pacific,Smartphone,11,766.37,8430.1,5679.85,2750.25
TRX-12218,2026-09-29,Europe,Tablet,14,382.8,5359.14,3591.52,1767.62
TRX-12219,2025-06-16,Asia Pacific,Monitor,10,304.2,3042.01,1999.53,1042.48
TRX-12220,2026-04-04,Asia Pacific,Laptop,14,1252.71,17537.96,10947.86,6590.1
TRX-12221,2025-10-07,Asia Pacific,Laptop,8,1140.23,9121.85,6513.67,2608.18
TRX-12222,2026-12-01,Latin America,Tablet,7,409.03,2863.22,1669.23,1193.99
TRX-12223,2025-10-29,North America,Smartphone,10,812.57,8125.65,5034.11,3091.54
TRX-12224,2026-06-15,North America,Monitor,4,306.97,1227.88,791.87,436.0
TRX-12225,2026-08-03,Europe,Tablet,7,394.22,2759.51,1833.63,925.89
TRX-12226,2025-08-06,North America,Laptop,11,1238.46,13623.06,8806.65,4816.4
TRX-12227,2025-04-12,Asia Pacific,Accessories,8,47.72,381.79,160.84,220.95
TRX-12228,2026-07-08,North America,Smartphone,6,820.43,4922.61,3063.71,1858.9
TRX-12229,2025-10-15,Latin America,Accessories,6,48.84,293.01,119.81,173.2
TRX-12230,2025-06-16,Asia Pacific,Tablet,3,399.07,1197.22,729.34,467.88
TRX-12231,2026-09-13,Asia Pacific,Laptop,5,1238.72,6193.58,4014.91,2178.67
TRX-12232,2025-02-05,Latin America,Monitor,10,293.14,2931.41,2088.85,842.55
TRX-12233,2025-12-19,Latin America,Accessories,2,48.43,96.85,39.64,57.21
TRX-12234,2026-11-07,North America,Monitor,12,305.44,3665.27,2443.11,1222.16
TRX-12235,2025-03-14,North America,Laptop,5,1204.01,6020.04,4191.21,1828.82
TRX-12236,2026-10-10,North America,Accessories,5,50.07,250.36,103.3,147.06
TRX-12237,2025-12-19,Latin America,Monitor,7,292.7,2048.92,1422.26,626.66
TRX-12238,2025-03-11,North America,Monitor,4,286.05,1144.19,818.88,325.31
TRX-12239,2026-03-01,Europe,Accessories,14,49.55,693.72,292.22,401.5
TRX-12240,2026-12-09,North America,Laptop,11,1152.79,12680.66,9204.58,3476.08
TRX-12241,2026-07-15,Latin America,Monitor,6,312.18,1873.08,1256.28,616.8
TRX-12242,2026-10-04,Latin America,Tablet,9,381.65,3434.85,2278.27,1156.58
TRX-12243,2026-06-01,Europe,Accessories,4,49.66,198.63,79.08,119.56
TRX-12244,2026-03-04,Asia Pacific,Smartphone,11,764.18,8405.98,5298.23,3107.74
TRX-12245,2026-06-23,Europe,Smartphone,14,767.64,10747.01,6919.88,3827.13
TRX-12246,2025-06-09,Latin America,Laptop,6,1219.06,7314.38,5012.62,2301.77
TRX-12247,2025-05-29,Asia Pacific,Tablet,13,405.88,5276.5,3376.68,1899.81
TRX-12248,2025-08-18,Europe,Monitor,12,285.99,3431.9,2405.68,1026.22
TRX-12249,2026-12-13,,Smartphone,9,760.09,6840.81,4516.65,2324.16
TRX-12250,2026-07-16,Asia Pacific,Laptop,10,1149.46,11494.58,7847.14,3647.45
TRX-12251,2025-03-08,Europe,Tablet,12,410.52,4926.24,2986.35,1939.89
TRX-12252,2026-01-16,Asia Pacific,Tablet,1,403.38,403.38,255.36,148.02
TRX-12253,2025-02-27,North America,Laptop,8,1144.57,9156.59,6337.56,2819.04
TRX-12254,2025-09-16,Asia Pacific,Laptop,1,1198.57,1198.57,775.04,423.53
TRX-12255,2025-12-08,Europe,Monitor,4,306.36,1225.44,803.27,422.17
TRX-12256,2025-05-10,North America,Laptop,3,1244.27,3732.82,2334.08,1398.74
TRX-12257,2026-12-28,Latin America,Monitor,4,313.02,1252.08,837.94,414.14
TRX-12258,2025-06-21,Latin America,Monitor,14,294.82,4127.53,2769.3,1358.23
TRX-12259,2026-09-06,Latin America,Accessories,7,48.18,337.25,145.74,191.52
TRX-12260,2025-07-28,Europe,Tablet,13,389.48,5063.2,3160.81,1902.4
TRX-12261,2025-12-20,North America,Tablet,14,411.05,5754.66,3391.22,2363.43
TRX-12262,2026-04-16,Asia Pacific,Tablet,9,418.86,3769.73,2276.3,1493.43
TRX-12263,2025-04-26,Latin America,Accessories,9,49.83,448.49,185.03,263.46
TRX-12264,2025-09-21,Latin America,Monitor,10,294.16,2941.61,2013.35,928.25
TRX-12265,2026-10-24,North America,Monitor,1,297.88,297.88,194.6,103.28
TRX-12266,2026-03-18,North America,Laptop,10,1176.58,11765.78,7630.32,4135.46
TRX-12267,2026-07-02,North America,Accessories,1,48.78,48.78,20.24,28.55
TRX-12268,2026-03-29,Europe,Laptop,9,1211.25,10901.25,6934.35,3966.9
TRX-12269,2026-04-22,North America,Accessories,4,47.58,190.31,78.75,111.57
TRX-12270,2025-10-14,Asia Pacific,Laptop,12,1171.15,14053.76,9768.75,4285.0
TRX-12271,2025-10-30,Asia Pacific,Smartphone,13,812.91,10567.84,6238.72,4329.12
TRX-12272,2025-11-07,Latin America,Tablet,14,381.28,5337.96,3369.54,1968.42
TRX-12273,2025-07-27,Asia Pacific,Tablet,3,383.33,1149.98,717.12,432.86
TRX-12274,2026-09-10,North America,Monitor,13,293.8,3819.42,2728.98,1090.44
TRX-12275,2026-03-22,Asia Pacific,Smartphone,9,830.22,7472.02,4449.18,3022.83
TRX-12276,2026-11-01,Latin America,Tablet,5,410.6,2052.98,1300.72,752.25
TRX-12277,2026-09-25,Europe,Monitor,12,285.66,3427.98,2350.46,1077.52
TRX-12278,2025-02-24,Asia Pacific,Smartphone,6,800.14,4800.82,3075.96,1724.86
TRX-12279,2025-01-12,Latin America,Tablet,1,390.99,390.99,242.98,148.01
TRX-12280,2026-10-19,Latin America,Laptop,1,1217.84,1217.84,799.87,417.97
TRX-12281,2026-02-04,North America,Accessories,13,51.11,664.4,268.44,395.96
TRX-12282,2026-10-10,Latin America,Smartphone,14,829.03,11606.41,7221.43,4384.97
TRX-12283,2026-05-30,Asia Pacific,Monitor,7,299.26,2094.84,1441.2,653.64
TRX-12284,2026-10-18,Latin America,Smartphone,10,839.56,8395.56,5161.87,3233.69
TRX-12285,2026-06-26,Latin America,Monitor,8,314.4,2515.2,1553.84,961.36
TRX-12286,2025-08-25,North America,Smartphone,11,830.57,9136.31,5490.22,3646.09
TRX-12287,2025-10-06,North America,Monitor,8,302.25,2417.97,1597.58,820.39
TRX-12288,2025-12-14,Asia Pacific,Tablet,14,395.92,5542.88,3636.68,1906.21
TRX-12289,2026-09-19,Latin America,Laptop,13,1183.73,15388.44,10188.77,5199.68
TRX-12290,2025-04-14,Europe,Tablet,7,380.48,2663.39,1825.51,837.88
TRX-12291,2026-09-22,Latin America,Laptop,13,1169.9,15208.71,10348.83,4859.88
TRX-12292,2026-06-01,Europe,Tablet,11,408.75,4496.28,2796.69,1699.58
TRX-12293,2025-09-05,Asia Pacific,Tablet,9,404.15,3637.31,2198.0,1439.31
TRX-12294,2025-12-30,North America,Smartphone,1,833.31,833.31,495.51,337.8
TRX-12295,2025-11-17,Asia Pacific,Accessories,2,47.75,95.5,40.84,54.66
TRX-12296,2026-09-25,North America,Monitor,13,289.66,3765.56,2603.31,1162.24
TRX-12297,2025-10-13,North America,Monitor,3,308.68,926.03,625.84,300.19
TRX-12298,2025-05-29,Latin America,Monitor,13,295.76,3844.82,2661.65,1183.17
TRX-12299,2025-03-25,Latin America,Laptop,12,1154.2,13850.42,9661.83,4188.59
TRX-12300,2026-02-10,North America,Monitor,13,314.89,4093.62,2700.53,1393.08
TRX-12301,2026-04-01,Europe,Monitor,5,308.62,1543.09,1016.56,526.53
TRX-12302,2025-06-10,Europe,Smartphone,4,792.7,3170.8,2029.46,1141.33
TRX-12303,2026-04-05,Latin America,Tablet,4,412.93,1651.74,974.64,677.1
TRX-12304,2026-07-04,Asia Pacific,Monitor,8,305.42,2443.34,1583.18,860.17
TRX-12305,2026-05-15,Europe,Accessories,8,51.45,411.6,162.93,248.67
TRX-12306,2026-05-24,North America,Monitor,11,309.46,3404.02,2286.19,1117.82
TRX-12307,2026-10-16,Latin America,Laptop,7,1150.17,8051.17,5496.71,2554.47
TRX-12308,2026-04-26,Latin America,Laptop,1,1214.76,1214.76,777.24,437.52
TRX-12309,2026-10-25,North America,Laptop,10,1140.81,11408.14,8074.96,3333.19
TRX-12310,2025-04-24,Asia Pacific,Monitor,4,286.3,1145.21,765.38,379.84
TRX-12311,2026-08-01,North America,Smartphone,1,832.32,832.32,510.73,321.59
TRX-12312,2025-12-27,Asia Pacific,Accessories,11,50.14,551.52,224.47,327.05
TRX-12313,2025-12-07,Latin America,Monitor,14,307.08,4299.08,2759.39,1539.69
TRX-12314,2026-03-25,Asia Pacific,Smartphone,5,827.08,4135.4,2598.17,1537.23
TRX-12315,2025-06-29,North America,Smartphone,3,835.97,2507.9,1500.33,1007.57
TRX-12316,2026-12-03,Latin America,Monitor,3,311.08,933.24,608.75,324.5
TRX-12317,2026-02-11,Europe,Monitor,4,299.5,1198.0,776.77,421.23
TRX-12318,2026-10-28,Latin America,Smartphone,2,786.88,1573.76,991.73,582.02
TRX-12319,2025-07-15,North America,Smartphone,7,772.36,5406.52,,1779.67
TRX-12320,2026-04-11,North America,Smartphone,12,792.03,9504.31,5827.76,3676.54
TRX-12321,2025-11-07,Latin America,Monitor,13,295.99,3847.93,2571.55,1276.38
TRX-12322,2025-09-19,Latin America,Smartphone,4,804.77,3219.06,1963.62,1255.45
TRX-12323,2026-02-23,Latin America,Laptop,5,1219.86,6099.31,3860.44,2238.86
TRX-12324,2026-02-10,Asia Pacific,Monitor,12,314.35,3772.2,2349.53,1422.66
TRX-12325,2025-05-23,Europe,Laptop,14,1227.41,17183.69,10900.7,6282.98
TRX-12326,2025-12-08,Asia Pacific,Tablet,2,405.75,811.5,521.18,290.32
TRX-12327,2025-11-12,North America,Monitor,6,295.05,1770.32,1228.93,541.39
TRX-12328,2025-04-11,Latin America,Tablet,9,381.38,3432.42,2208.62,1223.8
TRX-12329,2025-09-01,Asia Pacific,Smartphone,8,783.05,6264.4,4105.34,2159.06
TRX-12330,2026-05-05,Asia Pacific,Smartphone,8,821.48,6571.81,3808.86,2762.95
TRX-12331,2025-01-12,North America,Accessories,2,48.53,97.05,40.11,56.95
TRX-12332,2025-08-27,Asia Pacific,Smartphone,4,816.98,3267.9,1950.07,1317.83
TRX-12333,2026-07-15,North America,Tablet,8,403.19,3225.53,1922.86,1302.67
TRX-12334,2025-02-11,Asia Pacific,Smartphone,11,773.75,8511.23,5711.07,2800.17
TRX-12335,2026-11-09,Europe,Monitor,1,292.85,292.85,193.99,98.86
TRX-12336,2026-08-17,North America,Smartphone,8,799.7,6397.63,4128.96,2268.68
TRX-12337,2026-03-05,Europe,Accessories,3,49.59,148.78,59.48,89.3
TRX-12338,2025-06-07,Asia Pacific,Smartphone,8,822.29,6578.28,3805.72,2772.56
TRX-12339,2025-08-04,Europe,Tablet,6,409.38,2456.26,1534.88,921.38
TRX-12340,2026-11-01,Europe,Tablet,7,402.98,2820.88,1766.86,1054.02
TRX-12341,2026-04-07,Europe,Smartphone,2,825.78,1651.56,984.42,667.15
TRX-12342,2025-05-14,Asia Pacific,Tablet,1,402.51,402.51,244.54,157.97
TRX-12343,2025-03-08,North America,Tablet,6,418.58,2511.45,1436.05,1075.4
TRX-12344,2025-01-07,Asia Pacific,Accessories,12,48.59,583.03,250.59,332.44
TRX-12345,2026-06-10,Asia Pacific,Monitor,3,306.42,919.27,599.64,319.63
TRX-12346,2025-03-14,Asia Pacific,Accessories,4,49.35,197.4,76.68,120.71
TRX-12347,2026-02-03,North America,Laptop,13,1173.48,15255.19,10783.43,4471.76
TRX-12348,2026-02-09,Latin America,Accessories,9,48.4,435.62,176.02,259.6
TRX-12349,2026-11-06,Asia Pacific,Smartphone,3,804.2,2412.6,1455.54,957.06
TRX-12350,2026-08-01,Asia Pacific,Monitor,2,291.46,582.93,391.24,191.69
TRX-12351,2025-05-10,North America,Smartphone,2,776.03,1552.06,1006.46,545.6
TRX-12352,2026-04-11,Latin America,Laptop,2,1258.86,2517.73,1531.85,985.88
TRX-12353,2025-07-25,Latin America,Monitor,6,309.05,1854.31,1197.81,656.5
TRX-12354,2025-09-23,Latin America,Tablet,2,409.93,819.86,519.79,300.07
TRX-12355,2026-06-21,Latin America,Accessories,11,51.47,566.17,213.14,353.03
TRX-12356,2025-09-10,North America,Smartphone,7,837.51,5862.6,3440.92,2421.68
TRX-12357,2025-10-16,North America,Laptop,7,1208.79,8461.55,5541.83,2919.72
TRX-12358,2025-06-13,Latin America,Tablet,7,388.81,2721.67,1765.09,956.58
TRX-12359,2025-04-05,Europe,Accessories,14,51.81,725.35,291.74,433.62
TRX-12360,2025-04-20,North America,Tablet,13,409.71,5326.22,3215.73,2110.49
TRX-12361,2025-12-02,Europe,Accessories,2,49.57,99.14,38.28,60.87
TRX-12362,2025-08-26,Europe,Monitor,7,299.21,2094.45,1378.71,715.74
TRX-12363,2026-01-16,Latin America,Tablet,10,396.45,3964.5,2422.52,1541.98
TRX-12364,2026-03-12,Latin America,Tablet,8,417.2,3337.58,2030.35,1307.23
TRX-12365,2026-04-28,Asia Pacific,Tablet,8,393.74,3149.93,1905.85,1244.08
TRX-12366,2025-01-25,Europe,Monitor,14,313.9,4394.66,2741.74,1652.92
TRX-12367,2026-10-15,Asia Pacific,Laptop,2,1249.23,2498.47,1607.23,891.24
TRX-12368,2025-04-27,Latin America,Accessories,5,50.65,253.26,97.77,155.49
TRX-12369,2026-04-27,Europe,Tablet,14,403.19,5644.7,3517.85,2126.85
TRX-12370,2026-01-27,North America,Monitor,6,296.1,1776.62,1153.77,622.85
TRX-12371,2026-06-21,Asia Pacific,Laptop,9,1142.2,10279.81,7518.82,2760.99
TRX-12372,2025-03-20,Latin America,Accessories,6,48.14,288.83,117.49,171.34
TRX-12373,2026-08-03,Europe,Monitor,10,307.63,3076.27,2084.6,991.67
TRX-12374,2025-06-22,Latin America,Accessories,6,49.86,299.15,117.91,181.24
TRX-12375,2025-01-12,Asia Pacific,Tablet,10,385.99,3859.94,2570.46,1289.48
TRX-12376,2025-05-08,Latin America,Laptop,10,1171.68,11716.75,7796.95,3919.8
TRX-12377,2026-08-31,Latin America,Monitor,6,313.44,1880.61,1220.37,660.24
TRX-12378,2025-04-02,North America,Laptop,9,1184.06,10656.5,7073.08,3583.43
TRX-12379,2026-10-15,Latin America,Tablet,10,416.31,4163.07,2502.29,1660.78
TRX-12380,2026-06-27,Europe,Laptop,7,1176.56,8235.89,5697.34,2538.56
TRX-12381,2026-06-16,Europe,Laptop,1,1205.19,1205.19,807.11,398.08
TRX-12382,2026-10-20,North America,Smartphone,1,761.64,761.64,503.81,257.82
TRX-12383,2026-03-23,Europe,Laptop,14,1202.63,16836.75,10713.56,6123.19
TRX-12384,2026-01-25,Latin America,Accessories,4,50.68,202.74,77.99,124.75
TRX-12385,2026-11-03,Latin America,Monitor,12,292.03,3504.35,2417.24,1087.11
TRX-12386,2025-02-12,Europe,Smartphone,2,806.31,1612.63,951.83,660.8
TRX-12387,2025-09-11,Asia Pacific,Monitor,3,304.42,913.25,585.04,328.21
TRX-12388,2025-05-10,Latin America,Monitor,12,305.61,3667.28,2335.0,1332.27
TRX-12389,2025-03-01,Europe,Tablet,7,411.06,2877.39,1706.22,1171.17
TRX-12390,2026-10-25,Latin America,Tablet,14,392.45,5494.35,3512.46,1981.89
TRX-12391,2026-04-12,Latin America,Smartphone,7,805.42,5637.96,3528.69,2109.27
TRX-12392,2025-10-14,North America,Tablet,14,419.26,5869.68,3643.15,2226.53
TRX-12393,2026-06-01,Europe,Tablet,12,415.93,4991.11,2965.81,2025.3
TRX-12394,2026-04-12,Latin America,Tablet,3,418.11,1254.32,781.99,472.33
TRX-12395,2025-12-11,Asia Pacific,Monitor,13,296.58,3855.59,2639.51,1216.09
TRX-12396,2026-10-04,Europe,Smartphone,2,822.95,1645.91,1041.27,604.64
TRX-12397,2026-01-17,Asia Pacific,Monitor,13,303.6,3946.76,2686.7,1260.06
TRX-12398,2026-11-21,Europe,Accessories,13,47.91,622.88,264.88,358.0
TRX-12399,2025-09-10,Asia Pacific,Monitor,1,309.72,309.72,197.12,112.6
TRX-12400,2025-02-25,Asia Pacific,Accessories,9,50.89,457.97,175.34,282.63
TRX-12401,2026-04-08,Europe,Laptop,10,1163.87,11638.7,7777.91,3860.79
TRX-12402,2026-04-02,North America,Laptop,3,1149.57,3448.71,2508.52,940.18
TRX-12403,2025-03-24,North America,Accessories,9,51.69,465.17,188.25,276.91
TRX-12404,2025-04-09,Europe,Accessories,4,47.89,191.58,81.8,109.78
TRX-12405,2025-05-29,Latin America,Monitor,10,287.74,2877.41,2076.76,800.65
TRX-12406,2025-11-25,Europe,Accessories,6,49.64,297.82,125.03,172.79
TRX-12407,2025-06-05,Europe,Smartphone,13,770.78,10020.19,6507.51,3512.68
TRX-12408,2025-07-09,Latin America,Laptop,7,1249.64,8747.48,5672.27,3075.21
TRX-12409,2026-05-09,Europe,Laptop,10,1196.43,11964.34,7935.0,4029.34
TRX-12410,2025-09-20,Europe,Accessories,14,50.35,704.84,277.72,427.12
TRX-12411,2025-03-21,Latin America,Tablet,6,417.12,2502.75,1430.76,1071.98
TRX-12412,2026-02-04,Latin America,Tablet,1,401.21,401.21,248.35,152.86
TRX-12413,2026-09-01,North America,Accessories,6,49.27,295.61,122.08,173.53
TRX-12414,2025-09-17,Asia Pacific,Smartphone,11,823.77,9061.5,5457.09,3604.41
TRX-12415,2026-09-07,Asia Pacific,Tablet,14,397.71,5568.0,3630.34,1937.65
TRX-12416,2026-07-06,North America,Accessories,6,49.09,294.55,117.99,176.56
TRX-12417,2025-04-11,North America,Smartphone,5,817.86,4089.29,2408.17,1681.12
TRX-12418,2025-12-25,Asia Pacific,Smartphone,3,824.13,2472.39,1546.73,925.65
TRX-12419,2026-01-15,North America,Monitor,10,308.75,3087.51,2034.79,1052.73
TRX-12420,2025-08-09,Europe,Smartphone,3,838.21,2514.64,1461.27,1053.37
TRX-12421,2026-02-24,North America,Tablet,11,411.47,4526.13,2760.02,1766.11
TRX-12422,2025-05-04,North America,Tablet,10,410.8,4107.97,2475.46,1632.51
TRX-12423,2026-02-26,North America,Accessories,13,51.79,673.24,271.41,401.83
TRX-12424,2025-08-19,North America,Accessories,7,47.5,332.51,141.5,191.0
TRX-12425,2026-11-21,Asia Pacific,Smartphone,8,788.99,6311.96,3863.36,2448.6
TRX-12426,2025-03-04,Latin America,Laptop,14,1228.51,17199.17,11202.41,5996.77
TRX-12427,2026-04-30,Asia Pacific,Monitor,3,302.99,908.97,621.75,287.22
TRX-12428,2026-09-20,Asia Pacific,Laptop,3,1161.31,3483.93,2441.16,1042.77
TRX-12429,2026-12-04,Latin America,Smartphone,7,784.3,5490.09,3619.86,1870.23
TRX-12430,2026-07-28,Asia Pacific,Smartphone,10,786.94,7869.43,4875.2,2994.23
TRX-12431,2026-04-28,Europe,Laptop,12,1208.14,14497.67,9972.82,4524.86
TRX-12432,2026-06-03,Latin America,Monitor,7,309.95,2169.64,1435.79,733.85
TRX-12433,2025-06-04,Europe,Laptop,11,1251.9,13770.89,9001.44,4769.45
TRX-12434,2025-04-02,Asia Pacific,Accessories,9,51.25,461.25,177.24,284.02
TRX-12435,2026-06-10,Asia Pacific,Tablet,14,413.72,5792.05,3635.68,2156.37
TRX-12436,2026-03-31,Latin America,Accessories,6,49.85,299.1,121.66,177.45
TRX-12437,2026-08-21,Asia Pacific,Tablet,13,395.59,5142.68,3364.35,1778.34
TRX-12438,2026-10-07,North America,Smartphone,7,791.42,5539.92,3451.34,2088.58
TRX-12439,2026-05-25,Europe,Monitor,11,303.48,3338.29,2122.04,1216.25
TRX-12440,2025-07-02,Europe,Laptop,10,1154.91,11549.08,7865.87,3683.21
TRX-12441,2026-01-21,North America,Monitor,1,302.38,302.38,199.11,103.28
TRX-12442,2026-07-28,Latin America,Laptop,7,1219.82,8538.71,5618.71,2920.0
TRX-12443,2026-02-09,Latin America,Accessories,2,49.69,99.39,40.04,59.35
TRX-12444,2025-09-03,North America,Accessories,7,52.27,365.86,140.64,225.22
TRX-12445,2026-08-14,North America,Laptop,3,1212.99,3638.96,2482.01,1156.95
TRX-12446,2026-10-23,Europe,Monitor,9,291.6,2624.4,1740.62,883.78
TRX-12447,2026-10-12,North America,Laptop,13,1197.51,15567.58,10208.69,5358.88
TRX-12448,2026-04-16,North America,Smartphone,5,814.03,4070.16,2597.15,1473.01
TRX-12449,2026-02-27,North America,Accessories,7,49.12,343.83,140.85,202.98
TRX-12450,2025-03-06,Asia Pacific,Smartphone,8,766.37,6130.97,4033.36,2097.61
TRX-12451,2025-01-13,North America,Accessories,13,50.42,655.42,259.43,395.99
TRX-12452,2025-08-01,Asia Pacific,Accessories,12,52.24,626.87,241.18,385.7
TRX-12453,2025-08-30,Europe,Tablet,2,399.4,798.81,484.9,313.9
TRX-12454,2026-05-08,Europe,Smartphone,11,832.49,9157.38,5525.78,3631.6
TRX-12455,2025-08-01,Latin America,Smartphone,1,826.8,826.8,524.86,301.94
TRX-12456,2026-11-24,Europe,Tablet,7,385.9,2701.28,1761.56,939.72
TRX-12457,2025-12-04,Latin America,Monitor,6,306.25,1837.47,1145.33,692.14
TRX-12458,2025-06-22,Asia Pacific,Smartphone,6,794.84,4769.02,3088.93,1680.09
TRX-12459,2026-11-03,North America,Laptop,2,1170.03,2340.06,1583.44,756.62
TRX-12460,2025-06-13,Europe,Tablet,3,407.48,1222.43,724.03,498.41
TRX-12461,2026-04-10,North America,Smartphone,4,819.41,3277.65,2072.5,1205.15
TRX-12462,2026-05-12,Latin America,Monitor,3,290.4,871.19,581.88,289.31
TRX-12463,2026-12-01,Asia Pacific,Smartphone,2,833.16,1666.31,1042.08,624.23
TRX-12464,2026-01-30,Europe,Accessories,3,51.26,153.77,59.65,94.12
TRX-12465,2026-12-04,North America,Laptop,14,1252.01,17528.07,11471.93,6056.15
TRX-12466,2025-11-04,Latin America,Tablet,6,392.68,2356.1,1507.05,849.05
TRX-12467,2025-07-02,North America,Accessories,9,52.2,469.77,175.62,294.15
TRX-12468,2026-09-21,Europe,Monitor,4,296.06,1184.22,813.69,370.53
TRX-12469,2026-05-25,North America,Accessories,6,47.77,286.62,125.49,161.12
TRX-12470,2026-12-09,Asia Pacific,Accessories,1,51.31,51.31,20.54,30.78
TRX-12471,2026-06-30,Europe,Monitor,12,306.11,3673.26,2424.96,1248.3
TRX-12472,2026-07-18,Latin America,Accessories,6,50.49,302.94,125.89,177.05
TRX-12473,2026-09-16,Europe,Tablet,12,399.6,4795.15,2929.6,1865.55
TRX-12474,2026-08-17,Latin America,Smartphone,3,762.57,2287.72,1434.35,853.37
TRX-12475,2025-08-15,Latin America,Accessories,9,50.62,455.61,171.58,284.03
TRX-12476,2026-03-12,Europe,Tablet,4,396.67,1586.69,1021.07,565.62
TRX-12477,2026-02-26,Latin America,Smartphone,7,804.82,5633.72,3615.58,2018.14
TRX-12478,2026-07-08,Europe,Smartphone,4,794.35,3177.38,2027.02,1150.36
TRX-12479,2025-01-21,Asia Pacific,Accessories,11,52.33,575.63,228.91,346.72
TRX-12480,2026-07-08,Asia Pacific,Tablet,6,404.16,2424.99,1529.7,895.29
TRX-12481,2026-02-01,North America,Accessories,14,51.25,717.45,276.39,441.06
TRX-12482,2026-09-17,Asia Pacific,Monitor,7,313.09,2191.63,1355.38,836.26
TRX-12483,2025-04-15,Latin America,Smartphone,2,807.33,1614.66,1042.46,572.19
TRX-12484,2025-07-11,North America,Accessories,10,47.56,475.6,192.07,283.53
TRX-12485,2025-01-17,North America,Smartphone,6,762.74,4576.46,3012.9,1563.56
TRX-12486,2025-04-30,,Tablet,8,408.09,3264.75,1962.8,1301.95
TRX-12487,2026-01-28,North America,Laptop,13,1173.49,15255.37,10162.27,5093.1
TRX-12488,2026-03-01,Europe,Accessories,13,50.4,655.16,263.79,391.37
TRX-12489,2025-05-09,North America,Accessories,12,48.51,582.14,233.55,348.59
TRX-12490,2025-05-10,Asia Pacific,Smartphone,6,781.62,4689.72,3124.91,1564.81
TRX-12491,2026-07-26,Europe,Tablet,2,400.19,800.37,495.3,305.07
TRX-12492,2026-07-14,Latin America,Monitor,4,314.27,1257.07,814.19,442.88
TRX-12493,2025-01-29,North America,Tablet,1,404.65,404.65,255.69,148.96
TRX-12494,2025-04-07,Asia Pacific,Accessories,7,52.18,365.27,142.56,222.7
TRX-12495,2025-01-10,Asia Pacific,Monitor,8,313.78,2510.25,1664.54,845.71
TRX-12496,2025-08-30,Europe,Tablet,10,388.32,3883.24,2432.78,1450.46
TRX-12497,2025-08-20,Europe,Laptop,2,1177.34,2354.69,1533.77,820.92
TRX-12498,2025-10-11,Europe,Smartphone,10,821.6,8215.99,4777.73,3438.26
TRX-12499,2026-12-16,Latin America,Tablet,5,414.67,2073.35,1297.23,776.12
TRX-12500,2026-12-27,Latin America,Tablet,11,400.77,4408.46,2880.15,1528.31
TRX-12501,2025-07-19,Latin America,Laptop,8,1259.19,10073.5,6273.62,3799.88
TRX-12502,2025-03-20,North America,Accessories,11,47.56,523.14,224.26,298.88
TRX-12503,2025-06-22,Latin America,Smartphone,8,783.97,6271.74,3803.57,2468.17
TRX-12504,2026-04-12,Europe,Tablet,5,404.93,2024.63,1211.08,813.55
TRX-12505,2026-08-04,Asia Pacific,Monitor,8,299.08,2392.63,1630.28,762.35
TRX-12506,2026-02-20,Asia Pacific,Tablet,14,384.66,5385.3,3348.06,2037.24
TRX-12507,2026-03-25,Europe,Smartphone,6,789.42,4736.54,2990.55,1745.98
TRX-12508,2025-03-28,Latin America,Tablet,5,381.02,1905.09,1270.32,634.77
TRX-12509,2025-04-11,Latin America,Laptop,13,1217.13,15822.68,10676.6,5146.09
TRX-12510,2025-01-08,Europe,Tablet,14,415.71,5819.94,3483.84,2336.1
TRX-12511,2025-07-19,Asia Pacific,Tablet,11,415.39,4569.34,2785.83,1783.52
TRX-12512,2026-05-20,North America,Monitor,4,305.99,1223.95,803.17,420.78
TRX-12513,2025-03-28,Asia Pacific,Laptop,5,1195.89,5979.46,3820.92,2158.54
TRX-12514,2025-02-12,Latin America,Laptop,12,1201.44,14417.33,9833.09,4584.23
TRX-12515,2026-01-20,Asia Pacific,Tablet,4,385.48,1541.91,967.24,574.67
TRX-12516,2026-09-13,Latin America,Monitor,1,295.23,295.23,190.64,104.59
TRX-12517,2026-03-11,Asia Pacific,Tablet,3,387.51,1162.53,746.34,416.19
TRX-12518,2026-02-12,Europe,Tablet,8,412.85,3302.78,2073.13,1229.66
TRX-12519,2026-04-28,Latin America,Smartphone,7,833.18,5832.26,3377.79,2454.47
TRX-12520,2026-10-26,North America,Smartphone,12,802.95,9635.45,5707.71,3927.73
TRX-12521,2025-01-17,North America,Monitor,7,306.83,2147.83,1345.4,802.43
TRX-12522,2026-10-07,Europe,Accessories,11,48.11,529.18,217.0,312.18
TRX-12523,2025-05-28,Asia Pacific,Smartphone,3,808.68,2426.05,1512.03,914.02
TRX-12524,2025-10-04,Europe,Accessories,9,51.01,459.13,174.47,284.65
TRX-12525,2025-08-20,Europe,Laptop,6,1194.33,7165.99,4944.94,2221.05
TRX-12526,2026-01-01,North America,Smartphone,8,779.46,6235.69,4101.32,2134.38
TRX-12527,2025-08-16,North America,Smartphone,8,830.19,6641.52,4078.35,2563.17
TRX-12528,2026-10-13,Latin America,Monitor,3,307.29,921.86,599.25,322.61
TRX-12529,2026-03-12,Latin America,Accessories,4,52.0,208.0,78.92,129.08
TRX-12530,2026-02-03,Latin America,Smartphone,14,825.47,11556.61,6912.91,4643.7
TRX-12531,2025-07-30,Europe,Smartphone,6,839.23,5035.38,3000.92,2034.46
TRX-12532,2026-01-26,Europe,Monitor,2,290.77,581.53,383.09,198.44
TRX-12533,2026-05-14,Latin America,Monitor,12,287.6,3451.23,2443.75,1007.48
TRX-12534,2026-06-24,North America,Accessories,12,49.19,590.22,236.44,353.78
TRX-12535,2026-07-17,North America,Laptop,11,1155.48,12710.29,8557.79,4152.5
TRX-12536,2026-05-06,Asia Pacific,Laptop,12,1202.78,14433.31,9387.19,5046.11
TRX-12537,2026-03-18,Latin America,Tablet,7,405.32,2837.25,1694.05,1143.2
TRX-12538,2025-09-18,Europe,Smartphone,2,806.26,1612.53,1040.16,572.37
TRX-12539,2025-12-16,Asia Pacific,Accessories,11,48.8,536.76,212.72,324.04
TRX-12540,2025-12-18,Asia Pacific,Smartphone,5,832.71,4163.53,2595.73,1567.8
TRX-12541,2026-06-04,Asia Pacific,Accessories,12,47.61,571.27,241.73,329.54
TRX-12542,2025-11-16,Latin America,Accessories,4,49.24,196.96,,114.02
TRX-12543,2025-05-18,Latin America,Accessories,9,51.09,459.85,179.53,280.32
TRX-12544,2026-07-04,Latin America,Smartphone,13,821.35,10677.61,6777.96,3899.64
TRX-12545,2026-09-15,North America,Monitor,13,297.48,3867.29,2524.99,1342.3
TRX-12546,2026-01-03,Asia Pacific,Smartphone,2,761.35,1522.71,1005.47,517.24
TRX-12547,2025-08-08,North America,Accessories,7,50.59,354.13,134.76,219.37
TRX-12548,2025-12-03,Latin America,Tablet,13,382.52,4972.81,3232.85,1739.96
TRX-12549,2025-08-11,North America,Laptop,7,1152.94,8070.6,,2431.45
TRX-12550,2026-10-10,North America,Accessories,7,50.75,355.26,141.48,213.78
TRX-12551,2025-12-26,Europe,Tablet,1,392.5,392.5,246.64,145.86
TRX-12552,2025-11-25,Latin America,Monitor,8,295.44,2363.53,1532.21,831.31
TRX-12553,2026-04-08,Asia Pacific,Accessories,2,49.93,99.87,40.62,59.25
TRX-12554,2026-07-15,Latin America,Tablet,5,419.14,2095.72,1248.55,847.16
TRX-12555,2026-01-17,North America,Accessories,2,52.33,104.65,38.55,66.11
TRX-12556,2026-08-13,Latin America,Smartphone,13,793.3,10312.91,6783.32,3529.59
TRX-12557,2026-09-09,Latin America,Tablet,5,390.62,1953.1,1306.96,646.14
TRX-12558,2025-06-18,Europe,Smartphone,7,784.21,5489.45,3624.81,1864.64
TRX-12559,2025-08-05,Europe,Smartphone,6,781.5,4689.02,3103.16,1585.85
TRX-12560,2026-01-13,Latin America,Tablet,13,401.29,5216.77,3119.57,2097.2
TRX-12561,2025-04-29,Europe,Laptop,12,1212.82,14553.88,10073.68,4480.19
TRX-12562,2025-07-09,North America,Tablet,5,399.55,1997.76,1237.55,760.21
TRX-12563,2026-01-05,North America,Laptop,4,1188.96,4755.84,3092.2,1663.64
TRX-12564,2025-05-29,North America,Accessories,8,48.56,388.45,164.99,223.46
TRX-12565,2026-11-07,Europe,Accessories,11,49.91,549.04,213.97,335.07
TRX-12566,2026-10-14,Latin America,Tablet,14,393.64,5511.02,3509.16,2001.86
TRX-12567,2026-05-03,North America,Accessories,8,50.21,401.66,154.05,247.62
TRX-12568,2026-01-09,Asia Pacific,Monitor,1,305.26,305.26,199.49,105.76
TRX-12569,2026-11-24,North America,Smartphone,10,810.66,8106.65,5029.07,3077.58
TRX-12570,2025-06-09,Latin America,Smartphone,2,797.0,1594.0,994.59,599.41
TRX-12571,2025-12-17,North America,Laptop,3,1206.73,3620.18,2296.68,1323.5
TRX-12572,2025-10-15,Asia Pacific,Accessories,13,48.92,636.02,259.61,376.41
TRX-12573,2025-10-15,North America,Laptop,1,1142.91,1142.91,797.52,345.39
TRX-12574,2025-08-14,North America,Smartphone,11,810.0,8910.02,5368.89,3541.13
TRX-12575,2026-06-07,Latin America,Smartphone,3,780.21,2340.62,1563.24,777.38
TRX-12576,2026-06-06,North America,Accessories,10,50.84,508.45,198.36,310.09
TRX-12577,2025-09-30,North America,Monitor,12,307.41,3688.92,2487.39,1201.54
TRX-12578,2026-02-06,Europe,Monitor,8,312.48,2499.82,1537.55,962.28
TRX-12579,2025-07-02,Latin America,Accessories,4,52.29,209.16,78.55,130.61
TRX-12580,2026-10-27,Latin America,Accessories,13,47.55,618.18,251.58,366.6
TRX-12581,2026-05-03,Latin America,Laptop,13,1258.84,16364.98,10304.75,6060.24
TRX-12582,2025-05-04,Latin America,Accessories,7,50.92,356.41,134.56,221.84
TRX-12583,2026-09-18,North America,Monitor,7,304.31,2130.14,1391.74,738.4
TRX-12584,2026-02-18,Asia Pacific,Accessories,11,47.58,523.34,216.79,306.55
TRX-12585,2026-12-26,Asia Pacific,Laptop,5,1243.35,6216.74,3889.33,2327.41
TRX-12586,2025-06-21,Europe,Laptop,12,1157.46,13889.51,9736.49,4153.02
TRX-12587,2025-10-15,North America,Laptop,1,1240.48,1240.48,836.07,404.41
TRX-12588,2026-03-11,Latin America,Laptop,10,1141.87,11418.68,7765.69,3652.98
TRX-12589,2026-11-17,Latin America,Tablet,4,405.84,1623.35,1021.18,602.18
TRX-12590,2025-04-23,Asia Pacific,Accessories,7,49.67,347.72,143.39,204.32
TRX-12591,2025-05-02,Europe,Smartphone,14,776.06,10864.86,6998.68,3866.17
TRX-12592,2026-06-28,North America,Accessories,5,48.04,240.19,103.98,136.21
TRX-12593,2025-08-10,Europe,Tablet,2,397.61,795.21,523.32,271.89
TRX-12594,2026-09-23,North America,Laptop,14,1154.8,16167.15,11045.72,5121.44
TRX-12595,2025-02-08,Europe,Tablet,8,399.46,3195.66,2030.21,1165.46
TRX-12596,2026-05-12,Europe,Monitor,2,303.76,607.51,406.49,201.02
TRX-12597,2025-08-21,Latin America,Monitor,11,309.82,3408.04,2178.8,1229.24
TRX-12598,2026-06-14,Asia Pacific,Accessories,8,50.89,407.15,157.07,250.08
TRX-12599,2025-05-29,Latin America,Accessories,13,47.83,621.74,271.28,350.46
TRX-12600,2026-02-01,Asia Pacific,Smartphone,11,784.59,8630.54,5659.49,2971.05
TRX-12601,2026-10-23,Europe,Smartphone,2,783.04,1566.08,961.45,604.63
TRX-12602,2026-09-30,North America,Monitor,11,312.45,3436.96,2116.37,1320.59
TRX-12603,2025-10-29,Latin America,Laptop,5,1244.13,6220.67,4169.02,2051.65
TRX-12604,2025-12-26,North America,Tablet,4,394.81,1579.22,958.14,621.08
TRX-12605,2025-08-26,Latin America,Smartphone,1,765.69,765.69,509.42,256.27
TRX-12606,2026-10-09,Latin America,Smartphone,14,831.53,11641.4,6808.73,4832.67
TRX-12607,2026-10-25,Latin America,Laptop,12,1246.58,14958.99,9153.78,5805.22
TRX-12608,2025-08-24,North America,Laptop,8,1242.57,9940.56,6118.17,3822.39
TRX-12609,2025-07-22,Latin America,Accessories,10,51.73,517.25,197.47,319.78
TRX-12610,2025-09-13,Latin America,Tablet,12,399.21,4790.52,2873.28,1917.25
TRX-12611,2026-08-21,Latin America,Laptop,3,1161.29,3483.88,2423.19,1060.68
TRX-12612,2026-10-24,North America,Smartphone,13,798.2,10376.59,6595.72,3780.87
TRX-12613,2025-08-23,Latin America,Smartphone,4,799.57,3198.27,1974.69,1223.58
TRX-12614,2025-12-11,North America,Monitor,4,299.7,1198.79,819.43,379.36
TRX-12615,2026-06-18,Asia Pacific,Laptop,5,1204.65,6023.26,3996.02,2027.25
TRX-12616,2026-04-11,Latin America,Accessories,3,48.79,146.36,59.58,86.78
TRX-12617,2026-06-25,Europe,Tablet,9,394.65,3551.85,2229.07,1322.77
TRX-12618,2025-08-01,Asia Pacific,Accessories,4,49.67,198.68,79.45,119.23
TRX-12619,2026-04-08,North America,Smartphone,14,770.49,10786.86,7327.52,3459.33
TRX-12620,2026-03-12,Europe,Accessories,10,49.78,497.77,203.63,294.14
TRX-12621,2025-10-10,North America,Smartphone,11,824.84,9073.21,5398.37,3674.85
TRX-12622,2026-07-16,North America,Smartphone,11,826.24,9088.69,5628.62,3460.07
TRX-12623,2026-08-30,Latin America,Smartphone,4,792.93,3171.7,1966.05,1205.65
TRX-12624,2026-04-08,Europe,Smartphone,6,801.5,4809.03,2887.71,1921.31
TRX-12625,2026-02-11,North America,Smartphone,8,762.69,6101.54,3990.14,2111.39
TRX-12626,2025-03-29,Asia Pacific,Monitor,13,305.23,3968.03,2665.27,1302.76
TRX-12627,2025-02-13,Latin America,Accessories,7,49.52,346.66,138.29,208.37
TRX-12628,2026-04-06,Asia Pacific,Monitor,4,298.36,1193.46,829.53,363.92
TRX-12629,2025-10-05,Asia Pacific,Monitor,4,311.21,1244.84,790.96,453.88
TRX-12630,2026-11-14,Latin America,Laptop,5,1195.42,5977.1,3939.94,2037.17
TRX-12631,2026-02-25,North America,Laptop,10,1142.54,11425.43,8398.6,3026.84
TRX-12632,2026-12-02,Asia Pacific,Laptop,5,1167.3,5836.49,3992.99,1843.51
TRX-12633,2025-12-19,North America,Tablet,12,399.02,4788.3,3091.57,1696.73
TRX-12634,2026-11-27,North America,Laptop,1,1190.93,1190.93,824.4,366.53
TRX-12635,2026-05-30,Latin America,Accessories,13,51.8,673.42,271.09,402.34
TRX-12636,2026-12-04,Asia Pacific,Monitor,8,301.26,2410.11,1533.58,876.53
TRX-12637,2026-09-22,Asia Pacific,Accessories,10,50.95,509.48,195.42,314.06
TRX-12638,2025-01-19,Latin America,Laptop,13,1196.32,15552.14,10678.46,4873.69
TRX-12639,2025-01-23,North America,Tablet,5,397.59,1987.93,1257.83,730.11
TRX-12640,2026-02-17,North America,Tablet,3,397.85,1193.55,754.47,439.08
TRX-12641,2025-01-30,Latin America,Monitor,3,297.33,891.98,579.97,312.01
TRX-12642,2025-04-18,North America,Accessories,4,50.19,200.77,78.25,122.52
TRX-12643,2026-01-02,North America,Smartphone,12,780.04,9360.43,6012.8,3347.63
TRX-12644,2025-10-08,Asia Pacific,Accessories,7,51.96,363.69,136.88,226.81
TRX-12645,2025-05-08,North America,Laptop,5,1179.97,5899.85,3884.11,2015.74
TRX-12646,2025-08-17,North America,Smartphone,1,771.8,771.8,479.39,292.41
TRX-12647,2025-04-21,North America,Tablet,14,383.86,5374.07,3379.5,1994.56
TRX-12648,2025-05-16,North America,Monitor,12,285.4,3424.83,2464.53,960.3
TRX-12649,2025-12-28,Latin America,Monitor,13,297.69,3869.91,2656.88,1213.03
TRX-12650,2025-07-05,Latin America,Tablet,5,387.5,1937.52,1193.23,744.29
TRX-12651,2026-10-18,Latin America,Laptop,14,1142.6,15996.37,10867.68,5128.69
TRX-12652,2026-08-07,North America,Tablet,5,400.8,2004.0,1257.56,746.45
TRX-12653,2025-05-09,Latin America,Laptop,6,1221.6,7329.58,4714.86,2614.72
TRX-12654,2025-09-18,Europe,Smartphone,14,766.86,10736.04,7226.27,3509.77
TRX-12655,2026-05-30,Europe,Tablet,7,398.44,2789.06,1799.87,989.18
TRX-12656,2026-03-25,Europe,Laptop,5,1229.24,6146.18,4156.63,1989.54
TRX-12657,2025-04-14,Asia Pacific,Smartphone,13,838.86,10905.24,6540.91,4364.33
TRX-12658,2026-04-28,North America,Tablet,11,406.69,4473.56,2709.32,1764.24
TRX-12659,2025-08-12,Asia Pacific,Monitor,14,292.35,4092.83,2829.7,1263.13
TRX-12660,2026-05-06,Latin America,Tablet,2,408.66,817.32,479.46,337.87
TRX-12661,2026-04-18,North America,Accessories,14,50.49,706.86,266.27,440.59
TRX-12662,2025-01-10,Europe,Tablet,2,388.47,776.94,475.85,301.09
TRX-12663,2026-02-09,North America,Accessories,13,51.76,672.82,257.6,415.23
TRX-12664,2025-10-29,Asia Pacific,Smartphone,4,794.19,3176.77,1945.62,1231.15
TRX-12665,2025-08-19,Latin America,Tablet,1,418.48,418.48,241.43,177.05
TRX-12666,2025-03-07,Latin America,Smartphone,7,817.83,5724.82,3540.36,2184.46
TRX-12667,2025-04-22,Asia Pacific,Smartphone,13,811.57,10550.35,6821.81,3728.53
TRX-12668,2025-01-13,North America,Laptop,1,1227.4,1227.4,774.22,453.18
TRX-12669,2026-01-28,Asia Pacific,Smartphone,3,798.25,2394.74,1506.96,887.78
TRX-12670,2026-05-15,Latin America,Smartphone,10,800.42,8004.18,4809.86,3194.32
TRX-12671,2026-08-21,Europe,Tablet,7,414.05,2898.34,1825.99,1072.35
TRX-12672,2025-08-22,Latin America,Tablet,11,407.24,4479.61,2692.73,1786.88
TRX-12673,2026-08-25,Latin America,Monitor,12,311.92,3743.01,2490.8,1252.21
TRX-12674,2025-11-10,North America,Laptop,12,1246.9,14962.79,9391.75,5571.04
TRX-12675,2026-07-20,Europe,Smartphone,6,838.12,5028.72,3091.82,1936.9
TRX-12676,2025-01-12,Latin America,Laptop,7,1224.03,8568.18,5437.25,3130.93
TRX-12677,2025-07-28,Europe,Accessories,5,50.01,250.06,97.93,152.13
TRX-12678,2025-01-14,Asia Pacific,Smartphone,8,773.3,6186.44,3876.99,2309.45
TRX-12679,2026-09-25,North America,Laptop,6,1224.65,7347.87,4686.84,2661.03
TRX-12680,2026-02-22,Europe,Monitor,12,293.75,3524.97,2480.37,1044.6
TRX-12681,2026-03-13,Europe,Monitor,4,293.49,1173.95,811.12,362.83
TRX-12682,2026-01-12,North America,Smartphone,14,779.06,10906.88,6934.12,3972.77
TRX-12683,2025-01-20,Asia Pacific,Accessories,11,51.88,570.63,230.37,340.26
TRX-12684,2026-08-10,Europe,Monitor,1,311.04,311.04,199.3,111.74
TRX-12685,2025-03-11,North America,Monitor,2,303.93,607.86,418.79,189.07
TRX-12686,2025-07-30,Latin America,Accessories,12,49.86,598.38,232.72,365.66
TRX-12687,2025-04-11,North America,Laptop,6,1220.65,7323.92,4994.23,2329.7
TRX-12688,2026-11-29,Latin America,Monitor,4,303.22,1212.87,761.11,451.76
TRX-12689,2025-05-12,Europe,Tablet,3,396.63,1189.89,753.4,436.49
TRX-12690,2026-09-15,Europe,Monitor,7,296.39,2074.72,1389.23,685.5
TRX-12691,2026-01-16,Europe,Laptop,7,1185.94,8301.55,5614.05,2687.5
TRX-12692,2025-05-12,Asia Pacific,Laptop,2,1210.7,2421.39,1608.55,812.84
TRX-12693,2025-01-20,Asia Pacific,Smartphone,8,811.81,6494.51,3955.61,2538.9
TRX-12694,2026-06-20,Latin America,Tablet,11,398.07,4378.77,2887.0,1491.76
TRX-12695,2025-08-15,North America,Laptop,1,1256.24,1256.24,838.12,418.12
TRX-12696,2025-06-03,Latin America,Accessories,11,47.92,527.11,230.16,296.95
TRX-12697,2026-04-14,North America,Tablet,10,393.88,3938.82,2619.77,1319.05
TRX-12698,2026-02-09,Europe,Tablet,7,396.76,2777.34,1801.28,976.06
TRX-12699,2025-07-21,North America,Accessories,10,47.58,475.85,209.77,266.07
TRX-12700,2025-02-07,Asia Pacific,Monitor,12,295.95,3551.38,2494.17,1057.22
TRX-12701,2025-07-07,North America,Accessories,1,48.87,48.87,19.83,29.04
TRX-12702,2025-02-26,North America,Accessories,13,50.03,650.39,267.4,382.99
TRX-12703,2025-01-20,Europe,Monitor,12,295.09,3541.11,2498.9,1042.21
TRX-12704,2025-09-30,Europe,Monitor,14,306.79,4295.0,2859.53,1435.47
TRX-12705,2025-04-29,Asia Pacific,Monitor,3,300.3,900.89,595.37,305.53
TRX-12706,2026-08-06,North America,Monitor,3,288.89,866.68,573.95,292.73
TRX-12707,2026-05-31,North America,Monitor,10,307.5,3075.02,2061.94,1013.08
TRX-12708,2025-08-09,North America,Accessories,14,48.0,671.95,292.68,379.27
TRX-12709,2026-06-10,Europe,Smartphone,2,827.12,1654.25,986.25,668.0
TRX-12710,2026-05-30,Asia Pacific,Smartphone,14,834.51,11683.19,6756.33,4926.86
TRX-12711,2026-12-29,North America,Laptop,10,1178.69,11786.93,7861.2,3925.73
TRX-12712,2025-12-02,North America,Smartphone,13,834.09,10843.19,6553.7,4289.48
TRX-12713,2026-11-29,North America,Smartphone,5,823.44,4117.2,2454.23,1662.97
TRX-12714,2025-02-24,North America,Accessories,4,52.11,208.45,80.88,127.56
TRX-12715,2026-05-15,Asia Pacific,Monitor,13,304.99,3964.85,2721.38,1243.46
TRX-12716,2026-06-20,Asia Pacific,Monitor,6,292.07,1752.42,1220.49,531.93
TRX-12717,2025-06-11,Asia Pacific,Accessories,2,51.97,103.95,39.45,64.49
TRX-12718,2026-11-01,Europe,Smartphone,14,774.74,10846.38,7305.03,3541.35
TRX-12719,2026-08-17,North America,Accessories,4,48.57,194.26,80.53,113.74
TRX-12720,2025-06-08,North America,Laptop,12,1172.53,14070.33,9243.24,4827.09
TRX-12721,2025-07-07,North America,Monitor,7,294.13,2058.89,1399.86,659.03
TRX-12722,2025-03-01,North America,Tablet,1,400.58,400.58,253.84,146.74
TRX-12723,2025-11-15,Latin America,Laptop,13,1225.61,15932.99,10751.78,5181.21
TRX-12724,2025-07-30,Asia Pacific,Laptop,11,1251.14,13762.59,9184.1,4578.5
TRX-12725,2026-02-10,Latin America,Accessories,3,47.94,143.83,58.9,84.92
TRX-12726,2026-10-26,Latin America,Smartphone,1,836.35,836.35,482.78,353.57
TRX-12727,2025-04-19,Europe,Monitor,2,312.64,625.28,382.95,242.33
TRX-12728,2025-03-17,Europe,Tablet,9,382.16,3439.44,2303.63,1135.81
TRX-12729,2026-06-26,North America,Laptop,10,1183.24,11832.39,8236.13,3596.26
TRX-12730,2025-11-10,Latin America,Tablet,5,412.53,2062.63,1238.67,823.96
TRX-12731,2025-04-27,Latin America,Smartphone,13,808.93,10516.04,6432.35,4083.69
TRX-12732,2026-12-05,Asia Pacific,Smartphone,4,822.33,3289.31,2090.85,1198.46
TRX-12733,2025-01-19,Latin America,Tablet,12,408.76,4905.14,3125.0,1780.13
TRX-12734,2026-03-08,Europe,Monitor,4,299.9,1199.61,778.66,420.95
TRX-12735,2026-11-16,Latin America,Smartphone,8,763.3,6106.38,4112.32,1994.06
TRX-12736,2025-12-16,Europe,Tablet,12,403.37,4840.45,3036.81,1803.64
TRX-12737,2025-07-02,North America,Laptop,3,1145.83,3437.48,2317.01,1120.47
TRX-12738,2025-04-23,Europe,Tablet,12,404.15,4849.79,2957.03,1892.76
TRX-12739,2025-07-02,North America,Tablet,12,412.02,4944.2,2903.24,2040.96
TRX-12740,2026-04-26,Asia Pacific,Accessories,4,50.42,201.7,78.36,123.34
TRX-12741,2025-05-26,North America,Smartphone,2,839.76,1679.52,1011.53,667.99
TRX-12742,2026-09-20,Latin America,Monitor,6,298.68,1792.06,1185.03,607.02
TRX-12743,2025-04-23,Europe,Monitor,12,307.46,3689.58,2374.57,1315.0
TRX-12744,2026-04-21,North America,Accessories,9,50.84,457.52,180.71,276.81
TRX-12745,2025-10-30,North America,Monitor,12,314.74,3776.92,2300.93,1475.98
TRX-12746,2025-04-28,North America,Tablet,4,408.53,1634.12,1023.88,610.24
TRX-12747,2025-06-10,North America,Accessories,11,48.32,531.52,217.84,313.68
TRX-12748,2026-02-05,North America,Laptop,6,1254.66,7527.97,4790.59,2737.38
TRX-12749,2025-07-17,North America,Smartphone,4,813.42,3253.69,2094.86,1158.83
TRX-12750,2025-09-17,Europe,Smartphone,14,764.75,10706.46,6891.06,3815.4
TRX-12751,2026-10-22,Latin America,Smartphone,2,812.61,1625.21,1014.82,610.39
TRX-12752,2025-02-16,Latin America,Tablet,13,415.32,5399.22,3215.06,2184.16
TRX-12753,2026-02-03,North America,Laptop,14,1209.25,16929.43,11641.6,5287.83
TRX-12754,2026-12-11,Europe,Accessories,6,49.27,295.62,124.16,171.46
TRX-12755,2026-07-13,North America,Accessories,12,51.6,619.25,233.8,385.46
TRX-12756,2025-03-19,Asia Pacific,Smartphone,7,822.6,5758.21,3567.11,2191.1
TRX-12757,2025-05-04,Latin America,Laptop,4,1205.3,4821.21,3060.86,1760.35
TRX-12758,2025-03-16,North America,Laptop,12,1158.52,13902.28,10044.66,3857.62
TRX-12759,2025-05-17,Europe,Laptop,11,1170.12,12871.3,8667.11,4204.19
TRX-12760,2026-08-25,Latin America,Monitor,7,307.15,2150.08,1446.46,703.62
TRX-12761,2026-02-04,Europe,Monitor,13,309.18,4019.37,2552.79,1466.58
TRX-12762,2026-05-20,Asia Pacific,Smartphone,11,782.34,8605.75,5573.02,3032.73
TRX-12763,2026-05-15,North America,Laptop,8,1184.16,9473.27,6709.5,2763.77
TRX-12764,2026-07-27,Asia Pacific,Laptop,11,1149.32,12642.47,9131.54,3510.93
TRX-12765,2025-05-18,Latin America,Accessories,3,51.07,153.2,57.96,95.24
TRX-12766,2025-02-19,North America,Accessories,2,47.52,95.04,40.19,54.85
TRX-12767,2026-09-11,Latin America,Smartphone,5,763.72,3818.62,2462.13,1356.48
TRX-12768,2026-09-17,North America,Laptop,2,1140.52,2281.04,1589.49,691.55
TRX-12769,2025-09-11,Europe,Smartphone,10,811.63,8116.26,4917.59,3198.66
TRX-12770,2026-09-22,Latin America,Accessories,5,49.59,247.93,98.36,149.58
TRX-12771,2026-12-11,Asia Pacific,Accessories,10,48.99,489.88,200.85,289.03
TRX-12772,2026-07-17,Asia Pacific,Monitor,13,312.38,4060.95,2519.91,1541.04
TRX-12773,2026-03-02,Europe,Smartphone,6,775.42,4652.55,3011.22,1641.33
TRX-12774,2026-07-01,Europe,Smartphone,8,791.15,6329.2,3911.59,2417.61
TRX-12775,2025-10-29,Asia Pacific,Laptop,6,1252.84,7517.02,4698.71,2818.31
TRX-12776,2026-08-04,Europe,Laptop,4,1191.25,4765.01,3276.4,1488.61
TRX-12777,2025-12-15,North America,Monitor,3,301.64,904.92,571.78,333.15
TRX-12778,2025-02-18,Asia Pacific,Tablet,14,383.21,5364.99,3458.33,1906.66
TRX-12779,2025-03-15,Latin America,Tablet,14,411.61,5762.49,3467.64,2294.86
TRX-12780,2026-12-05,Asia Pacific,Tablet,2,396.91,793.82,499.26,294.57
TRX-12781,2025-09-18,Europe,Smartphone,13,824.04,10712.54,6609.86,4102.68
TRX-12782,2025-12-22,North America,Smartphone,1,780.3,780.3,493.48,286.82
TRX-12783,2026-08-05,Latin America,Accessories,2,49.61,99.22,38.85,60.37
TRX-12784,2026-08-25,Asia Pacific,Smartphone,2,822.92,1645.85,1038.49,607.36
TRX-12785,2025-09-17,Asia Pacific,Smartphone,5,837.91,4189.55,2620.26,1569.29
TRX-12786,2026-09-30,Latin America,Smartphone,9,764.77,6882.93,4284.01,2598.92
TRX-12787,2025-10-22,North America,Monitor,1,309.37,309.37,200.93,108.44
TRX-12788,2026-10-03,Europe,Smartphone,4,784.06,3136.22,1968.34,1167.88
TRX-12789,2025-11-09,Europe,Laptop,10,1206.09,12060.89,7821.59,4239.3
TRX-12790,2026-09-04,Europe,Laptop,7,1174.81,8223.68,5508.0,2715.68
TRX-12791,2025-07-01,Europe,Accessories,11,50.57,556.24,223.06,333.18
TRX-12792,2026-11-17,Latin America,Monitor,14,295.61,4138.6,2713.4,1425.2
TRX-12793,2025-12-30,North America,Laptop,10,1180.03,11800.34,8330.29,3470.05
TRX-12794,2025-07-07,North America,Monitor,3,286.14,858.41,597.97,260.45
TRX-12795,2026-07-23,Asia Pacific,Monitor,8,289.41,2315.27,1572.09,743.18
TRX-12796,2026-06-27,Asia Pacific,Accessories,3,52.09,156.26,61.59,94.66
TRX-12797,2026-08-19,North America,Monitor,8,314.95,2519.59,1522.62,996.97
TRX-12798,2026-10-26,Asia Pacific,Smartphone,13,822.44,10691.74,6455.7,4236.04
TRX-12799,2026-07-02,North America,Monitor,2,293.6,587.21,394.21,193.0
TRX-12800,2026-12-26,Latin America,Accessories,5,49.51,247.56,98.38,149.18
TRX-12801,2026-02-12,Latin America,Accessories,4,51.2,204.79,78.7,126.09
TRX-12802,2026-09-10,Europe,Accessories,11,52.34,575.77,209.69,366.08
TRX-12803,2026-02-18,North America,Laptop,9,1194.66,10751.91,6949.52,3802.39
TRX-12804,2025-12-08,Latin America,Smartphone,3,826.36,2479.09,1446.28,1032.8
TRX-12805,2025-08-08,North America,Laptop,12,1257.01,15084.1,10069.07,5015.03
TRX-12806,2025-06-12,Asia Pacific,Tablet,11,414.94,4564.33,2618.6,1945.73
TRX-12807,2025-08-08,North America,Smartphone,5,778.17,3890.86,2416.77,1474.09
TRX-12808,2025-09-27,Europe,Monitor,10,285.24,2852.41,2094.83,757.57
TRX-12809,2026-09-24,Europe,Accessories,9,49.96,449.64,182.31,267.34
TRX-12810,2026-02-04,Latin America,Tablet,13,401.25,5216.31,3233.97,1982.34
TRX-12811,2025-07-01,Asia Pacific,Smartphone,6,776.1,4656.6,2873.63,1782.97
TRX-12812,2026-09-10,Asia Pacific,Laptop,2,1174.16,2348.32,1627.15,721.18
TRX-12813,2026-12-30,North America,Accessories,1,51.33,51.33,19.28,32.05
TRX-12814,2025-07-24,Asia Pacific,Laptop,12,1196.44,14357.3,9764.34,4592.96
TRX-12815,2026-08-05,Europe,Smartphone,11,785.39,8639.27,5763.55,2875.72
TRX-12816,2026-07-10,Latin America,Smartphone,1,809.81,809.81,501.6,308.21
TRX-12817,2025-08-16,Latin America,Tablet,7,406.11,2842.77,1699.96,1142.81
TRX-12818,2026-11-27,Latin America,Monitor,14,308.08,4313.15,2835.08,1478.07
TRX-12819,2026-09-11,Asia Pacific,Laptop,12,1158.81,13905.66,9612.41,4293.25
TRX-12820,2026-08-19,Asia Pacific,Tablet,2,409.66,819.32,501.66,317.66
TRX-12821,2025-09-07,Europe,Accessories,7,50.5,353.48,139.69,213.79
TRX-12822,2026-03-17,North America,Monitor,1,286.73,286.73,203.47,83.25
TRX-12823,2026-06-17,North America,Tablet,4,411.1,1644.39,1007.19,637.2
TRX-12824,2025-07-15,Latin America,Laptop,10,1185.97,11859.7,8389.6,3470.1
TRX-12825,2026-11-21,Latin America,Smartphone,13,786.43,10223.6,6711.81,3511.78
TRX-12826,2026-06-03,Asia Pacific,Accessories,11,49.74,547.14,214.82,332.32
TRX-12827,2025-03-11,Latin America,Laptop,4,1181.54,4726.16,3272.24,1453.92
TRX-12828,2026-10-01,Europe,Monitor,5,295.15,1475.74,971.43,504.31
TRX-12829,2026-02-03,Europe,Monitor,14,309.24,4329.39,2879.06,1450.34
TRX-12830,2026-11-03,Latin America,Smartphone,14,769.96,10779.45,6753.29,4026.16
TRX-12831,2025-07-22,Latin America,Smartphone,10,837.65,8376.48,4986.78,3389.7
TRX-12832,2025-05-28,Latin America,Accessories,1,50.27,50.27,20.58,29.69
TRX-12833,2026-04-17,Latin America,Accessories,7,48.41,338.9,136.92,201.98
TRX-12834,2026-10-17,Latin America,Smartphone,11,770.5,8475.47,5685.42,2790.05
TRX-12835,2025-07-18,Europe,Smartphone,2,807.32,1614.64,1014.42,600.23
TRX-12836,2026-03-02,North America,Monitor,12,303.99,3647.88,2375.41,1272.47
TRX-12837,2026-10-28,Europe,Smartphone,11,764.24,8406.66,5457.88,2948.78
TRX-12838,2026-05-07,Europe,Tablet,13,389.72,5066.36,3388.45,1677.91
TRX-12839,2025-05-22,Latin America,Laptop,11,1235.46,13590.01,8551.66,5038.35
TRX-12840,2025-11-09,North America,Smartphone,13,763.97,9931.61,6625.69,3305.92
TRX-12841,2025-06-14,Latin America,Accessories,2,51.78,103.55,40.83,62.72
TRX-12842,2025-11-10,Europe,Tablet,8,406.33,3250.61,2084.49,1166.12
TRX-12843,2025-01-21,North America,Accessories,9,49.67,447.05,183.84,263.21
TRX-12844,2025-03-23,Asia Pacific,Tablet,6,393.86,2363.14,1512.67,850.47
TRX-12845,2026-08-04,Latin America,Smartphone,11,761.54,8376.94,5721.39,2655.55
TRX-12846,2025-05-11,Asia Pacific,Laptop,1,1239.03,1239.03,826.33,412.7
TRX-12847,2026-08-22,Asia Pacific,Accessories,1,48.21,48.21,20.43,27.78
TRX-12848,2026-12-31,Asia Pacific,Tablet,14,392.38,5493.34,3336.4,2156.94
TRX-12849,2025-11-01,Asia Pacific,Monitor,11,302.07,3322.81,2172.17,1150.63
TRX-12850,2026-01-06,North America,Smartphone,7,779.68,5457.76,3546.16,1911.59
TRX-12851,2026-01-19,Latin America,Laptop,8,1199.66,9597.25,6414.24,3183.01
TRX-12852,2026-03-21,North America,Smartphone,3,824.75,2474.24,1472.9,1001.34
TRX-12853,2026-03-01,Latin America,Monitor,9,299.12,2692.05,1736.0,956.05
TRX-12854,2025-06-10,Latin America,Laptop,4,1253.88,5015.51,3216.96,1798.55
TRX-12855,2025-06-27,Latin America,Monitor,4,310.43,1241.7,782.87,458.83
TRX-12856,2026-09-21,North America,Smartphone,3,786.64,2359.93,1459.95,899.98
TRX-12857,2026-12-09,Europe,Tablet,8,396.0,3167.99,1979.79,1188.2
TRX-12858,2026-05-05,Asia Pacific,Smartphone,9,793.87,7144.8,4628.47,2516.32
TRX-12859,2025-11-23,Europe,Smartphone,1,810.09,810.09,499.39,310.7
TRX-12860,2026-08-21,Europe,Smartphone,2,782.94,1565.89,971.65,594.24
TRX-12861,2025-10-16,Europe,Accessories,1,52.35,52.35,19.23,33.11
TRX-12862,2026-08-16,Asia Pacific,Monitor,14,303.26,4245.65,2799.72,1445.93
TRX-12863,2026-10-26,Europe,Monitor,4,296.98,1187.93,823.55,364.38
TRX-12864,2026-07-27,Asia Pacific,Monitor,10,304.35,3043.5,2030.56,1012.94
TRX-12865,2026-07-27,Asia Pacific,Accessories,7,49.48,346.34,136.25,210.09
TRX-12866,2025-12-20,Asia Pacific,Tablet,14,412.71,5777.97,3477.85,2300.12
TRX-12867,2025-01-28,Latin America,Smartphone,7,805.43,5637.99,3624.33,2013.66
TRX-12868,2025-02-12,Latin America,Tablet,12,381.68,4580.15,2903.3,1676.85
TRX-12869,2026-11-12,Europe,Accessories,6,48.38,290.3,120.38,169.92
TRX-12870,2026-02-27,Latin America,Monitor,13,310.95,4042.35,2562.62,1479.73
TRX-12871,2026-08-21,Asia Pacific,Smartphone,11,805.03,8855.35,5293.3,3562.05
TRX-12872,2025-06-26,Latin America,Laptop,5,1254.04,6270.21,3819.96,2450.24
TRX-12873,2026-06-13,Asia Pacific,Laptop,11,1148.69,12635.6,8849.17,3786.43
TRX-12874,2026-09-02,North America,Tablet,4,391.81,1567.24,952.07,615.17
TRX-12875,2026-05-09,Latin America,Monitor,12,290.81,3489.68,2304.83,1184.85
TRX-12876,2025-07-17,Europe,Laptop,13,1206.46,15683.99,10241.47,5442.52
TRX-12877,2026-09-02,North America,Tablet,14,395.31,5534.36,3340.23,2194.13
TRX-12878,2026-07-31,North America,Accessories,8,48.29,386.29,158.41,227.88
TRX-12879,2026-06-01,Latin America,Tablet,7,405.71,2839.97,1685.31,1154.66
TRX-12880,2026-05-29,Latin America,Tablet,11,401.45,4415.97,2708.72,1707.26
TRX-12881,2025-01-22,Europe,Tablet,11,390.99,4300.88,2830.07,1470.82
TRX-12882,2025-04-22,North America,Smartphone,10,798.38,7983.82,5063.18,2920.63
TRX-12883,2025-02-26,Asia Pacific,Tablet,1,409.83,409.83,248.64,161.19
TRX-12884,2025-03-07,Latin America,Tablet,6,388.21,2329.27,1438.77,890.49
TRX-12885,2025-04-08,North America,Smartphone,14,783.43,10968.05,7083.4,3884.65
TRX-12886,2025-05-24,North America,Smartphone,2,787.69,1575.38,966.37,609.01
TRX-12887,2026-03-11,Asia Pacific,Accessories,4,51.23,204.93,76.61,128.32
TRX-12888,2026-09-29,North America,Monitor,5,310.41,1552.04,1016.4,535.64
TRX-12889,2026-11-10,Latin America,Laptop,8,1185.17,9481.33,6663.72,2817.61
TRX-12890,2025-03-27,Asia Pacific,Laptop,6,1175.59,7053.57,4781.08,2272.48
TRX-12891,2026-08-11,Latin America,Tablet,11,415.58,4571.36,2623.77,1947.58
TRX-12892,2025-12-10,Europe,Accessories,2,52.5,104.99,41.52,63.47
TRX-12893,2025-10-21,North America,Tablet,5,406.81,2034.07,1195.87,838.2
TRX-12894,2026-07-25,Latin America,Laptop,5,1258.8,6293.99,4147.01,2146.98
TRX-12895,2026-10-12,Latin America,Smartphone,6,812.8,4876.78,2967.55,1909.24
TRX-12896,2026-09-03,Europe,Monitor,1,307.0,307.0,197.31,109.7
TRX-12897,2026-12-05,North America,Accessories,8,49.44,395.55,160.68,234.86
TRX-12898,2025-08-31,Latin America,Smartphone,3,794.64,2383.91,1568.56,815.35
TRX-12899,2026-07-15,Asia Pacific,Monitor,5,289.32,1446.62,1039.87,406.75
TRX-12900,2025-02-01,Latin America,Accessories,7,51.61,361.3,139.58,221.71
TRX-12901,2026-01-26,Latin America,Accessories,3,52.16,156.47,61.17,95.29
TRX-12902,2025-10-04,Latin America,Laptop,14,1214.81,17007.38,11290.08,5717.3
TRX-12903,2026-06-16,Latin America,Smartphone,10,787.49,7874.92,5096.73,2778.19
TRX-12904,2025-06-03,North America,Accessories,13,48.27,627.51,268.56,358.95
TRX-12905,2026-01-18,Latin America,Accessories,6,48.83,292.95,114.41,178.54
TRX-12906,2025-03-09,Europe,Monitor,5,292.66,1463.31,982.58,480.74
TRX-12907,2025-08-02,Latin America,Laptop,7,1213.62,8495.36,5857.22,2638.14
TRX-12908,2026-10-17,Asia Pacific,Tablet,10,417.8,4178.01,2612.33,1565.68
TRX-12909,2026-01-11,Asia Pacific,Laptop,11,1145.79,12603.72,8369.87,4233.84
TRX-12910,2025-08-01,Latin America,Tablet,3,380.04,1140.12,727.61,412.51
TRX-12911,2025-03-20,Latin America,Smartphone,13,808.01,10504.19,6820.95,3683.24
TRX-12912,2026-12-27,Europe,Smartphone,14,782.72,10958.15,6994.98,3963.17
TRX-12913,2026-09-20,Europe,Accessories,2,51.9,103.81,40.29,63.51
TRX-12914,2026-08-27,North America,Smartphone,4,786.18,3144.72,1933.28,1211.44
TRX-12915,2026-01-16,North America,Accessories,3,48.95,146.85,62.37,84.48
TRX-12916,2026-11-11,Asia Pacific,Laptop,4,1172.34,4689.37,3114.0,1575.36
TRX-12917,2025-02-27,Latin America,Smartphone,7,771.59,5401.12,3391.38,2009.74
TRX-12918,2025-01-26,Latin America,Laptop,5,1209.78,6048.92,3891.25,2157.67
TRX-12919,2026-03-23,Europe,Laptop,4,1160.19,4640.74,3334.28,1306.46
TRX-12920,2025-03-07,Europe,Smartphone,14,793.97,11115.59,7141.99,3973.59
TRX-12921,2025-09-11,North America,Laptop,6,1195.32,7171.9,4928.93,2242.97
TRX-12922,2025-02-13,North America,Smartphone,7,761.64,5331.48,3456.96,1874.51
TRX-12923,2025-04-07,Asia Pacific,Smartphone,12,761.34,9136.13,6245.51,2890.63
TRX-12924,2026-07-08,Europe,Smartphone,14,801.62,11222.64,7202.59,4020.05
TRX-12925,2025-08-15,Latin America,Tablet,11,407.84,4486.26,2818.91,1667.34
TRX-12926,2026-11-10,Europe,Laptop,5,1253.06,6265.29,4188.38,2076.91
TRX-12927,2026-03-12,Europe,Monitor,12,290.37,3484.48,2367.89,1116.6
TRX-12928,2026-08-24,Europe,Smartphone,7,768.26,5377.82,3538.84,1838.98
TRX-12929,2026-01-14,North America,Laptop,3,1146.25,3438.75,2498.38,940.37
TRX-12930,2025-06-27,Latin America,Accessories,7,49.68,347.76,144.07,203.69
TRX-12931,2026-03-03,Latin America,Smartphone,12,809.85,9718.22,6038.03,3680.19
TRX-12932,2026-12-10,North America,Smartphone,3,827.24,2481.73,1436.43,1045.3
TRX-12933,2025-11-03,North America,Monitor,14,305.48,4276.71,2842.76,1433.95
TRX-12934,2026-05-19,Latin America,Tablet,6,388.33,2330.01,1503.98,826.02
TRX-12935,2025-09-25,Asia Pacific,Tablet,8,398.47,3187.77,1936.84,1250.93
TRX-12936,2026-08-09,Europe,Smartphone,13,832.83,10826.76,6748.46,4078.3
TRX-12937,2025-01-08,Latin America,Laptop,6,1179.21,7075.25,4724.76,2350.49
TRX-12938,2026-05-23,North America,Accessories,10,49.99,499.94,197.75,302.19
TRX-12939,2026-04-21,Latin America,Accessories,11,52.29,575.22,223.79,351.43
TRX-12940,2025-10-24,Europe,Laptop,3,1228.16,3684.49,2397.31,1287.18
TRX-12941,2025-06-13,Latin America,Smartphone,12,819.82,9837.83,5753.57,4084.26
TRX-12942,2026-04-30,North America,Accessories,5,48.76,243.81,98.87,144.93
TRX-12943,2026-08-20,Asia Pacific,Tablet,9,396.59,3569.29,2158.75,1410.54
TRX-12944,2025-03-13,North America,Laptop,8,1149.88,9199.05,6202.08,2996.97
TRX-12945,2026-07-21,Asia Pacific,Monitor,6,303.2,1819.17,1140.86,678.31
TRX-12946,2026-07-13,Europe,Smartphone,9,768.3,6914.69,4356.59,2558.09
TRX-12947,2025-08-26,North America,Laptop,2,1240.31,2480.62,1572.87,907.75
TRX-12948,2025-04-14,Latin America,Accessories,13,51.57,670.45,260.99,409.45
TRX-12949,2025-07-29,North America,Smartphone,11,802.69,8829.57,5730.6,3098.97
TRX-12950,2026-07-08,North America,Tablet,9,385.65,3470.82,2259.07,1211.75
TRX-12951,2026-04-13,Europe,Smartphone,10,762.05,7620.46,5102.8,2517.66
TRX-12952,2026-03-30,Asia Pacific,Smartphone,13,823.74,10708.58,6407.49,4301.09
TRX-12953,2025-09-25,Asia Pacific,Tablet,10,404.01,4040.06,2562.91,1477.15
TRX-12954,2026-01-21,Latin America,Tablet,6,408.44,2450.62,1518.07,932.55
TRX-12955,2026-01-22,North America,Smartphone,9,784.3,7058.74,4481.91,2576.83
TRX-12956,2025-09-16,Europe,Tablet,12,400.38,4804.55,2908.13,1896.42
TRX-12957,2025-10-10,Asia Pacific,Laptop,4,1229.66,4918.64,3137.13,1781.51
TRX-12958,2026-09-18,Latin America,Tablet,5,398.5,1992.51,1265.12,727.39
TRX-12959,2025-02-09,Asia Pacific,Tablet,2,404.06,808.11,496.3,311.81
TRX-12960,2026-05-01,Latin America,Smartphone,3,823.18,2469.53,1558.41,911.13
TRX-12961,2025-08-08,Asia Pacific,Laptop,1,1165.83,1165.83,778.79,387.04
TRX-12962,2025-05-09,Latin America,Monitor,4,286.98,1147.91,765.85,382.07
TRX-12963,2026-06-04,Asia Pacific,Monitor,12,300.95,3611.46,2421.44,1190.01
TRX-12964,2026-09-05,Asia Pacific,Accessories,2,47.81,95.62,41.54,54.08
TRX-12965,2026-11-19,North America,Tablet,12,410.66,4927.95,2959.42,1968.53
TRX-12966,2026-09-11,Latin America,Tablet,2,408.77,817.54,507.39,310.15
TRX-12967,2026-09-05,Latin America,Laptop,1,1245.81,1245.81,778.51,467.29
TRX-12968,2025-09-17,North America,Monitor,10,304.19,3041.87,2011.69,1030.17
TRX-12969,2026-01-01,North America,Accessories,12,47.84,574.03,246.88,327.15
TRX-12970,2026-06-28,Asia Pacific,Laptop,2,1170.38,2340.76,1658.73,682.03
TRX-12971,2026-10-11,Asia Pacific,Tablet,4,412.32,1649.27,960.51,688.76
TRX-12972,2026-06-08,Asia Pacific,Monitor,6,290.01,1740.08,1182.76,557.32
TRX-12973,2025-01-16,North America,Accessories,13,50.99,662.9,263.63,399.27
TRX-12974,2025-05-09,Asia Pacific,Smartphone,12,822.42,9869.05,5720.83,4148.22
TRX-12975,2026-07-29,North America,Monitor,7,294.9,2064.32,1426.69,637.64
TRX-12976,2025-04-19,Asia Pacific,Accessories,7,49.11,343.78,140.39,203.39
TRX-12977,2026-06-17,North America,Laptop,7,1206.94,8448.55,5481.6,2966.96
TRX-12978,2026-11-01,Latin America,Smartphone,4,828.9,3315.61,2062.93,1252.68
TRX-12979,2025-09-26,Europe,Accessories,12,48.62,583.43,234.96,348.47
TRX-12980,2025-06-11,Asia Pacific,Accessories,5,52.21,261.03,104.91,156.12
TRX-12981,2025-09-17,Asia Pacific,Tablet,14,403.96,5655.51,3610.73,2044.78
TRX-12982,2025-04-12,North America,Monitor,11,314.76,3462.4,2245.76,1216.65
TRX-12983,2026-05-21,Latin America,Tablet,12,383.58,4603.01,2868.4,1734.61
TRX-12984,2026-07-25,Latin America,Smartphone,3,770.12,2310.37,1560.65,749.73
TRX-12985,2025-09-04,Asia Pacific,Accessories,1,51.63,51.63,20.58,31.05
TRX-12986,2026-10-02,North America,Tablet,14,414.59,5804.26,3405.16,2399.1
TRX-12987,2026-06-21,North America,Monitor,8,298.36,2386.91,1582.76,804.15
TRX-12988,2025-05-11,Europe,Smartphone,10,817.13,8171.26,4884.32,3286.94
TRX-12989,2025-12-19,Latin America,Laptop,11,1244.11,13685.18,9226.29,4458.89
TRX-12990,2025-07-15,Europe,Tablet,7,381.73,2672.08,1811.98,860.09
TRX-12991,2026-10-28,Latin America,Smartphone,14,805.92,11282.82,7301.16,3981.67
TRX-12992,2026-01-17,Asia Pacific,Laptop,9,1242.42,11181.76,7407.92,3773.84
TRX-12993,2026-10-07,Asia Pacific,Tablet,14,395.93,5542.97,3484.72,2058.24
TRX-12994,2025-08-15,North America,Smartphone,10,784.19,7841.91,4852.72,2989.19
TRX-12995,2026-12-02,North America,Smartphone,4,823.66,3294.63,1941.62,1353.01
TRX-12996,2026-04-21,North America,Tablet,12,393.43,4721.18,2895.5,1825.67
TRX-12997,2026-04-22,Latin America,Smartphone,12,760.25,9123.05,6027.99,3095.06
TRX-12998,2025-09-22,North America,Accessories,5,52.3,261.49,104.2,157.29
TRX-12999,2026-01-07,Asia Pacific,Tablet,5,403.68,2018.42,1311.47,706.95
TRX-13000,2026-05-01,Europe,Smartphone,13,825.56,10732.3,6361.74,4370.55
TRX-13001,2026-03-10,Asia Pacific,Laptop,7,1239.04,8673.25,5710.5,2962.76
TRX-13002,2026-10-08,Asia Pacific,Laptop,13,1147.97,14923.6,10500.98,4422.62
TRX-13003,2025-07-30,Asia Pacific,Accessories,9,48.35,435.19,179.8,255.39
TRX-13004,2026-07-26,Europe,Tablet,8,392.44,3139.56,2033.15,1106.4
TRX-13005,2026-01-12,Asia Pacific,Smartphone,7,785.66,5499.59,3454.98,2044.61
TRX-13006,2026-01-30,Latin America,Smartphone,14,812.7,11377.84,7311.14,4066.7
TRX-13007,2026-03-26,Latin America,Laptop,1,1214.78,1214.78,816.44,398.34
TRX-13008,2025-12-30,Europe,Accessories,12,49.97,599.68,246.1,353.57
TRX-13009,2026-04-02,Latin America,Laptop,10,1165.35,11653.52,7793.94,3859.58
TRX-13010,2026-12-26,North America,Laptop,13,1185.84,15415.89,10055.33,5360.57
TRX-13011,2026-12-29,Latin America,Accessories,6,50.22,301.31,118.73,182.58
TRX-13012,2025-08-14,Asia Pacific,Tablet,10,398.72,3987.19,2566.67,1420.53
TRX-13013,2025-05-11,Latin America,Smartphone,9,770.18,6931.65,4697.46,2234.19
TRX-13014,2026-08-11,North America,Tablet,13,405.98,5277.75,3226.38,2051.36
TRX-13015,2026-04-21,North America,Monitor,7,287.19,2010.34,1438.38,571.96
TRX-13016,2025-10-04,North America,Monitor,1,296.35,296.35,199.41,96.94
TRX-13017,2025-06-05,Asia Pacific,Monitor,9,306.3,2756.71,1763.14,993.57
TRX-13018,2025-08-06,North America,Accessories,3,47.6,142.8,61.44,81.36
TRX-13019,2025-07-09,Asia Pacific,Laptop,14,1208.4,16917.57,11533.99,5383.58
TRX-13020,2026-02-21,North America,Tablet,9,393.38,3540.43,2183.14,1357.29
TRX-13021,2026-11-06,Asia Pacific,Smartphone,4,760.71,3042.83,1961.03,1081.79
TRX-13022,2026-11-23,Asia Pacific,Monitor,9,290.71,2616.4,1799.06,817.34
TRX-13023,2026-06-30,Asia Pacific,Tablet,13,417.64,5429.29,3148.12,2281.17
TRX-13024,2025-02-10,Latin America,Monitor,8,300.63,2405.08,1668.61,736.46
TRX-13025,2025-11-03,North America,Monitor,7,314.92,2204.42,1412.79,791.63
TRX-13026,2025-12-04,Asia Pacific,Smartphone,4,801.99,3207.94,1924.24,1283.7
TRX-13027,2025-11-10,North America,Accessories,9,50.22,451.98,174.31,277.66
TRX-13028,2025-03-16,Latin America,Laptop,4,1187.02,4748.08,3345.39,1402.69
TRX-13029,2025-10-06,Europe,Accessories,1,49.05,49.05,20.48,28.57
TRX-13030,2025-06-25,North America,Tablet,6,390.06,2340.37,1535.16,805.21
TRX-13031,2026-10-24,North America,Accessories,4,49.22,196.87,76.58,120.29
TRX-13032,2025-09-30,Latin America,Tablet,10,398.39,3983.94,2598.82,1385.12
TRX-13033,2026-09-12,Asia Pacific,Tablet,3,387.68,1163.04,745.78,417.26
TRX-13034,2026-10-13,North America,Laptop,12,1166.99,14003.82,9753.33,4250.49
TRX-13035,2025-10-16,Europe,Smartphone,5,781.72,3908.62,2614.92,1293.7
TRX-13036,2026-12-25,Latin America,Laptop,3,1193.91,3581.73,2304.0,1277.73
TRX-13037,2025-09-29,Asia Pacific,Accessories,11,50.76,558.4,219.61,338.79
TRX-13038,2025-03-07,North America,Tablet,9,414.25,3728.21,2148.66,1579.55
TRX-13039,2026-04-28,North America,Monitor,12,293.61,3523.37,2399.89,1123.48
TRX-13040,2025-09-05,Latin America,Monitor,6,290.51,1743.07,1170.27,572.8
TRX-13041,2025-06-05,Asia Pacific,Tablet,3,395.15,1185.46,780.83,404.63
TRX-13042,2025-02-16,Asia Pacific,Laptop,5,1247.33,6236.63,3959.4,2277.23
TRX-13043,2026-03-30,Latin America,Smartphone,8,760.79,6086.31,4053.55,2032.76
TRX-13044,2025-07-20,North America,Laptop,14,1221.34,17098.82,11603.52,5495.3
TRX-13045,2026-10-22,North America,Tablet,8,399.09,3192.69,2096.74,1095.95
TRX-13046,2025-05-04,Asia Pacific,Tablet,6,386.44,2318.65,1500.57,818.08
TRX-13047,2025-01-01,Asia Pacific,Smartphone,5,785.68,3928.41,2488.94,1439.47
TRX-13048,2026-10-02,Europe,Accessories,5,48.62,243.12,95.76,147.37
TRX-13049,2025-07-10,Europe,Accessories,1,51.89,51.89,19.03,32.86
TRX-13050,2026-08-02,Europe,Smartphone,2,798.55,1597.1,1010.88,586.22
TRX-13051,2026-05-31,Asia Pacific,Accessories,12,50.32,603.79,229.57,374.21
TRX-13052,2026-03-18,Asia Pacific,Monitor,11,302.81,3330.92,2173.68,1157.23
TRX-13053,2025-05-23,Asia Pacific,Accessories,4,50.7,202.79,76.03,126.76
TRX-13054,2025-07-10,North America,Accessories,6,49.98,299.87,121.38,178.48
TRX-13055,2026-06-17,Latin America,Accessories,11,47.59,523.48,218.36,305.12
TRX-13056,2025-08-15,Asia Pacific,Monitor,7,295.04,2065.29,1347.78,717.51
TRX-13057,2025-11-09,North America,Accessories,1,48.42,48.42,19.59,28.83
TRX-13058,2026-09-21,Asia Pacific,Monitor,8,305.4,2443.23,1611.15,832.09
TRX-13059,2025-10-29,Latin America,Smartphone,12,764.54,9174.44,6094.03,3080.41
TRX-13060,2026-10-16,Asia Pacific,Laptop,1,1207.66,1207.66,796.99,410.67
TRX-13061,2026-04-05,North America,Smartphone,9,776.85,6991.65,4636.78,2354.87
TRX-13062,2026-02-05,Asia Pacific,Laptop,4,1253.86,5015.45,3075.98,1939.47
TRX-13063,2026-07-05,Asia Pacific,Smartphone,12,786.84,9442.12,5750.73,3691.39
TRX-13064,2026-01-28,Asia Pacific,Laptop,7,1179.03,8253.19,5344.78,2908.41
TRX-13065,2025-07-26,Europe,Laptop,11,1250.81,13758.87,8831.53,4927.34
TRX-13066,2025-07-29,Asia Pacific,Tablet,14,396.69,5553.71,3572.18,1981.53
TRX-13067,2025-04-25,North America,Laptop,6,1255.54,7533.26,4622.65,2910.61
TRX-13068,2026-10-08,North America,Laptop,13,1142.9,14857.71,10544.5,4313.2
TRX-13069,2025-09-08,North America,Tablet,9,392.25,3530.28,2244.81,1285.47
TRX-13070,2025-08-07,,Accessories,14,50.83,711.63,293.65,417.99
TRX-13071,2026-02-11,Latin America,Accessories,2,51.95,103.91,40.87,63.04
TRX-13072,2026-03-19,North America,Tablet,11,390.26,4292.82,2793.31,1499.51
TRX-13073,2026-08-26,Europe,Monitor,7,312.91,2190.4,1409.86,780.54
TRX-13074,2025-12-20,Latin America,Laptop,11,1211.29,13324.24,9237.68,4086.56
TRX-13075,2026-07-12,North America,Laptop,5,1236.12,6180.6,4192.18,1988.42
TRX-13076,2026-07-04,Asia Pacific,Tablet,13,395.89,5146.55,3262.39,1884.16
TRX-13077,2025-05-22,Europe,Tablet,7,388.49,2719.41,1742.16,977.25
TRX-13078,2026-09-04,North America,Monitor,1,312.34,312.34,199.24,113.09
TRX-13079,2026-05-16,Europe,Accessories,11,52.17,573.82,218.42,355.4
TRX-13080,2026-12-03,Latin America,Smartphone,11,799.81,8797.87,5517.27,3280.6
TRX-13081,2026-07-01,North America,Accessories,10,47.53,475.32,195.47,279.85
TRX-13082,2026-10-21,Asia Pacific,Laptop,9,1153.17,10378.57,7507.29,2871.28
TRX-13083,2026-06-26,Europe,Tablet,1,402.92,402.92,249.76,153.17
TRX-13084,2026-05-22,North America,Monitor,14,285.71,3999.99,2895.76,1104.22
TRX-13085,2026-08-19,Latin America,Accessories,5,49.48,247.42,99.75,147.67
TRX-13086,2025-10-08,Latin America,Monitor,14,294.1,4117.42,2861.12,1256.29
TRX-13087,2026-02-28,North America,Accessories,8,51.07,408.57,157.39,251.18
TRX-13088,2025-09-27,Latin America,Laptop,1,1146.67,1146.67,809.98,336.68
TRX-13089,2025-06-03,Europe,Smartphone,7,799.1,5593.69,3499.43,2094.26
TRX-13090,2026-09-06,Europe,Monitor,2,302.37,604.75,394.68,210.06
TRX-13091,2026-12-28,Europe,Monitor,7,303.52,2124.63,1453.42,671.21
TRX-13092,2026-10-24,Europe,Smartphone,7,792.41,5546.89,3364.45,2182.44
TRX-13093,2025-03-24,Latin America,Monitor,9,294.13,2647.18,1797.65,849.53
TRX-13094,2026-09-14,North America,Monitor,6,305.47,1832.85,1163.32,669.52
TRX-13095,2026-03-02,Latin America,Accessories,4,51.74,206.95,82.89,124.06
TRX-13096,2025-10-02,Latin America,Accessories,7,50.97,356.78,136.55,220.23
TRX-13097,2026-12-14,North America,Smartphone,7,834.57,5841.98,3546.7,2295.28
TRX-13098,2025-10-11,North America,Laptop,4,1226.07,4904.29,3092.98,1811.31
TRX-13099,2025-06-22,Asia Pacific,Monitor,2,307.94,615.88,396.2,219.68
TRX-13100,2025-11-23,Europe,Laptop,13,1160.15,15081.93,10815.33,4266.6
TRX-13101,2026-12-19,North America,Smartphone,11,793.56,8729.19,5316.34,3412.86
TRX-13102,2025-03-04,Latin America,Smartphone,9,798.8,7189.24,4573.44,2615.8
TRX-13103,2025-03-14,,Accessories,14,48.78,682.94,271.73,411.21
TRX-13104,2026-09-28,Europe,Monitor,8,300.86,2406.85,1586.52,820.33
TRX-13105,2026-01-10,Latin America,Tablet,5,391.63,1958.16,1255.08,703.08
TRX-13106,2026-09-25,North America,Smartphone,14,815.0,11410.0,7054.11,4355.89
TRX-13107,2026-05-23,Europe,Monitor,5,299.11,1495.54,1010.25,485.29
TRX-13108,2026-02-02,Europe,Laptop,1,1195.06,1195.06,811.21,383.85
TRX-13109,2025-04-30,Europe,Accessories,11,52.42,576.6,214.98,361.62
TRX-13110,2026-03-13,Europe,Laptop,9,1187.09,10683.84,7128.98,3554.86
TRX-13111,2026-11-07,Europe,Smartphone,11,788.98,8678.82,5245.53,3433.29
TRX-13112,2026-04-10,,Smartphone,14,785.49,10996.84,7188.13,3808.71
TRX-13113,2025-10-13,North America,Laptop,10,1247.37,12473.7,8269.68,4204.02
TRX-13114,2025-09-22,North America,Smartphone,11,799.74,8797.12,5334.58,3462.54
TRX-13115,2025-11-16,Europe,Monitor,8,303.0,2424.0,1552.23,871.77
TRX-13116,2026-11-04,Europe,Smartphone,5,774.47,3872.33,2385.51,1486.82
TRX-13117,2026-01-11,Europe,Accessories,10,50.2,502.05,209.41,292.64
TRX-13118,2025-03-30,Latin America,Monitor,6,293.24,1759.44,1236.86,522.57
TRX-13119,2026-10-16,Latin America,Tablet,12,409.23,4910.71,2958.21,1952.49
TRX-13120,2025-07-22,Asia Pacific,Smartphone,10,826.6,8266.02,4990.95,3275.07
TRX-13121,2025-11-30,Europe,Smartphone,11,817.18,8989.03,5385.58,3603.45
TRX-13122,2025-08-10,Asia Pacific,Accessories,10,51.15,511.51,201.94,309.57
TRX-13123,2025-02-10,Asia Pacific,Accessories,8,50.06,400.5,163.48,237.02
TRX-13124,2026-12-09,Asia Pacific,Laptop,6,1225.45,7352.73,4774.74,2577.99
TRX-13125,2025-03-09,North America,Laptop,10,1190.72,11907.22,8298.88,3608.35
TRX-13126,2026-05-29,Asia Pacific,Laptop,14,1218.18,17054.5,11219.07,5835.43
TRX-13127,2026-09-29,Europe,Accessories,4,48.8,195.18,77.15,118.03
TRX-13128,2026-09-14,Latin America,Laptop,3,1148.37,3445.11,2429.35,1015.76
TRX-13129,2026-08-21,Europe,Laptop,7,1189.62,8327.32,5578.85,2748.47
TRX-13130,2026-09-24,Latin America,Tablet,13,398.47,5180.12,3391.59,1788.53
TRX-13131,2025-05-07,North America,Laptop,2,1170.77,2341.54,1582.7,758.83
TRX-13132,2025-09-12,North America,Smartphone,7,818.22,5727.52,3466.0,2261.51
TRX-13133,2026-11-26,Europe,Accessories,1,47.87,47.87,20.3,27.57
TRX-13134,2025-01-16,North America,Monitor,13,291.68,3791.87,2607.02,1184.86
TRX-13135,2026-04-22,Latin America,Tablet,10,409.94,4099.43,2468.61,1630.81
TRX-13136,2025-03-03,North America,Accessories,5,49.69,248.43,104.9,143.53
TRX-13137,2026-03-08,Asia Pacific,Accessories,9,51.03,459.24,176.44,282.8
TRX-13138,2026-11-01,Asia Pacific,Smartphone,13,805.4,10470.19,6355.39,4114.79
TRX-13139,2025-09-25,North America,Laptop,13,1254.09,16303.11,10779.0,5524.11
TRX-13140,2025-02-04,Europe,Smartphone,1,807.82,807.82,475.17,332.66
TRX-13141,2026-07-30,Asia Pacific,Laptop,8,1141.78,9134.27,6208.8,2925.47
TRX-13142,2026-05-09,Latin America,Laptop,9,1182.35,10641.11,7265.12,3375.99
TRX-13143,2026-07-16,Europe,Accessories,9,48.22,433.94,173.92,260.01
TRX-13144,2026-04-14,North America,Laptop,8,1250.96,10007.65,6710.91,3296.73
TRX-13145,2026-10-23,Europe,Tablet,4,384.16,1536.64,996.42,540.22
TRX-13146,2025-11-21,Europe,Tablet,14,395.51,5537.12,3534.08,2003.04
TRX-13147,2025-10-31,Europe,Tablet,14,389.04,5446.62,3381.13,2065.48
TRX-13148,2025-10-03,Europe,Accessories,7,51.73,362.14,137.05,225.08
TRX-13149,2026-11-15,North America,Smartphone,1,784.69,784.69,505.73,278.95
TRX-13150,2025-07-20,North America,Monitor,7,314.76,2203.3,1406.94,796.36
TRX-13151,2026-03-21,Asia Pacific,Laptop,6,1144.63,6867.8,4936.49,1931.31
TRX-13152,2025-11-20,Asia Pacific,Monitor,5,288.85,1444.24,976.92,467.32
TRX-13153,2025-02-04,Latin America,Smartphone,1,777.97,777.97,507.68,270.29
TRX-13154,2026-04-27,Latin America,Smartphone,8,824.89,6599.11,3916.39,2682.72
TRX-13155,2026-12-29,Asia Pacific,Accessories,10,51.89,518.93,201.74,317.19
TRX-13156,2026-04-25,Asia Pacific,Tablet,1,382.86,382.86,252.63,130.23
TRX-13157,2025-03-06,Europe,Tablet,1,381.3,381.3,240.55,140.75
TRX-13158,2025-01-08,Asia Pacific,Smartphone,14,819.56,11473.9,7034.04,4439.86
TRX-13159,2025-10-28,Latin America,Accessories,3,48.17,144.5,57.07,87.43
TRX-13160,2025-12-09,Asia Pacific,Accessories,13,48.16,626.14,260.03,366.11
TRX-13161,2026-03-07,Europe,Laptop,8,1142.68,9141.47,6526.41,2615.06
TRX-13162,2026-02-28,Latin America,Tablet,8,381.99,3055.94,1914.57,1141.37
TRX-13163,2025-11-28,North America,Smartphone,14,781.09,10935.32,7307.1,3628.22
TRX-13164,2026-03-14,Asia Pacific,Monitor,7,286.95,2008.65,1394.23,614.43
TRX-13165,2026-08-11,North America,Tablet,5,394.76,1973.78,1304.8,668.97
TRX-13166,2025-06-23,Latin America,Laptop,8,1239.93,9919.46,6148.73,3770.73
TRX-13167,2026-07-13,Asia Pacific,Accessories,2,49.13,98.26,41.8,56.46
TRX-13168,2026-06-11,North America,Smartphone,8,818.23,6545.81,3843.68,2702.14
TRX-13169,2026-10-21,Asia Pacific,Tablet,12,383.76,4605.08,2988.45,1616.63
TRX-13170,2025-01-26,North America,Monitor,11,304.78,3352.59,2296.36,1056.24
TRX-13171,2026-08-28,North America,Laptop,2,1178.01,2356.02,1557.23,798.79
TRX-13172,2026-02-10,Latin America,Laptop,10,1229.97,12299.7,7627.83,4671.88
TRX-13173,2025-08-20,Asia Pacific,Tablet,5,385.45,1927.25,1286.64,640.61
TRX-13174,2026-06-17,North America,Monitor,11,311.94,3431.3,2221.09,1210.21
TRX-13175,2026-07-04,Asia Pacific,Laptop,13,1169.11,15198.42,10414.48,4783.94
TRX-13176,2026-05-20,Asia Pacific,Smartphone,4,788.25,3153.0,1906.87,1246.14
TRX-13177,2026-10-31,Europe,Laptop,13,1254.02,16302.28,10559.36,5742.92
TRX-13178,2025-06-28,Latin America,Monitor,1,302.35,302.35,193.43,108.92
TRX-13179,2025-05-12,Asia Pacific,Accessories,5,49.33,246.64,104.31,142.33
TRX-13180,2026-03-31,Asia Pacific,Accessories,7,52.25,365.74,142.6,223.14
TRX-13181,2025-12-14,Asia Pacific,Tablet,1,393.16,393.16,255.18,137.99
TRX-13182,2026-06-24,Latin America,Monitor,2,287.85,575.69,389.3,186.39
TRX-13183,2026-02-10,Latin America,Laptop,12,1259.62,15115.46,9965.52,5149.94
TRX-13184,2025-03-17,Asia Pacific,Laptop,14,1172.14,16409.98,11242.26,5167.72
TRX-13185,2026-08-02,Latin America,Accessories,9,51.76,465.81,186.43,279.38
TRX-13186,2026-05-07,Europe,Accessories,12,48.33,579.93,234.5,345.43
TRX-13187,2025-07-13,Latin America,Smartphone,5,818.51,4092.54,2563.87,1528.68
TRX-13188,2025-06-11,Europe,Accessories,14,50.12,701.71,282.09,419.62
TRX-13189,2025-12-13,Europe,Smartphone,13,838.47,10900.14,6206.47,4693.67
TRX-13190,2025-12-27,Europe,Laptop,7,1206.34,8444.38,5546.99,2897.39
TRX-13191,2026-08-07,North America,Smartphone,2,762.0,1524.0,968.39,555.61
TRX-13192,2025-03-28,Latin America,Smartphone,7,808.31,5658.17,3450.71,2207.46
TRX-13193,2025-09-19,Asia Pacific,Tablet,7,385.81,2700.69,1729.59,971.1
TRX-13194,2025-08-02,Europe,Accessories,7,51.49,360.45,139.65,220.8
TRX-13195,2026-10-27,Asia Pacific,Smartphone,5,828.53,4142.63,2525.07,1617.55
TRX-13196,2026-12-23,Europe,Laptop,9,1197.85,10780.66,7251.1,3529.56
TRX-13197,2026-07-27,Asia Pacific,Monitor,2,308.5,616.99,381.56,235.43
TRX-13198,2025-09-19,North America,Smartphone,4,771.61,3086.44,2050.14,1036.3
TRX-13199,2026-12-31,Europe,Accessories,2,49.96,99.92,41.8,58.12
TRX-13200,2025-10-10,North America,Tablet,8,395.76,3166.06,1969.74,1196.33
TRX-13201,2026-10-10,North America,Laptop,12,1213.36,14560.3,9292.56,5267.74
TRX-13202,2026-04-12,Latin America,Tablet,11,381.78,4199.57,2761.0,1438.57
TRX-13203,2026-01-15,Asia Pacific,Monitor,1,307.56,307.56,204.1,103.47
TRX-13204,2025-12-28,Europe,Smartphone,9,766.33,6896.97,4580.51,2316.47
TRX-13205,2026-03-25,North America,Smartphone,12,812.52,9750.21,6067.27,3682.95
TRX-13206,2026-03-17,Asia Pacific,Accessories,13,47.59,618.7,250.8,367.9
TRX-13207,2025-04-03,Latin America,Smartphone,14,826.55,11571.71,7235.78,4335.94
TRX-13208,2026-09-13,Asia Pacific,Laptop,5,1160.96,5804.82,3970.25,1834.57
TRX-13209,2026-02-28,Asia Pacific,Monitor,11,300.46,3305.11,2138.72,1166.39
TRX-13210,2025-05-22,Latin America,Tablet,12,390.46,4685.52,2875.88,1809.64
TRX-13211,2025-10-18,Latin America,Monitor,3,306.68,920.04,595.0,325.04
TRX-13212,2026-03-08,Latin America,Smartphone,12,785.71,9428.5,6070.78,3357.71
TRX-13213,2026-11-20,North America,Tablet,11,408.98,4498.83,2795.48,1703.35
TRX-13214,2026-10-15,Asia Pacific,Accessories,4,48.92,195.7,83.7,112.0
TRX-13215,2026-12-02,Latin America,Monitor,1,307.57,307.57,193.06,114.51
TRX-13216,2025-02-18,Asia Pacific,Tablet,3,381.22,1143.67,786.43,357.24
TRX-13217,2025-10-29,Asia Pacific,Tablet,11,391.33,4304.66,2792.54,1512.12
TRX-13218,2025-07-09,North America,Tablet,8,399.95,3199.56,,1208.72
TRX-13219,2025-05-16,Asia Pacific,Laptop,12,1145.41,13744.89,9972.67,3772.22
TRX-13220,2026-07-09,North America,Monitor,2,290.58,581.16,407.78,173.38
TRX-13221,2026-02-08,Latin America,Tablet,2,417.38,834.76,492.44,342.33
TRX-13222,2026-08-25,Latin America,Monitor,9,314.31,2828.75,1869.14,959.61
TRX-13223,2025-12-07,Asia Pacific,Tablet,5,409.59,2047.95,1270.83,777.12
TRX-13224,2026-12-05,North America,Accessories,5,48.76,243.81,101.99,141.82
TRX-13225,2025-11-14,North America,Accessories,1,48.8,48.8,20.79,28.01
TRX-13226,2026-09-10,Europe,Accessories,13,50.73,659.48,258.66,400.82
TRX-13227,2025-12-29,Europe,Smartphone,6,769.41,4616.45,3047.07,1569.38
TRX-13228,2026-01-17,Latin America,Tablet,8,417.93,3343.46,2048.94,1294.52
TRX-13229,2025-08-21,Latin America,Smartphone,6,777.99,4667.91,2986.18,1681.73
TRX-13230,2025-12-10,Europe,Monitor,14,314.99,4409.85,2683.37,1726.48
TRX-13231,2026-07-03,North America,Smartphone,7,799.66,5597.61,3595.0,2002.61
TRX-13232,2026-07-07,Asia Pacific,Monitor,14,308.14,4314.0,2673.39,1640.61
TRX-13233,2026-06-13,Asia Pacific,Monitor,4,285.07,1140.26,817.43,322.83
TRX-13234,2026-07-25,North America,Monitor,2,311.66,623.32,416.44,206.89
TRX-13235,2025-07-02,Latin America,Smartphone,1,781.6,781.6,492.35,289.25
TRX-13236,2025-02-10,Asia Pacific,Tablet,12,406.72,4880.61,2880.62,1999.99
TRX-13237,2026-07-05,North America,Smartphone,6,824.51,4947.05,2919.86,2027.19
TRX-13238,2026-02-01,Asia Pacific,Tablet,9,386.57,3479.09,2264.01,1215.08
TRX-13239,2026-12-05,North America,Tablet,10,397.7,3977.0,2610.66,1366.34
TRX-13240,2026-05-09,Europe,Monitor,5,299.82,1499.08,1001.23,497.85
TRX-13241,2026-10-21,Europe,Smartphone,12,784.97,9419.63,5767.64,3651.99
TRX-13242,2025-11-29,Asia Pacific,Tablet,2,399.27,798.54,506.39,292.15
TRX-13243,2025-05-07,Asia Pacific,Accessories,1,49.09,49.09,20.47,28.62
TRX-13244,2026-07-12,Asia Pacific,Tablet,3,394.43,1183.29,742.0,441.29
TRX-13245,2026-07-11,Asia Pacific,Accessories,4,50.85,203.39,81.77,121.61
TRX-13246,2025-01-01,Europe,Smartphone,7,810.61,5674.25,3438.69,2235.56
TRX-13247,2025-06-17,Europe,Smartphone,9,778.58,7007.23,4630.09,2377.14
TRX-13248,2026-09-12,North America,Smartphone,8,831.8,6654.39,3936.43,2717.96
TRX-13249,2025-01-19,Asia Pacific,Tablet,9,414.51,3730.6,2195.12,1535.48
TRX-13250,2025-11-28,Europe,Laptop,7,1201.09,8407.63,5812.34,2595.29
TRX-13251,2026-08-07,Latin America,Tablet,10,397.33,3973.3,2512.12,1461.18
TRX-13252,2026-04-01,North America,Tablet,8,395.07,3160.59,1957.03,1203.56
TRX-13253,2025-04-19,North America,Monitor,8,306.22,2449.74,1669.61,780.13
TRX-13254,2025-09-25,North America,Monitor,1,305.15,305.15,203.82,101.33
TRX-13255,2026-03-21,Latin America,Tablet,12,387.85,4654.17,2916.21,1737.96
TRX-13256,2025-08-28,Latin America,Accessories,14,50.86,712.0,283.21,428.79
TRX-13257,2025-10-28,Latin America,Monitor,12,292.57,3510.88,2488.89,1021.99
TRX-13258,2026-08-25,Europe,Tablet,9,380.74,3426.68,2294.13,1132.55
TRX-13259,2025-04-13,Latin America,Laptop,2,1223.91,2447.81,1559.16,888.65
TRX-13260,2025-09-07,North America,Accessories,12,50.72,608.69,243.57,365.12
TRX-13261,2026-03-29,Asia Pacific,Smartphone,11,792.86,8721.51,5565.54,3155.97
TRX-13262,2026-06-04,North America,Tablet,14,401.03,5614.38,3612.3,2002.09
TRX-13263,2025-06-02,North America,Tablet,7,417.89,2925.21,1693.67,1231.53
TRX-13264,2025-06-23,Europe,Accessories,13,50.48,656.19,265.19,391.0
TRX-13265,2025-12-09,North America,Monitor,10,304.74,3047.37,1905.47,1141.89
TRX-13266,2026-11-01,Europe,Monitor,10,286.92,2869.17,2039.24,829.94
TRX-13267,2026-03-07,Europe,Monitor,13,289.98,3769.74,2719.71,1050.02
TRX-13268,2026-12-28,Asia Pacific,Smartphone,5,784.08,3920.38,2418.6,1501.78
TRX-13269,2026-11-20,North America,Accessories,4,50.2,200.79,78.49,122.3
TRX-13270,2026-11-18,Asia Pacific,Accessories,1,51.38,51.38,20.17,31.22
TRX-13271,2026-10-20,Asia Pacific,Monitor,1,294.64,294.64,204.65,89.99
TRX-13272,2025-11-20,North America,Monitor,3,295.69,887.07,590.66,296.41
TRX-13273,2026-11-04,North America,Laptop,14,1170.74,16390.33,11383.97,5006.36
TRX-13274,2026-10-01,Latin America,Laptop,1,1170.55,1170.55,831.94,338.61
TRX-13275,2026-02-24,Latin America,Tablet,8,417.95,3343.64,2045.31,1298.32
TRX-13276,2026-08-17,Europe,Tablet,3,405.42,1216.25,765.83,450.43
TRX-13277,2026-04-30,North America,Accessories,11,48.28,531.07,217.4,313.67
TRX-13278,2026-10-21,Europe,Accessories,10,51.11,511.11,208.23,302.88
TRX-13279,2026-02-16,Asia Pacific,Smartphone,2,817.76,1635.52,977.73,657.79
TRX-13280,2025-03-25,Asia Pacific,Smartphone,6,813.32,4879.91,2911.58,1968.32
TRX-13281,2025-04-23,Latin America,Laptop,4,1156.17,4624.67,3156.55,1468.11
TRX-13282,2025-11-28,Europe,Tablet,13,396.32,5152.16,3298.8,1853.35
TRX-13283,2026-01-13,North America,Laptop,13,1152.81,14986.54,10776.15,4210.39
TRX-13284,2026-10-17,North America,Laptop,14,1237.99,17331.92,10787.93,6543.99
TRX-13285,2025-02-10,Latin America,Tablet,11,406.21,4468.28,2836.3,1631.98
TRX-13286,2025-04-15,Latin America,Smartphone,14,800.58,11208.07,7218.98,3989.09
TRX-13287,2025-07-21,Europe,Tablet,13,393.72,5118.37,3278.25,1840.12
TRX-13288,2026-03-26,Latin America,Monitor,11,290.53,3195.8,2257.34,938.46
TRX-13289,2025-09-23,Latin America,Monitor,13,288.19,3746.51,2517.29,1229.23
TRX-13290,2025-07-29,Latin America,Monitor,4,314.08,1256.31,773.57,482.74
TRX-13291,2026-07-17,Asia Pacific,Accessories,2,48.5,97.0,41.45,55.55
TRX-13292,2025-04-28,Europe,Smartphone,2,764.79,1529.58,999.81,529.77
TRX-13293,2026-12-14,North America,Smartphone,11,836.93,9206.27,5360.27,3846.0
TRX-13294,2026-01-12,North America,Accessories,6,50.24,301.47,122.26,179.2
TRX-13295,2026-07-05,Europe,Laptop,5,1235.6,6177.99,4156.75,2021.24
TRX-13296,2026-06-24,Latin America,Monitor,9,286.31,2576.82,1823.82,753.0
TRX-13297,2025-03-25,Latin America,Monitor,4,302.01,1208.03,787.79,420.25
TRX-13298,2026-03-30,North America,Laptop,5,1187.79,5938.93,3993.3,1945.63
TRX-13299,2026-10-29,Asia Pacific,Tablet,1,410.88,410.88,256.31,154.57
TRX-13300,2026-09-21,Europe,Tablet,12,381.54,4578.44,2870.25,1708.19
TRX-13301,2026-05-29,Latin America,Smartphone,12,792.14,9505.62,5830.3,3675.32
TRX-13302,2026-08-28,Asia Pacific,Accessories,2,51.5,102.99,39.85,63.14
TRX-13303,2026-11-09,Asia Pacific,Smartphone,3,801.82,2405.45,1515.64,889.81
TRX-13304,2026-01-22,Latin America,Tablet,5,402.0,2010.01,1229.9,780.11
TRX-13305,2025-12-16,Europe,Laptop,12,1151.66,13819.92,9406.46,4413.46
TRX-13306,2025-10-23,Europe,Smartphone,5,770.59,3852.93,2385.35,1467.59
TRX-13307,2025-09-15,North America,Monitor,4,305.31,1221.24,762.61,458.63
TRX-13308,2025-03-22,North America,Monitor,14,305.25,4273.52,2738.03,1535.49
TRX-13309,2025-09-25,Europe,Laptop,10,1257.49,12574.92,8024.4,4550.52
TRX-13310,2026-02-23,Latin America,Tablet,3,408.48,1225.43,754.23,471.21
TRX-13311,2025-08-23,Europe,Monitor,9,299.8,2698.18,1798.92,899.25
TRX-13312,2025-11-07,North America,Monitor,1,310.72,310.72,198.2,112.52
TRX-13313,2025-12-23,North America,Accessories,6,48.02,288.13,117.03,171.11
TRX-13314,2025-08-01,North America,Smartphone,7,795.94,5571.61,3465.24,2106.36
TRX-13315,2026-07-28,Europe,Tablet,10,391.48,3914.84,2409.69,1505.15
TRX-13316,2025-02-18,Europe,Smartphone,4,768.37,3073.48,1923.05,1150.43
TRX-13317,2025-05-07,Latin America,Tablet,10,410.54,4105.4,2449.99,1655.42
TRX-13318,2025-08-11,North America,Monitor,3,300.32,900.97,629.72,271.25
TRX-13319,2025-10-06,Asia Pacific,Accessories,8,50.28,402.27,157.22,245.05
TRX-13320,2026-02-12,Asia Pacific,Smartphone,9,792.9,7136.1,4696.41,2439.7
TRX-13321,2026-05-20,Latin America,Monitor,13,298.81,3884.53,2571.99,1312.54
TRX-13322,2025-10-21,Latin America,Tablet,1,384.64,384.64,248.48,136.17
TRX-13323,2025-10-04,North America,Smartphone,11,813.83,8952.17,5663.38,3288.78
TRX-13324,2026-03-14,Europe,Smartphone,12,794.6,9535.15,5756.18,3778.97
TRX-13325,2025-04-17,Europe,Monitor,10,309.5,3095.03,1936.46,1158.57
TRX-13326,2026-10-20,Asia Pacific,Smartphone,9,775.7,6981.33,4713.23,2268.1
TRX-13327,2026-02-24,North America,Accessories,7,48.53,339.68,140.08,199.59
TRX-13328,2026-09-03,Asia Pacific,Accessories,1,50.73,50.73,19.09,31.64
TRX-13329,2026-03-05,Asia Pacific,Monitor,7,310.38,2172.66,1336.63,836.03
TRX-13330,2026-01-10,North America,Tablet,5,398.89,1994.44,1300.91,693.53
TRX-13331,2025-03-14,Latin America,Monitor,10,306.81,3068.09,2074.67,993.41
TRX-13332,2026-09-26,Asia Pacific,Accessories,13,52.5,682.46,258.92,423.54
TRX-13333,2025-01-30,Latin America,Laptop,13,1258.83,16364.81,10049.75,6315.06
TRX-13334,2025-07-07,Europe,Laptop,7,1229.32,8605.24,5784.96,2820.28
TRX-13335,2025-12-30,Asia Pacific,Smartphone,12,819.17,9830.0,5894.76,3935.24
TRX-13336,2026-03-27,North America,Smartphone,9,779.81,7018.29,4463.58,2554.71
TRX-13337,2025-07-14,Latin America,Laptop,8,1240.02,9920.2,6516.78,3403.41
TRX-13338,2025-06-05,Europe,Accessories,6,49.53,297.15,118.24,178.91
TRX-13339,2025-06-21,Europe,Smartphone,2,836.96,1673.92,1012.87,661.05
TRX-13340,2025-02-10,Asia Pacific,Monitor,8,287.44,2299.54,1661.65,637.9
TRX-13341,2025-03-04,Europe,Monitor,12,298.08,3576.9,2471.37,1105.53
TRX-13342,2025-01-23,North America,Accessories,14,50.28,703.91,276.69,427.22
TRX-13343,2025-12-26,Asia Pacific,Smartphone,4,792.41,3169.65,1957.59,1212.06
TRX-13344,2025-03-16,Europe,Monitor,8,291.32,2330.54,1565.68,764.86
TRX-13345,2026-07-14,North America,Smartphone,7,807.44,5652.07,3447.01,2205.07
TRX-13346,2026-11-03,Latin America,Smartphone,4,820.47,3281.89,1998.7,1283.19
TRX-13347,2025-04-28,Latin America,Monitor,8,304.35,2434.76,1586.66,848.11
TRX-13348,2026-09-04,Asia Pacific,Laptop,11,1168.13,12849.47,8477.04,4372.43
TRX-13349,2026-01-15,North America,Monitor,11,306.95,3376.43,2125.96,1250.47
TRX-13350,2026-11-10,Europe,Accessories,12,48.78,585.41,236.23,349.18
TRX-13351,2025-10-17,Asia Pacific,Tablet,11,387.01,4257.09,2767.07,1490.02
TRX-13352,2026-03-16,Asia Pacific,Monitor,2,305.72,611.44,403.71,207.73
TRX-13353,2026-10-30,Europe,Smartphone,9,827.42,7446.81,4493.79,2953.01
TRX-13354,2025-01-07,North America,Smartphone,6,798.52,4791.14,3071.63,1719.51
TRX-13355,2025-07-15,Europe,Monitor,7,300.94,2106.59,1433.21,673.38
TRX-13356,2026-02-25,Latin America,Tablet,10,392.11,3921.1,2481.91,1439.19
TRX-13357,2026-07-22,Asia Pacific,Monitor,1,299.84,299.84,192.49,107.35
TRX-13358,2025-07-12,Latin America,Tablet,3,385.28,1155.84,752.26,403.57
TRX-13359,2026-07-13,Asia Pacific,Tablet,14,418.23,5855.27,3458.51,2396.75
TRX-13360,2025-05-28,Europe,Accessories,10,51.5,515.02,192.76,322.26
TRX-13361,2026-10-31,North America,Smartphone,5,813.44,4067.19,2620.45,1446.73
TRX-13362,2025-07-21,Europe,Smartphone,12,803.06,9636.67,5921.85,3714.81
TRX-13363,2026-03-20,Latin America,Tablet,7,411.69,2881.81,1772.01,1109.79
TRX-13364,2026-02-23,North America,Smartphone,1,799.58,799.58,499.51,300.07
TRX-13365,2026-03-03,North America,Laptop,9,1176.0,10583.97,6942.84,3641.14
TRX-13366,2026-04-24,Asia Pacific,Tablet,5,386.41,1932.07,1194.44,737.63
TRX-13367,2026-04-20,North America,Smartphone,13,811.81,10553.49,6581.75,3971.74
TRX-13368,2025-05-06,Asia Pacific,Laptop,12,1251.53,15018.37,9357.14,5661.23
TRX-13369,2026-01-30,North America,Accessories,3,48.27,144.8,58.46,86.34
TRX-13370,2026-07-30,North America,Smartphone,7,774.4,5420.81,3659.94,1760.87
TRX-13371,2025-11-21,Asia Pacific,Laptop,10,1192.03,11920.33,7969.42,3950.91
TRX-13372,2026-01-27,North America,Monitor,8,309.21,2473.66,1524.71,948.95
TRX-13373,2026-11-19,Europe,Monitor,10,293.82,2938.18,1967.97,970.21
TRX-13374,2026-09-20,North America,Laptop,10,1170.47,11704.7,8067.59,3637.1
TRX-13375,2026-03-16,Latin America,Tablet,3,404.8,1214.4,737.14,477.25
TRX-13376,2025-07-23,Asia Pacific,Tablet,7,401.42,2809.97,1667.2,1142.77
TRX-13377,2026-05-01,Asia Pacific,Smartphone,7,764.82,5353.72,3480.51,1873.21
TRX-13378,2025-01-31,,Monitor,4,287.44,1149.78,768.47,381.31
TRX-13379,2026-01-23,Latin America,Tablet,10,405.72,4057.21,2529.79,1527.42
TRX-13380,2026-09-17,North America,Tablet,9,398.6,3587.44,2276.91,1310.54
TRX-13381,2026-03-10,Europe,Monitor,1,314.13,314.13,190.76,123.37
TRX-13382,2026-01-11,North America,Accessories,1,50.89,50.89,19.58,31.31
TRX-13383,2025-12-10,Europe,Tablet,5,380.4,1902.01,1239.21,662.8
TRX-13384,2026-03-19,Asia Pacific,Laptop,13,1197.72,15570.39,10452.27,5118.11
TRX-13385,2026-08-02,Latin America,Smartphone,3,793.16,2379.47,1469.41,910.06
TRX-13386,2025-03-16,Asia Pacific,Tablet,10,384.27,3842.69,2446.94,1395.75
TRX-13387,2026-07-11,Europe,Tablet,13,416.93,5420.07,3406.98,2013.09
TRX-13388,2026-10-28,North America,Accessories,9,51.53,463.73,171.75,291.97
TRX-13389,2025-06-04,Latin America,Laptop,5,1167.61,5838.05,4195.62,1642.43
TRX-13390,2026-03-06,North America,Smartphone,7,780.48,5463.35,3341.71,2121.64
TRX-13391,2025-12-29,Asia Pacific,Tablet,1,381.28,381.28,244.71,136.57
TRX-13392,2026-03-24,North America,Smartphone,2,783.74,1567.47,999.37,568.11
TRX-13393,2025-08-22,Europe,Monitor,11,302.54,3327.93,2121.53,1206.4
TRX-13394,2026-07-17,Latin America,Tablet,12,396.83,4762.0,2890.45,1871.55
TRX-13395,2025-09-19,Latin America,Tablet,4,418.77,1675.08,975.63,699.45
TRX-13396,2025-05-05,Latin America,Monitor,9,286.68,2580.14,1885.23,694.91
TRX-13397,2025-09-02,Europe,Accessories,5,50.46,252.29,98.8,153.48
TRX-13398,2026-06-26,North America,Tablet,5,414.33,2071.66,1258.25,813.41
TRX-13399,2026-04-30,Latin America,Smartphone,9,798.46,7186.13,4591.93,2594.2
TRX-13400,2025-05-02,Asia Pacific,Laptop,8,1140.36,9122.84,6555.02,2567.82
TRX-13401,2025-05-05,Asia Pacific,Smartphone,2,779.42,1558.85,1018.8,540.04
TRX-13402,2026-07-03,Asia Pacific,Accessories,7,49.12,343.83,137.72,206.11
TRX-13403,2025-06-19,Asia Pacific,Laptop,1,1255.92,1255.92,768.94,486.98
TRX-13404,2025-05-04,Asia Pacific,Smartphone,10,832.94,8329.42,4890.86,3438.56
TRX-13405,2025-02-04,Europe,Smartphone,11,835.93,9195.27,5340.66,3854.61
TRX-13406,2025-03-28,North America,Monitor,11,309.77,3407.5,2119.98,1287.52
TRX-13407,2026-10-08,Europe,Accessories,9,49.26,443.32,171.44,271.88
TRX-13408,2026-12-09,Asia Pacific,Monitor,3,312.18,936.53,626.14,310.39
TRX-13409,2025-07-20,Asia Pacific,Laptop,13,1257.8,16351.43,10837.88,5513.55
TRX-13410,2026-01-04,Latin America,Monitor,2,295.5,591.0,382.02,208.99
TRX-13411,2025-03-18,Latin America,Accessories,4,48.8,195.21,77.38,117.83
TRX-13412,2025-02-28,North America,Tablet,4,401.88,1607.51,963.95,643.56
TRX-13413,2026-03-07,North America,Tablet,3,387.49,1162.46,733.59,428.87
TRX-13414,2026-09-30,North America,Laptop,2,1143.91,2287.83,1552.65,735.18
TRX-13415,2026-05-15,Europe,Tablet,5,417.83,2089.17,1305.73,783.43
TRX-13416,2025-04-19,Latin America,Monitor,4,312.77,1251.09,766.73,484.36
TRX-13417,2025-10-05,North America,Laptop,5,1159.52,5797.59,3884.67,1912.92
TRX-13418,2025-03-09,Latin America,Accessories,13,49.54,644.0,249.1,394.9
TRX-13419,2025-03-10,Latin America,Laptop,12,1239.72,14876.69,10061.17,4815.52
TRX-13420,2025-06-14,Latin America,Laptop,12,1219.32,14631.84,10001.68,4630.16
TRX-13421,2026-05-04,Latin America,Smartphone,8,791.58,6332.66,4086.65,2246.01
TRX-13422,2025-11-01,Latin America,Smartphone,11,819.53,9014.87,5459.29,3555.59
TRX-13423,2026-11-05,Latin America,Laptop,2,1247.65,2495.29,1550.43,944.86
TRX-13424,2025-12-31,Europe,Tablet,9,417.05,3753.42,2187.34,1566.08
TRX-13425,2026-01-14,Asia Pacific,Smartphone,10,790.31,7903.08,4971.52,2931.56
TRX-13426,2025-12-09,Latin America,Accessories,1,48.37,48.37,20.54,27.83
TRX-13427,2026-07-08,Europe,Monitor,8,312.39,2499.08,1562.36,936.72
TRX-13428,2025-12-20,North America,Smartphone,12,767.4,9208.85,5886.48,3322.38
TRX-13429,2026-02-20,Europe,Laptop,5,1226.6,6133.01,4039.98,2093.04
TRX-13430,2025-04-19,Europe,Tablet,2,385.62,771.24,486.89,284.35
TRX-13431,2026-07-17,Europe,Monitor,8,296.68,2373.45,1613.47,759.98
TRX-13432,2026-05-12,Latin America,Smartphone,5,792.92,3964.62,2471.78,1492.84
TRX-13433,2025-12-07,North America,Tablet,10,386.35,3863.5,2383.59,1479.91
TRX-13434,2026-01-18,Europe,Tablet,14,416.91,5836.7,3465.95,2370.76
TRX-13435,2026-06-17,North America,Tablet,10,380.11,3801.07,2604.88,1196.19
TRX-13436,2025-10-27,Europe,Laptop,13,1247.26,16214.34,10184.84,6029.5
TRX-13437,2025-05-19,Latin America,Accessories,14,51.92,726.87,275.04,451.83
TRX-13438,2025-12-25,Europe,Tablet,3,392.68,1178.04,717.45,460.59
TRX-13439,2026-05-14,Europe,Monitor,7,306.13,2142.9,1416.11,726.79
TRX-13440,2026-01-20,North America,Smartphone,4,780.22,3120.9,2069.85,1051.05
TRX-13441,2026-08-27,North America,Monitor,11,307.76,3385.4,2167.64,1217.75
TRX-13442,2025-10-07,North America,Laptop,11,1207.33,13280.68,8571.42,4709.26
TRX-13443,2026-09-29,Asia Pacific,Laptop,10,1176.03,11760.27,8365.29,3394.98
TRX-13444,2026-04-28,North America,Monitor,12,297.01,3564.08,2458.82,1105.27
TRX-13445,2025-04-21,Europe,Accessories,6,50.95,305.7,120.81,184.89
TRX-13446,2025-05-19,Asia Pacific,Laptop,10,1248.73,12487.32,7844.42,4642.89
TRX-13447,2026-03-11,North America,Laptop,8,1155.69,9245.5,6221.31,3024.19
TRX-13448,2026-05-24,Latin America,Monitor,1,302.14,302.14,204.31,97.83
TRX-13449,2025-09-30,North America,Laptop,2,1170.45,2340.9,1603.49,737.41
TRX-13450,2025-04-09,Latin America,Accessories,14,51.51,721.1,280.58,440.52
TRX-13451,2025-04-14,Asia Pacific,Accessories,13,47.85,622.07,248.92,373.15
TRX-13452,2025-08-02,Latin America,Accessories,8,50.94,407.56,160.2,247.36
TRX-13453,2026-10-26,Asia Pacific,Smartphone,7,774.0,5417.97,3612.96,1805.01
TRX-13454,2025-06-14,Latin America,Accessories,10,50.48,504.82,208.94,295.88
TRX-13455,2026-06-04,North America,Accessories,9,51.68,465.11,172.92,292.19
TRX-13456,2025-10-11,Asia Pacific,Smartphone,2,820.41,1640.81,1013.12,627.7
TRX-13457,2026-06-01,Europe,Tablet,8,410.12,3280.94,2013.67,1267.27
TRX-13458,2026-10-19,Europe,Laptop,6,1202.14,7212.85,4987.35,2225.5
TRX-13459,2026-09-05,Europe,Accessories,1,51.95,51.95,20.5,31.45
TRX-13460,2025-06-13,North America,Laptop,4,1210.57,4842.29,3348.88,1493.41
TRX-13461,2026-10-21,Europe,Monitor,14,312.53,4375.36,2928.81,1446.55
TRX-13462,2025-03-05,Asia Pacific,Laptop,2,1205.58,2411.17,1556.11,855.06
TRX-13463,2025-04-01,Europe,Smartphone,7,800.48,5603.34,3578.87,2024.47
TRX-13464,2025-04-27,Asia Pacific,Laptop,9,1166.68,10500.14,7221.98,3278.16
TRX-13465,2025-09-24,Europe,Laptop,6,1205.37,7232.25,4663.01,2569.24
TRX-13466,2026-11-16,Latin America,Laptop,4,1156.87,4627.48,3102.36,1525.12
TRX-13467,2026-07-13,Asia Pacific,Tablet,5,414.79,2073.94,1197.64,876.3
TRX-13468,2025-05-20,Europe,Tablet,11,407.04,4477.39,2831.27,1646.12
TRX-13469,2025-09-03,Europe,Monitor,1,314.81,314.81,196.49,118.32
TRX-13470,2026-10-23,Europe,Smartphone,13,767.37,9975.78,6732.03,3243.75
TRX-13471,2026-01-30,Asia Pacific,Laptop,4,1168.88,4675.52,3234.66,1440.86
TRX-13472,2026-05-02,Asia Pacific,Laptop,13,1245.26,16188.37,10580.58,5607.79
TRX-13473,2026-04-21,Europe,Laptop,10,1187.43,11874.3,7833.34,4040.97
TRX-13474,2026-06-01,Latin America,Laptop,3,1195.96,3587.87,2389.75,1198.12
TRX-13475,2025-07-03,Asia Pacific,Tablet,9,414.43,3729.83,2230.27,1499.56
TRX-13476,2025-01-20,Asia Pacific,Monitor,6,300.65,1803.93,1168.28,635.65
TRX-13477,2026-07-12,Latin America,Accessories,4,48.47,193.87,82.66,111.21
TRX-13478,2026-06-08,North America,Smartphone,3,831.36,2494.09,1518.31,975.77
TRX-13479,2026-08-05,Latin America,Laptop,12,1143.73,13724.73,9155.93,4568.79
TRX-13480,2026-06-13,Europe,Monitor,13,311.86,4054.2,2683.18,1371.03
TRX-13481,2025-05-27,Asia Pacific,Accessories,4,47.75,191.01,76.85,114.16
TRX-13482,2026-10-28,Asia Pacific,Monitor,8,304.98,2439.8,1584.59,855.21
TRX-13483,2025-10-31,Asia Pacific,Tablet,12,382.87,4594.41,3021.38,1573.03
TRX-13484,2026-09-12,Asia Pacific,Accessories,5,51.03,255.16,95.08,160.08
TRX-13485,2026-08-05,North America,Monitor,13,286.02,3718.25,2639.76,1078.49
TRX-13486,2026-11-26,Asia Pacific,Tablet,11,413.7,4550.68,2793.92,1756.76
TRX-13487,2025-08-16,Asia Pacific,Monitor,1,298.98,298.98,203.05,95.93
TRX-13488,2025-04-12,North America,Monitor,5,287.8,1439.02,966.35,472.67
TRX-13489,2026-08-10,Europe,Accessories,8,51.03,408.27,156.09,252.18
TRX-13490,2026-02-21,Europe,Tablet,11,399.57,4395.29,2680.53,1714.76
TRX-13491,2025-08-04,North America,Laptop,12,1162.91,13954.97,10041.66,3913.3
TRX-13492,2026-02-11,Europe,Smartphone,4,761.25,3045.02,1913.51,1131.51
TRX-13493,2026-02-03,Europe,Accessories,14,49.59,694.26,278.01,416.25
TRX-13494,2026-12-16,Latin America,Tablet,2,383.43,766.85,518.56,248.29
TRX-13495,2026-12-05,Latin America,Monitor,13,287.83,3741.73,2670.06,1071.67
TRX-13496,2026-05-14,Latin America,Tablet,3,390.69,1172.08,774.18,397.9
TRX-13497,2026-04-10,North America,Smartphone,14,810.44,11346.11,7330.61,4015.51
TRX-13498,2026-11-22,Asia Pacific,Smartphone,11,802.39,8826.32,5437.99,3388.33
TRX-13499,2025-03-23,North America,Laptop,9,1148.28,10334.51,7062.95,3271.55
TRX-13500,2026-08-27,North America,Laptop,14,1256.21,17586.96,10674.34,6912.63
TRX-13501,2026-11-18,North America,Smartphone,7,830.97,5816.81,3377.51,2439.31
TRX-13502,2025-12-31,North America,Accessories,3,48.8,146.39,60.37,86.02
TRX-13503,2025-06-12,Latin America,Accessories,5,48.11,240.56,96.58,143.98
TRX-13504,2025-02-17,North America,Monitor,3,313.27,939.82,614.18,325.64
TRX-13505,2026-05-26,Latin America,Laptop,10,1195.34,11953.37,7629.79,4323.58
TRX-13506,2025-11-25,Asia Pacific,Monitor,4,294.34,1177.34,780.76,396.58
TRX-13507,2025-04-26,Europe,Laptop,12,1198.84,14386.12,9787.63,4598.48
TRX-13508,2025-12-03,Latin America,Smartphone,8,821.82,6574.56,3902.2,2672.36
TRX-13509,2025-05-27,North America,Accessories,14,48.34,676.79,286.41,390.38
TRX-13510,2026-07-29,Asia Pacific,Accessories,3,51.34,154.01,62.98,91.04
TRX-13511,2025-11-19,North America,Smartphone,3,819.96,2459.87,1544.56,915.3
TRX-13512,2026-03-19,Asia Pacific,Monitor,11,301.18,3312.98,2165.2,1147.78
TRX-13513,2025-01-13,Europe,Monitor,11,310.98,3420.73,2288.13,1132.6
TRX-13514,2026-05-09,Asia Pacific,Tablet,8,385.29,3082.29,1910.24,1172.05
TRX-13515,2026-12-02,Asia Pacific,Laptop,10,1211.46,12114.57,8180.01,3934.57
TRX-13516,2025-10-14,Europe,Monitor,13,298.48,3880.24,2476.06,1404.18
TRX-13517,2026-12-21,Europe,Smartphone,10,793.78,7937.83,4837.28,3100.56
TRX-13518,2025-04-24,Asia Pacific,Monitor,7,292.58,2048.04,1468.26,579.78
TRX-13519,2026-04-25,North America,Accessories,7,49.36,345.53,138.05,207.48
TRX-13520,2025-01-22,Latin America,Laptop,10,1152.98,11529.78,8256.4,3273.38
TRX-13521,2025-12-15,North America,Tablet,2,390.06,780.13,493.8,286.32
TRX-13522,2026-12-27,Latin America,Laptop,12,1172.64,14071.63,9926.43,4145.2
TRX-13523,2026-11-14,Europe,Accessories,7,51.1,357.72,146.52,211.21
TRX-13524,2026-07-20,North America,Accessories,10,47.74,477.43,198.71,278.72
TRX-13525,2025-11-16,Europe,Accessories,11,50.76,558.32,221.31,337.01
TRX-13526,2025-05-06,Asia Pacific,Accessories,10,48.61,486.07,202.57,283.5
TRX-13527,2025-10-04,Asia Pacific,Smartphone,3,766.55,2299.65,1565.23,734.42
TRX-13528,2025-07-23,North America,Tablet,14,392.03,5488.45,3414.86,2073.59
TRX-13529,2025-07-13,Europe,Accessories,7,48.62,340.36,141.56,198.8
TRX-13530,2026-11-12,North America,Accessories,13,50.26,653.38,255.44,397.94
TRX-13531,2026-10-26,North America,Monitor,4,295.72,1182.89,777.35,405.53
TRX-13532,2026-07-01,Latin America,Tablet,13,418.64,5442.32,3115.1,2327.22
TRX-13533,2026-11-27,Asia Pacific,Laptop,8,1255.63,10045.01,6477.25,3567.75
TRX-13534,2025-10-13,North America,Tablet,8,397.75,3181.99,2076.42,1105.57
TRX-13535,2025-02-26,Asia Pacific,Tablet,6,411.8,2470.82,1477.71,993.11
TRX-13536,2025-10-30,Latin America,Tablet,13,380.53,4946.9,3267.12,1679.78
TRX-13537,2025-06-12,Europe,Accessories,12,50.24,602.87,243.41,359.46
TRX-13538,2025-01-19,North America,Accessories,3,51.22,153.65,59.49,94.16
TRX-13539,2026-01-05,Asia Pacific,Smartphone,6,777.36,4664.13,3121.0,1543.13
TRX-13540,2025-09-21,North America,Laptop,6,1147.34,6884.04,4734.12,2149.92
TRX-13541,2025-04-23,Europe,Monitor,3,289.68,869.03,577.5,291.53
TRX-13542,2026-05-03,North America,Tablet,11,397.67,4374.41,2652.11,1722.31
TRX-13543,2025-11-23,North America,Laptop,4,1200.76,4803.06,3325.07,1477.98
TRX-13544,2026-06-26,Asia Pacific,Laptop,2,1185.71,2371.41,1678.08,693.33
TRX-13545,2026-10-09,Europe,Smartphone,1,795.2,795.2,489.45,305.75
TRX-13546,2026-08-02,Latin America,Monitor,2,299.11,598.21,385.74,212.47
TRX-13547,2025-03-06,Europe,Tablet,7,410.78,2875.44,1746.89,1128.56
TRX-13548,2025-10-19,Europe,Monitor,10,288.16,2881.57,2041.91,839.67
TRX-13549,2025-01-25,Latin America,Smartphone,5,821.52,4107.58,2528.1,1579.48
TRX-13550,2026-07-03,North America,Accessories,9,50.94,458.49,188.12,270.37
TRX-13551,2025-01-01,Asia Pacific,Laptop,3,1229.0,3687.0,2476.27,1210.73
TRX-13552,2026-07-03,North America,Tablet,2,409.38,818.76,518.45,300.31
TRX-13553,2025-05-21,North America,Accessories,4,49.85,199.41,80.33,119.08
TRX-13554,2026-10-10,Latin America,Smartphone,2,776.91,1553.82,982.73,571.1
TRX-13555,2025-07-07,Latin America,Monitor,11,301.1,3312.09,2244.38,1067.71
TRX-13556,2025-05-08,North America,Laptop,7,1254.96,8784.7,5565.87,3218.84
TRX-13557,2025-07-20,Europe,Tablet,10,403.54,4035.41,2446.94,1588.47
TRX-13558,2025-05-07,Asia Pacific,Accessories,6,47.56,285.33,115.83,169.5
TRX-13559,2025-09-14,Europe,Accessories,8,47.8,382.39,160.45,221.94
TRX-13560,2026-11-07,North America,Laptop,13,1259.14,16368.87,10498.02,5870.84
TRX-13561,2026-07-01,North America,Monitor,5,287.16,1435.79,1006.88,428.91
TRX-13562,2025-07-13,Asia Pacific,Smartphone,2,763.68,1527.37,961.65,565.71
TRX-13563,2026-12-04,Europe,Monitor,13,295.59,3842.68,2618.2,1224.48
TRX-13564,2025-04-14,North America,Monitor,4,314.08,1256.32,773.47,482.84
TRX-13565,2026-06-19,North America,Monitor,1,294.56,294.56,203.27,91.29
TRX-13566,2025-09-22,Latin America,Laptop,2,1189.19,2378.37,1588.7,789.67
TRX-13567,2026-01-19,Asia Pacific,Laptop,4,1216.09,4864.36,3311.61,1552.74
TRX-13568,2025-09-17,Latin America,Smartphone,6,761.93,4571.57,3083.48,1488.09
TRX-13569,2026-02-18,Latin America,Monitor,4,311.93,1247.73,817.95,429.78
TRX-13570,2025-12-24,Latin America,Laptop,4,1202.33,4809.33,3264.24,1545.1
TRX-13571,2025-03-16,North America,Smartphone,14,797.34,11162.83,7042.34,4120.49
TRX-13572,2025-12-21,Europe,Smartphone,11,828.86,9117.44,5258.61,3858.83
TRX-13573,2026-08-07,Latin America,Monitor,10,313.59,3135.92,2031.1,1104.83
TRX-13574,2025-07-07,Europe,Tablet,10,396.94,3969.37,2491.73,1477.64
TRX-13575,2026-11-16,North America,Monitor,2,290.17,580.35,398.78,181.56
TRX-13576,2025-10-17,Latin America,Tablet,9,412.63,3713.66,2222.78,1490.88
TRX-13577,2025-02-14,North America,Smartphone,12,792.26,9507.13,6257.44,3249.69
TRX-13578,2026-07-27,Latin America,Laptop,10,1252.27,12522.65,7799.56,4723.09
TRX-13579,2025-03-24,Latin America,Accessories,8,52.25,418.0,157.07,260.93
TRX-13580,2025-05-03,North America,Smartphone,8,769.19,6153.49,4185.22,1968.27
TRX-13581,2025-12-24,Asia Pacific,Laptop,5,1254.79,6273.93,4124.06,2149.87
TRX-13582,2026-06-12,Asia Pacific,Smartphone,3,789.46,2368.38,1427.11,941.27
TRX-13583,2025-03-07,Europe,Monitor,6,304.39,1826.33,1248.73,577.59
TRX-13584,2026-10-19,Europe,Tablet,14,381.39,5339.46,3404.33,1935.13
TRX-13585,2026-01-10,North America,Smartphone,9,831.11,7480.0,4592.67,2887.33
TRX-13586,2025-06-11,North America,Laptop,8,1216.99,9735.93,6433.97,3301.97
TRX-13587,2026-01-15,North America,Monitor,7,304.31,2130.15,1405.15,724.99
TRX-13588,2026-10-18,Asia Pacific,Accessories,14,52.01,728.15,286.1,442.05
TRX-13589,2025-12-24,Asia Pacific,Monitor,11,300.25,3302.75,2135.58,1167.17
TRX-13590,2025-07-07,Latin America,Tablet,8,396.42,3171.37,1931.81,1239.56
TRX-13591,2025-11-18,Latin America,Monitor,4,310.98,1243.94,812.15,431.78
TRX-13592,2026-03-26,North America,Accessories,6,51.21,307.27,117.49,189.79
TRX-13593,2026-04-19,North America,Laptop,14,1253.88,17554.28,11730.82,5823.45
TRX-13594,2025-01-13,Europe,Smartphone,5,835.21,4176.05,2487.88,1688.17
TRX-13595,2025-07-03,Asia Pacific,Tablet,12,395.29,4743.52,2883.48,1860.04
TRX-13596,2025-04-21,North America,Accessories,2,49.73,99.47,40.74,58.73
TRX-13597,2026-05-23,Asia Pacific,Tablet,8,390.24,3121.92,1961.23,1160.68
TRX-13598,2025-10-17,North America,Monitor,3,304.82,914.46,578.92,335.54
TRX-13599,2025-10-22,Latin America,Tablet,14,394.58,5524.14,3472.99,2051.16
TRX-13600,2026-03-27,North America,Accessories,5,51.43,257.15,104.64,152.51
TRX-13601,2025-08-03,Latin America,Smartphone,8,769.72,6157.79,3964.57,2193.22
TRX-13602,2026-09-24,Europe,Smartphone,11,769.31,8462.43,5416.03,3046.4
TRX-13603,2026-07-21,Europe,Tablet,9,388.18,3493.6,2237.51,1256.09
TRX-13604,2025-01-27,Europe,Laptop,13,1150.12,14951.5,9892.6,5058.9
TRX-13605,2026-09-22,North America,Tablet,9,404.8,3643.21,2167.45,1475.76
TRX-13606,2025-08-19,Europe,Monitor,14,289.42,4051.89,2897.91,1153.98
TRX-13607,2026-07-19,North America,Smartphone,5,772.8,3863.99,2619.51,1244.48
TRX-13608,2025-11-17,Asia Pacific,Smartphone,2,761.14,1522.28,965.79,556.48
TRX-13609,2025-08-21,Latin America,Smartphone,7,822.57,5757.97,3512.43,2245.54
TRX-13610,2026-11-01,Asia Pacific,Laptop,11,1237.48,13612.23,9210.37,4401.86
TRX-13611,2026-03-13,North America,Laptop,11,1159.44,12753.87,8497.79,4256.08
TRX-13612,2026-06-17,Europe,Accessories,7,51.2,358.38,135.61,222.78
TRX-13613,2026-02-07,Latin America,Tablet,12,397.34,4768.1,3128.04,1640.06
TRX-13614,2025-02-22,Europe,Tablet,13,389.58,5064.59,3316.85,1747.74
TRX-13615,2025-11-09,Asia Pacific,Monitor,8,303.64,2429.13,1544.31,884.82
TRX-13616,2025-10-08,North America,Smartphone,8,774.28,6194.23,3957.4,2236.83
TRX-13617,2026-12-27,Latin America,Laptop,5,1230.83,6154.13,3822.51,2331.62
TRX-13618,2025-01-31,Latin America,Monitor,1,286.43,286.43,198.65,87.78
TRX-13619,2025-12-03,North America,Monitor,13,313.77,4079.06,2672.25,1406.81
TRX-13620,2025-07-02,North America,Laptop,11,1148.63,12634.88,8847.5,3787.38
TRX-13621,2025-01-23,Latin America,Tablet,13,403.18,5241.31,3297.92,1943.39
TRX-13622,2026-06-28,Asia Pacific,Smartphone,4,832.18,3328.7,1965.36,1363.34
TRX-13623,2026-03-22,Asia Pacific,Tablet,4,380.48,1521.9,966.14,555.77
TRX-13624,2025-03-15,Europe,Monitor,11,299.96,3299.51,2092.89,1206.62
TRX-13625,2025-01-10,Latin America,Smartphone,3,788.0,2364.0,1548.2,815.8
TRX-13626,2026-04-29,North America,Accessories,8,50.4,403.21,162.19,241.03
TRX-13627,2026-04-01,North America,Monitor,3,291.76,875.29,583.76,291.53
TRX-13628,2026-07-20,North America,Tablet,13,382.6,4973.75,3223.49,1750.26
TRX-13629,2026-07-18,North America,Tablet,5,405.04,2025.19,1287.68,737.51
TRX-13630,2026-10-22,Latin America,Tablet,2,396.67,793.35,501.94,291.41
TRX-13631,2025-06-09,Asia Pacific,Laptop,6,1214.7,7288.19,4704.08,2584.11
TRX-13632,2025-01-14,Europe,Monitor,6,291.32,1747.9,1172.06,575.83
TRX-13633,2025-06-27,Asia Pacific,Smartphone,8,787.1,6296.79,3887.05,2409.75
TRX-13634,2026-02-16,Europe,Tablet,8,402.47,3219.74,2064.75,1154.99
TRX-13635,2025-02-22,North America,Tablet,1,403.72,403.72,252.05,151.68
TRX-13636,2026-02-12,North America,Laptop,5,1184.68,5923.39,4083.66,1839.73
TRX-13637,2025-01-22,Latin America,Smartphone,2,782.4,1564.81,1036.01,528.8
TRX-13638,2025-01-30,North America,Monitor,10,293.21,2932.11,2097.37,834.74
TRX-13639,2026-12-04,Latin America,Accessories,12,48.37,580.48,233.99,346.49
TRX-13640,2025-09-17,Latin America,Laptop,5,1179.05,5895.24,3872.36,2022.88
TRX-13641,2025-07-24,Latin America,Monitor,10,290.98,2909.83,1992.4,917.43
TRX-13642,2025-02-28,North America,Accessories,12,50.67,608.03,228.84,379.19
TRX-13643,2026-04-16,North America,Tablet,9,402.76,3624.86,2315.64,1309.23
TRX-13644,2026-04-11,Asia Pacific,Tablet,4,395.3,1581.21,1038.38,542.84
TRX-13645,2025-01-12,Europe,Smartphone,8,786.07,6288.53,4074.42,2214.12
TRX-13646,2026-09-23,Asia Pacific,Accessories,1,48.69,48.69,19.54,29.15
TRX-13647,2025-10-17,North America,Tablet,8,401.42,3211.35,1924.63,1286.72
TRX-13648,2025-12-20,Europe,Tablet,6,416.76,2500.54,1482.32,1018.22
TRX-13649,2026-10-01,Latin America,Smartphone,8,814.86,6518.85,4133.33,2385.52
TRX-13650,2025-03-16,Europe,Monitor,6,307.33,1843.99,1181.74,662.26
TRX-13651,2026-12-17,Latin America,Tablet,11,413.38,4547.13,2621.92,1925.21
TRX-13652,2026-07-15,North America,Laptop,3,1182.2,3546.59,2345.83,1200.76
TRX-13653,2026-08-14,Europe,Laptop,12,1147.55,13770.54,10070.35,3700.19
TRX-13654,2026-03-17,Latin America,Monitor,11,303.68,3340.44,2238.87,1101.58
TRX-13655,2025-08-29,Asia Pacific,Accessories,8,48.44,387.55,166.41,221.13
TRX-13656,2025-06-03,Asia Pacific,Smartphone,5,805.52,4027.62,2568.72,1458.9
TRX-13657,2025-04-06,Latin America,Laptop,12,1228.74,14744.89,9638.12,5106.78
TRX-13658,2026-12-27,Asia Pacific,Laptop,10,1234.04,12340.37,7718.95,4621.41
TRX-13659,2025-10-21,Asia Pacific,Monitor,5,294.06,1470.28,984.86,485.41
TRX-13660,2025-07-28,Europe,Accessories,12,50.06,600.75,242.01,358.74
TRX-13661,2025-12-09,Asia Pacific,Accessories,7,50.6,354.23,145.19,209.04
TRX-13662,2025-03-29,Europe,Monitor,6,309.58,1857.51,1172.24,685.27
TRX-13663,2026-01-25,North America,Laptop,9,1231.37,11082.3,6927.28,4155.02
TRX-13664,2025-11-21,Asia Pacific,Smartphone,7,839.04,5873.27,3520.59,2352.67
TRX-13665,2025-06-06,North America,Laptop,3,1140.97,3422.91,2322.36,1100.55
TRX-13666,2026-10-30,Asia Pacific,Accessories,11,49.69,546.56,222.43,324.13
TRX-13667,2026-10-13,Latin America,Laptop,11,1170.73,12877.98,8591.9,4286.08
TRX-13668,2026-09-25,Latin America,Smartphone,12,769.59,9235.1,5838.58,3396.52
TRX-13669,2026-07-31,North America,Tablet,5,416.46,2082.3,1237.4,844.91
TRX-13670,2026-09-11,North America,Laptop,9,1259.76,11337.8,7267.1,4070.7
TRX-13671,2026-10-21,North America,Monitor,11,290.42,3194.6,2209.97,984.63
TRX-13672,2025-05-17,Latin America,Tablet,13,381.54,4959.99,3167.04,1792.95
TRX-13673,2026-11-05,North America,Monitor,10,293.25,2932.52,2078.22,854.29
TRX-13674,2026-03-04,Latin America,Monitor,14,310.05,4340.64,2690.77,1649.88
TRX-13675,2026-03-28,North America,Monitor,2,293.82,587.63,381.58,206.05
TRX-13676,2026-09-04,Europe,Laptop,1,1146.83,1146.83,808.22,338.61
TRX-13677,2025-05-21,Europe,Accessories,11,47.76,525.39,211.71,313.67
TRX-13678,2025-03-24,Asia Pacific,Tablet,8,397.1,3176.78,2000.98,1175.8
TRX-13679,2025-06-26,Europe,Smartphone,8,834.55,6676.37,4180.71,2495.66
TRX-13680,2025-07-17,North America,Accessories,2,48.93,97.86,40.79,57.06
TRX-13681,2026-09-16,Europe,Laptop,14,1191.26,16677.62,11331.55,5346.07
TRX-13682,2026-07-22,Europe,Monitor,13,288.06,3744.75,2619.45,1125.3
TRX-13683,2026-11-22,North America,Smartphone,8,799.49,6395.89,3871.82,2524.07
TRX-13684,2026-02-25,Europe,Tablet,5,407.86,2039.31,1241.58,797.73
TRX-13685,2026-02-05,North America,Accessories,2,48.86,97.71,39.37,58.34
TRX-13686,2026-11-29,Europe,Accessories,7,48.98,342.88,146.34,196.54
TRX-13687,2026-04-16,North America,Smartphone,7,827.36,5791.51,3409.81,2381.69
TRX-13688,2025-08-06,Latin America,Laptop,3,1141.24,3423.73,2393.16,1030.57
TRX-13689,2026-12-30,Latin America,Tablet,14,405.46,5676.42,3653.33,2023.1
TRX-13690,2026-09-24,Asia Pacific,Smartphone,1,791.51,791.51,514.46,277.05
TRX-13691,2025-06-24,Europe,Monitor,11,293.95,3233.47,2302.19,931.27
TRX-13692,2025-01-23,Asia Pacific,Tablet,4,406.3,1625.22,1010.83,614.38
TRX-13693,2026-12-26,North America,Accessories,2,51.67,103.35,39.34,64.01
TRX-13694,2025-08-23,Latin America,Smartphone,4,804.67,3218.69,2065.33,1153.36
TRX-13695,2025-01-13,North America,Accessories,8,47.66,381.24,156.66,224.58
TRX-13696,2025-04-11,Asia Pacific,Accessories,2,49.81,99.61,38.66,60.95
TRX-13697,2026-06-20,North America,Accessories,1,49.81,49.81,20.41,29.4
TRX-13698,2026-06-07,North America,Laptop,11,1205.26,13257.81,8922.28,4335.53
TRX-13699,2026-03-28,North America,Accessories,14,50.85,711.97,290.61,421.36
TRX-13700,2026-03-07,North America,Monitor,3,285.58,856.74,627.72,229.02
TRX-13701,2026-08-29,Latin America,Monitor,10,300.06,3000.6,2071.44,929.16
TRX-13702,2026-12-14,North America,Tablet,7,403.53,2824.73,1673.0,1151.72
TRX-13703,2026-06-17,North America,Accessories,13,49.22,639.82,264.28,375.54
TRX-13704,2026-12-24,Latin America,Accessories,12,50.84,610.1,246.83,363.27
TRX-13705,2026-10-14,North America,Smartphone,6,778.25,4669.53,3144.58,1524.95
TRX-13706,2025-10-20,North America,Laptop,6,1178.08,7068.51,4739.84,2328.67
TRX-13707,2025-04-11,Asia Pacific,Tablet,7,418.51,2929.57,1692.23,1237.34
TRX-13708,2026-05-17,Latin America,Accessories,8,49.24,393.92,165.65,228.28
TRX-13709,2025-10-31,Europe,Smartphone,3,787.72,2363.16,1472.62,890.54
TRX-13710,2026-06-24,North America,Laptop,3,1211.48,3634.45,2423.57,1210.88
TRX-13711,2026-07-07,Asia Pacific,Tablet,10,418.84,4188.39,2472.47,1715.92
TRX-13712,2025-12-21,Latin America,Tablet,13,419.32,5451.2,3218.26,2232.95
TRX-13713,2025-10-30,North America,Accessories,8,50.4,403.19,163.72,239.47
TRX-13714,2026-05-11,Europe,Tablet,12,380.04,4560.52,2958.44,1602.08
TRX-13715,2026-10-20,North America,Smartphone,13,832.05,10816.68,6625.5,4191.18
TRX-13716,2025-08-15,Asia Pacific,Tablet,14,402.81,5639.33,3330.01,2309.32
TRX-13717,2025-08-24,Latin America,Monitor,13,295.98,3847.74,2554.41,1293.33
TRX-13718,2026-03-31,Asia Pacific,Smartphone,7,826.34,5784.35,3436.67,2347.68
TRX-13719,2025-01-13,Latin America,Laptop,10,1187.98,11879.8,8199.07,3680.73
TRX-13720,2025-07-29,Europe,Laptop,5,1144.09,5720.43,3925.82,1794.6
TRX-13721,2026-02-01,North America,Accessories,4,51.61,206.42,81.07,125.35
TRX-13722,2025-04-10,Asia Pacific,Accessories,6,50.23,301.38,122.26,179.11
TRX-13723,2025-01-31,Europe,Monitor,9,295.14,2656.3,1828.52,827.78
TRX-13724,2026-06-12,Europe,Laptop,6,1170.11,7020.64,4849.58,2171.06
TRX-13725,2026-10-11,North America,Laptop,8,1211.26,9690.05,6344.71,3345.33
TRX-13726,2025-11-25,Asia Pacific,Laptop,1,1164.97,1164.97,789.86,375.1
TRX-13727,2025-06-15,North America,Laptop,12,1178.86,14146.35,9662.0,4484.34
TRX-13728,2026-04-04,North America,Tablet,14,405.46,5676.46,3347.3,2329.16
TRX-13729,2025-04-10,Latin America,Smartphone,6,830.52,4983.14,3112.75,1870.4
TRX-13730,2026-09-13,Latin America,Smartphone,14,802.63,11236.84,7227.72,4009.12
TRX-13731,2025-06-22,North America,Monitor,14,307.77,4308.82,2756.99,1551.84
TRX-13732,2025-06-11,Latin America,Tablet,2,410.52,821.04,503.34,317.7
TRX-13733,2026-12-29,Asia Pacific,Laptop,3,1219.72,3659.17,2503.73,1155.43
TRX-13734,2025-09-20,Latin America,Laptop,6,1169.5,7017.0,4690.39,2326.62
TRX-13735,2025-10-01,Europe,Accessories,2,51.83,103.67,40.97,62.7
TRX-13736,2025-01-03,North America,Accessories,4,49.68,198.73,76.66,122.06
TRX-13737,2025-01-28,North America,Monitor,6,286.33,1717.96,1202.8,515.15
TRX-13738,2025-11-22,Asia Pacific,Laptop,5,1169.35,5846.77,4153.59,1693.18
TRX-13739,2025-05-29,North America,Monitor,6,307.97,1847.8,1206.21,641.59
TRX-13740,2026-06-24,Latin America,Tablet,6,382.77,2296.59,1517.44,779.15
TRX-13741,2026-05-03,Europe,Smartphone,8,771.79,6174.31,4163.06,2011.26
TRX-13742,2026-03-14,North America,Laptop,9,1223.31,11009.76,7355.06,3654.71
TRX-13743,2025-03-06,Latin America,Tablet,5,415.7,2078.52,1274.48,804.04
TRX-13744,2025-12-22,Europe,Laptop,6,1216.05,7296.29,4841.46,2454.82
TRX-13745,2026-06-17,North America,Accessories,6,48.61,291.67,121.6,170.07
TRX-13746,2025-09-09,North America,Monitor,6,286.6,1719.61,1236.44,483.17
TRX-13747,2025-08-23,North America,Accessories,2,50.58,101.15,41.92,59.23
TRX-13748,2025-08-15,Europe,Smartphone,4,763.79,3055.17,2059.07,996.1
TRX-13749,2026-06-09,North America,Accessories,1,50.56,50.56,20.42,30.15
TRX-13750,2025-11-09,North America,Laptop,14,1167.07,16338.97,10791.81,5547.16
TRX-13751,2025-02-18,Latin America,Accessories,12,52.02,624.28,247.61,376.67
TRX-13752,2025-04-28,Latin America,Laptop,1,1197.01,1197.01,818.88,378.13
TRX-13753,2025-02-23,Latin America,Smartphone,1,777.92,777.92,513.52,264.39
TRX-13754,2026-10-12,Latin America,Accessories,7,51.77,362.36,136.24,226.12
TRX-13755,2026-07-19,North America,Monitor,1,292.62,292.62,208.07,84.55
TRX-13756,2025-02-13,Europe,Monitor,6,294.2,1765.19,1151.67,613.51
TRX-13757,2025-02-22,North America,Monitor,2,310.03,620.06,390.14,229.91
TRX-13758,2026-08-09,Asia Pacific,Accessories,6,49.04,294.26,121.96,172.31
TRX-13759,2026-07-12,Europe,Accessories,6,49.55,297.3,122.08,175.22
TRX-13760,2026-06-09,Asia Pacific,Accessories,12,49.24,590.86,235.52,355.34
TRX-13761,2026-11-08,North America,Laptop,11,1153.97,12693.65,8977.34,3716.31
TRX-13762,2025-04-12,Europe,Smartphone,3,763.11,2289.33,1483.19,806.15
TRX-13763,2026-02-02,Europe,Monitor,8,306.74,2453.89,1520.03,933.86
TRX-13764,2025-05-18,Latin America,Laptop,11,1217.42,13391.58,8503.09,4888.49
TRX-13765,2026-11-06,North America,Monitor,4,293.47,1173.88,830.61,343.27
TRX-13766,2026-01-22,Asia Pacific,Laptop,13,1175.47,15281.13,10111.6,5169.53
TRX-13767,2025-04-21,Europe,Accessories,7,52.23,365.58,134.58,230.99
TRX-13768,2026-09-06,Europe,Monitor,4,314.63,1258.52,814.58,443.94
TRX-13769,2025-01-17,Latin America,Accessories,1,49.87,49.87,19.88,29.99
TRX-13770,2025-07-01,Europe,Monitor,6,309.07,1854.44,1235.59,618.85
TRX-13771,2026-06-20,Latin America,Tablet,5,409.47,2047.34,1295.18,752.16
TRX-13772,2026-06-25,Europe,Laptop,9,1175.68,10581.1,7449.11,3131.99
TRX-13773,2025-06-20,Europe,Tablet,14,382.34,5352.8,3434.55,1918.24
TRX-13774,2026-02-13,North America,Laptop,14,1157.11,16199.49,11206.21,4993.28
TRX-13775,2026-01-13,Europe,Smartphone,9,827.06,7443.57,4567.56,2876.01
TRX-13776,2025-07-07,Latin America,Monitor,12,306.94,3683.24,2357.28,1325.96
TRX-13777,2025-08-18,Latin America,Smartphone,11,813.15,8944.61,5247.6,3697.01
TRX-13778,2025-04-29,Latin America,Smartphone,13,770.45,10015.87,6497.18,3518.69
TRX-13779,2025-06-05,Asia Pacific,Laptop,8,1216.79,9734.33,6088.2,3646.13
TRX-13780,2026-11-18,Europe,Tablet,7,410.89,2876.2,1828.86,1047.34
TRX-13781,2026-04-10,North America,Accessories,14,51.8,725.24,288.31,436.93
TRX-13782,2025-04-14,North America,Laptop,2,1141.59,2283.18,1550.72,732.45
TRX-13783,2026-08-27,Asia Pacific,Accessories,14,50.92,712.91,274.05,438.86
TRX-13784,2026-11-29,Europe,Smartphone,8,761.53,6092.22,4193.14,1899.09
TRX-13785,2026-05-17,Latin America,Accessories,3,51.03,153.1,59.24,93.86
TRX-13786,2026-11-24,Asia Pacific,Tablet,6,405.42,2432.55,1542.56,889.99
TRX-13787,2026-11-13,Asia Pacific,Laptop,10,1157.8,11578.02,7957.45,3620.57
TRX-13788,2026-11-30,Latin America,Tablet,7,410.64,2874.51,1813.72,1060.8
TRX-13789,2025-06-24,Asia Pacific,Tablet,12,382.73,4592.81,3061.13,1531.68
TRX-13790,2026-11-05,Asia Pacific,Laptop,6,1239.17,7435.01,4571.0,2864.01
TRX-13791,2026-02-25,Latin America,Tablet,5,390.48,1952.39,1224.3,728.09
TRX-13792,2025-05-14,Europe,Monitor,4,305.67,1222.66,804.64,418.02
TRX-13793,2026-01-26,North America,Monitor,2,312.71,625.42,417.05,208.37
TRX-13794,2026-05-16,North America,Monitor,9,295.19,2656.75,1728.37,928.39
TRX-13795,2026-10-27,Latin America,Accessories,14,50.01,700.2,282.83,417.37
TRX-13796,2025-02-02,Latin America,Tablet,7,398.52,2789.67,1715.38,1074.29
TRX-13797,2025-02-24,Europe,Laptop,7,1158.91,8112.39,5818.02,2294.37
TRX-13798,2026-06-03,Asia Pacific,Laptop,4,1210.84,4843.35,3284.85,1558.5
TRX-13799,2026-09-30,Europe,Accessories,14,51.22,717.01,276.35,440.66
TRX-13800,2025-01-12,Asia Pacific,Laptop,5,1250.02,6250.12,3866.84,2383.28
TRX-13801,2026-06-12,Asia Pacific,Monitor,6,310.52,1863.14,1141.38,721.76
TRX-13802,2026-12-21,Europe,Tablet,12,400.4,4804.81,3036.34,1768.47
TRX-13803,2026-07-09,Latin America,Laptop,11,1226.28,13489.1,8717.39,4771.71
TRX-13804,2026-01-08,Latin America,Laptop,12,1236.09,14833.13,9422.17,5410.96
TRX-13805,2026-04-29,Europe,Smartphone,2,799.48,1598.96,1048.55,550.41
TRX-13806,2026-10-09,Asia Pacific,Smartphone,4,769.23,3076.94,1993.23,1083.71
TRX-13807,2025-08-16,Asia Pacific,Smartphone,13,795.03,10335.45,6662.4,3673.05
TRX-13808,2026-09-15,Asia Pacific,Tablet,4,413.7,1654.8,967.74,687.06
TRX-13809,2025-11-03,Asia Pacific,Monitor,12,302.9,3634.79,2283.23,1351.56
TRX-13810,2026-04-02,Europe,Monitor,13,306.73,3987.54,2578.57,1408.97
TRX-13811,2025-06-09,North America,Monitor,4,290.56,1162.23,813.25,348.98
TRX-13812,2025-11-27,Latin America,Tablet,7,418.57,2930.01,1751.15,1178.86
TRX-13813,2025-08-13,Latin America,Tablet,13,396.16,5150.12,3376.9,1773.22
TRX-13814,2026-12-30,North America,Smartphone,7,812.29,5686.04,3476.89,2209.14
TRX-13815,2026-05-19,Asia Pacific,Laptop,7,1142.26,7995.85,5494.16,2501.69
TRX-13816,2026-04-01,North America,Accessories,7,48.14,336.96,145.82,191.13
TRX-13817,2025-02-14,North America,Accessories,2,51.41,102.82,39.63,63.19
TRX-13818,2025-08-02,North America,Laptop,5,1256.16,6280.78,,2372.92
TRX-13819,2025-02-28,Latin America,Smartphone,10,785.6,7856.04,4798.83,3057.21
TRX-13820,2026-10-06,Latin America,Laptop,2,1144.46,2288.92,1646.93,641.99
TRX-13821,2026-09-08,North America,Laptop,5,1183.3,5916.52,4130.04,1786.48
TRX-13822,2025-07-14,North America,Accessories,12,47.59,571.05,228.8,342.25
TRX-13823,2026-05-04,North America,Smartphone,6,775.39,4652.34,2957.59,1694.75
TRX-13824,2025-06-06,Asia Pacific,Tablet,3,410.1,1230.3,768.74,461.56
TRX-13825,2026-09-02,Asia Pacific,Accessories,6,52.19,313.11,125.36,187.76
TRX-13826,2025-08-14,Asia Pacific,Tablet,5,383.5,1917.49,1234.73,682.76
TRX-13827,2026-02-16,Latin America,Smartphone,4,804.63,3218.53,2074.41,1144.12
TRX-13828,2025-07-24,Europe,Laptop,10,1170.47,11704.66,7914.98,3789.68
TRX-13829,2025-03-20,North America,Monitor,9,289.17,2602.55,1742.31,860.24
TRX-13830,2025-05-04,North America,Monitor,11,291.57,3207.26,2090.76,1116.51
TRX-13831,2026-04-16,Europe,Smartphone,14,806.22,11287.09,6881.13,4405.97
TRX-13832,2025-08-06,North America,Monitor,8,286.95,2295.63,1580.56,715.08
TRX-13833,2026-05-31,Asia Pacific,Tablet,12,397.37,4768.42,3133.54,1634.89
TRX-13834,2026-08-25,Asia Pacific,Monitor,7,289.06,2023.4,1358.85,664.55
TRX-13835,2025-04-14,Europe,Smartphone,11,781.81,8599.96,5435.23,3164.73
TRX-13836,2026-01-28,Asia Pacific,Smartphone,1,775.26,775.26,476.26,299.0
TRX-13837,2026-09-23,Europe,Tablet,9,415.32,3737.87,2309.3,1428.57
TRX-13838,2026-10-07,Asia Pacific,Monitor,9,306.24,2756.16,1874.73,881.44
TRX-13839,2026-08-31,North America,Monitor,6,311.05,1866.32,1168.54,697.78
TRX-13840,2026-03-10,Latin America,Laptop,7,1186.02,8302.11,5560.24,2741.87
TRX-13841,2025-11-27,Asia Pacific,Accessories,13,49.07,637.87,250.17,387.7
TRX-13842,2025-05-23,Europe,Smartphone,3,790.45,2371.34,1493.53,877.82
TRX-13843,2026-06-24,Latin America,Laptop,5,1142.23,5711.13,3853.34,1857.79
TRX-13844,2025-10-05,North America,Smartphone,7,817.98,5725.83,3508.17,2217.66
TRX-13845,2025-08-21,Latin America,Laptop,1,1181.97,1181.97,818.77,363.2
TRX-13846,2026-06-13,Europe,Accessories,12,49.07,588.8,241.28,347.52
TRX-13847,2026-07-25,North America,Laptop,1,1211.78,1211.78,779.62,432.16
TRX-13848,2025-03-31,North America,Smartphone,5,794.9,3974.5,2463.45,1511.05
TRX-13849,2026-05-07,Asia Pacific,Monitor,9,314.43,2829.83,1824.94,1004.88
TRX-13850,2025-07-18,Latin America,Smartphone,7,788.5,5519.5,3531.41,1988.09
TRX-13851,2025-12-28,Asia Pacific,Tablet,1,404.56,404.56,240.92,163.64
TRX-13852,2026-03-17,North America,Tablet,13,392.47,5102.06,3362.11,1739.95
TRX-13853,2025-01-26,Asia Pacific,Tablet,13,419.62,5455.11,3241.94,2213.17
TRX-13854,2025-01-25,Asia Pacific,Tablet,12,397.8,4773.65,2898.71,1874.94
TRX-13855,2026-01-29,Europe,Accessories,5,50.67,253.35,96.23,157.12
TRX-13856,2026-05-22,Asia Pacific,Monitor,8,288.8,2310.41,1674.49,635.92
TRX-13857,2025-10-28,North America,Monitor,8,306.99,2455.93,1565.05,890.88
TRX-13858,2025-12-05,Asia Pacific,Smartphone,12,781.54,9378.44,6245.16,3133.29
TRX-13859,2025-09-24,North America,Laptop,2,1193.83,2387.67,1585.69,801.97
TRX-13860,2026-04-06,North America,Smartphone,7,830.65,5814.55,3460.07,2354.48
TRX-13861,2026-11-24,Europe,Smartphone,10,837.64,8376.44,5100.46,3275.98
TRX-13862,2026-04-01,North America,Smartphone,5,793.97,3969.83,2377.47,1592.36
TRX-13863,2025-12-26,North America,Smartphone,9,826.78,7441.06,4427.14,3013.92
TRX-13864,2025-03-09,Europe,Monitor,3,286.6,859.8,588.16,271.64
TRX-13865,2026-02-16,North America,Laptop,1,1241.71,1241.71,829.45,412.26
TRX-13866,2026-05-06,Europe,Smartphone,13,810.36,10534.69,6518.93,4015.76
TRX-13867,2025-02-18,Latin America,Monitor,4,299.66,1198.64,789.17,409.48
TRX-13868,2026-11-18,Latin America,Smartphone,7,831.2,5818.38,3418.13,2400.25
TRX-13869,2026-07-18,Latin America,Tablet,1,413.81,413.81,252.26,161.55
TRX-13870,2025-04-12,North America,Smartphone,2,783.76,1567.51,965.17,602.34
TRX-13871,2025-08-04,Asia Pacific,Smartphone,14,823.32,11526.47,6822.34,4704.12
TRX-13872,2026-03-14,Europe,Accessories,5,48.0,239.99,97.94,142.05
TRX-13873,2026-12-01,Latin America,Tablet,9,412.91,3716.2,2274.28,1441.92
TRX-13874,2026-07-23,Europe,Laptop,14,1221.05,17094.77,11058.05,6036.72
TRX-13875,2026-07-13,Latin America,Smartphone,1,767.03,767.03,500.29,266.74
TRX-13876,2025-06-08,Latin America,Laptop,12,1221.97,14663.64,9744.42,4919.21
TRX-13877,2026-05-04,North America,Tablet,4,403.22,1612.88,1045.63,567.26
TRX-13878,2026-11-17,Europe,Smartphone,12,807.56,9690.77,6158.9,3531.87
TRX-13879,2025-08-30,North America,Accessories,14,48.95,685.36,277.35,408.01
TRX-13880,2025-01-05,Europe,Monitor,3,292.99,878.98,614.9,264.09
TRX-13881,2026-08-19,Europe,Accessories,14,51.31,718.38,292.59,425.79
TRX-13882,2025-12-27,Asia Pacific,Accessories,5,48.78,243.92,99.99,143.93
TRX-13883,2026-04-04,Latin America,Monitor,5,298.39,1491.94,991.05,500.89
TRX-13884,2025-09-05,North America,Monitor,10,305.84,3058.44,1915.6,1142.83
TRX-13885,2026-07-20,Asia Pacific,Monitor,2,287.39,574.78,415.69,159.08
TRX-13886,2026-11-04,Europe,Smartphone,5,807.56,4037.82,2436.61,1601.21
TRX-13887,2026-02-26,Latin America,Laptop,9,1210.73,10896.53,6886.05,4010.48
TRX-13888,2025-01-15,North America,Laptop,5,1222.11,6110.54,4014.88,2095.66
TRX-13889,2026-07-27,Asia Pacific,Monitor,11,296.1,3257.08,2276.1,980.98
TRX-13890,2025-05-02,Europe,Accessories,10,49.74,497.45,198.13,299.32
TRX-13891,2025-10-04,Asia Pacific,Tablet,2,393.2,786.4,514.15,272.24
TRX-13892,2026-07-12,Europe,Monitor,7,309.25,2164.72,1447.1,717.62
TRX-13893,2026-03-29,Europe,Accessories,6,48.15,288.92,119.45,169.47
TRX-13894,2026-01-25,Latin America,Accessories,7,52.31,366.2,141.27,224.93
TRX-13895,2025-10-21,North America,Smartphone,8,810.79,6486.3,4013.56,2472.73
TRX-13896,2026-07-28,Latin America,Smartphone,10,830.95,8309.53,5219.6,3089.93
TRX-13897,2026-08-21,North America,Laptop,5,1191.15,5955.74,4090.2,1865.54
TRX-13898,2026-03-22,North America,Laptop,2,1179.87,2359.75,1668.05,691.69
TRX-13899,2025-07-29,Europe,Tablet,7,416.03,2912.2,1701.0,1211.2
TRX-13900,2026-08-13,Asia Pacific,Tablet,7,383.95,2687.68,1716.79,970.89
TRX-13901,2026-12-15,North America,Tablet,8,384.68,3077.47,1914.18,1163.29
TRX-13902,2025-10-29,North America,Tablet,7,391.97,2743.82,1749.98,993.83
TRX-13903,2025-08-11,North America,Accessories,10,52.3,522.99,207.48,315.51
TRX-13904,2025-01-03,North America,Accessories,7,50.67,354.66,137.58,217.08
TRX-13905,2026-06-02,Europe,Laptop,14,1206.5,16891.05,10783.68,6107.37
TRX-13906,2025-04-03,Latin America,Smartphone,13,816.43,10613.57,6219.49,4394.08
TRX-13907,2026-06-04,Asia Pacific,Smartphone,9,793.4,7140.58,4476.38,2664.21
TRX-13908,2026-03-04,Europe,Monitor,8,307.74,2461.94,1546.24,915.69
TRX-13909,2026-05-08,Europe,Accessories,2,49.47,98.93,39.38,59.55
TRX-13910,2025-08-23,Europe,Tablet,2,413.05,826.11,516.0,310.11
TRX-13911,2026-09-12,North America,Tablet,7,390.69,2734.84,1729.71,1005.13
TRX-13912,2025-06-10,Asia Pacific,Monitor,10,293.33,2933.26,2021.97,911.29
TRX-13913,2026-12-22,Europe,Smartphone,11,801.79,8819.7,5501.19,3318.51
TRX-13914,2025-11-27,Europe,Tablet,13,397.23,5164.0,3321.02,1842.97
TRX-13915,2025-11-29,Europe,Smartphone,10,811.85,8118.49,4828.08,3290.41
TRX-13916,2025-02-19,North America,Monitor,3,295.93,887.79,625.23,262.56
TRX-13917,2026-06-07,North America,Smartphone,1,778.44,778.44,507.18,271.26
TRX-13918,2026-10-30,Europe,Smartphone,9,797.58,7178.26,4396.93,2781.33
TRX-13919,2026-05-07,North America,Smartphone,14,804.88,11268.27,6736.28,4531.99
TRX-13920,2026-08-05,Asia Pacific,Tablet,14,385.7,5399.86,3377.4,2022.45
TRX-13921,2026-11-12,North America,Laptop,14,1206.81,16895.29,11516.58,5378.7
TRX-13922,2025-09-29,Europe,Accessories,3,49.1,147.29,60.53,86.76
TRX-13923,2026-08-03,Asia Pacific,Smartphone,1,791.4,791.4,494.04,297.36
TRX-13924,2025-09-09,North America,Smartphone,6,782.35,4694.07,2949.87,1744.2
TRX-13925,2026-07-14,Europe,Smartphone,4,834.51,3338.05,2071.15,1266.9
TRX-13926,2026-11-27,Latin America,Laptop,14,1222.0,17108.0,11619.73,5488.27
TRX-13927,2026-11-30,Latin America,Monitor,1,292.87,292.87,201.63,91.25
TRX-13928,2025-03-31,Asia Pacific,Tablet,4,405.8,1623.21,1002.45,620.75
TRX-13929,2026-03-22,Asia Pacific,Laptop,8,1241.83,9934.63,6602.53,3332.1
TRX-13930,2025-11-28,Asia Pacific,Smartphone,11,792.13,8713.43,5637.13,3076.3
TRX-13931,2025-05-19,North America,Laptop,7,1239.59,8677.16,5544.18,3132.98
TRX-13932,2025-12-23,Asia Pacific,Laptop,12,1158.53,13902.36,9199.43,4702.93
TRX-13933,2026-08-24,North America,Laptop,1,1238.73,1238.73,821.48,417.25
TRX-13934,2025-10-01,Europe,Monitor,10,301.21,3012.09,1933.74,1078.35
TRX-13935,2025-01-19,North America,Accessories,12,48.61,583.38,228.39,354.99
TRX-13936,2025-11-07,North America,Tablet,9,396.29,3566.57,2327.24,1239.33
TRX-13937,2025-06-03,Europe,Monitor,6,314.64,1887.84,1209.39,678.45
TRX-13938,2026-01-25,Latin America,Monitor,2,308.51,617.01,415.67,201.35
TRX-13939,2025-09-17,North America,Accessories,3,50.38,151.13,59.91,91.22
TRX-13940,2026-09-12,North America,Monitor,7,288.45,2019.18,1459.71,559.48
TRX-13941,2026-07-25,Europe,Laptop,3,1190.14,3570.41,2364.95,1205.46
TRX-13942,2025-05-05,Asia Pacific,Laptop,13,1171.57,15230.36,10633.5,4596.86
TRX-13943,2025-12-20,Europe,Smartphone,3,765.68,2297.04,1470.15,826.89
TRX-13944,2025-09-30,Latin America,Monitor,5,301.27,1506.33,950.12,556.21
TRX-13945,2026-09-11,Asia Pacific,Smartphone,3,831.13,2493.4,1481.96,1011.44
TRX-13946,2025-09-02,Latin America,Tablet,3,407.02,1221.07,767.83,453.24
TRX-13947,2026-03-26,North America,Laptop,11,1169.96,12869.58,8492.02,4377.56
TRX-13948,2025-09-04,Latin America,Tablet,5,402.94,2014.72,1250.6,764.12
TRX-13949,2026-06-04,Latin America,Accessories,14,52.22,731.03,271.95,459.08
TRX-13950,2025-05-21,Europe,Laptop,5,1226.75,6133.75,3829.85,2303.9
TRX-13951,2025-12-28,Asia Pacific,Tablet,12,407.58,4890.95,3035.24,1855.71
TRX-13952,2025-01-08,North America,Accessories,9,52.34,471.07,188.14,282.93
TRX-13953,2026-04-23,North America,Tablet,1,411.95,411.95,245.27,166.69
TRX-13954,2025-12-18,North America,Accessories,14,48.18,674.56,282.26,392.31
TRX-13955,2026-05-10,Asia Pacific,Accessories,1,49.24,49.24,20.91,28.33
TRX-13956,2026-08-29,Asia Pacific,Laptop,11,1255.82,13813.99,8932.43,4881.56
TRX-13957,2026-03-03,Latin America,Smartphone,14,799.18,11188.47,7121.18,4067.29
TRX-13958,2025-02-08,Latin America,Accessories,9,48.06,432.52,174.22,258.3
TRX-13959,2026-08-16,Asia Pacific,Accessories,5,49.79,248.97,99.93,149.04
TRX-13960,2025-07-06,North America,Laptop,4,1223.64,4894.56,3157.47,1737.09
TRX-13961,2026-08-19,Asia Pacific,Smartphone,2,839.8,1679.61,997.1,682.51
TRX-13962,2026-08-23,Europe,Monitor,12,294.72,3536.61,2472.2,1064.41
TRX-13963,2025-04-03,Asia Pacific,Monitor,9,300.42,2703.8,1792.93,910.88
TRX-13964,2025-03-27,Asia Pacific,Smartphone,6,830.37,4982.25,2868.86,2113.39
TRX-13965,2025-02-13,North America,Tablet,9,394.21,3547.9,2341.25,1206.65
TRX-13966,2025-05-17,Latin America,Laptop,5,1153.11,5765.56,4017.93,1747.63
TRX-13967,2026-02-25,Europe,Smartphone,4,835.91,3343.66,2084.9,1258.76
TRX-13968,2025-03-15,Europe,Monitor,7,299.65,2097.57,1410.13,687.44
TRX-13969,2026-07-02,Europe,Accessories,5,50.01,250.07,95.7,154.37
TRX-13970,2026-09-05,Asia Pacific,Monitor,8,303.64,2429.09,1608.46,820.63
TRX-13971,2026-05-27,North America,Accessories,8,47.52,380.14,161.21,218.93
TRX-13972,2025-06-05,Asia Pacific,Laptop,13,1251.74,16272.56,10102.91,6169.65
TRX-13973,2025-09-12,Latin America,Accessories,2,49.31,98.61,39.88,58.73
TRX-13974,2025-06-20,North America,Smartphone,13,791.75,10292.81,6473.64,3819.17
TRX-13975,2026-12-29,Europe,Accessories,5,48.37,241.85,101.23,140.62
TRX-13976,2025-06-19,Asia Pacific,Tablet,10,395.13,3951.26,2439.9,1511.36
TRX-13977,2025-11-18,North America,Smartphone,8,824.32,6594.52,4032.7,2561.82
TRX-13978,2026-07-21,Asia Pacific,Laptop,3,1236.0,3708.0,2337.83,1370.17
TRX-13979,2026-04-01,North America,Smartphone,7,834.86,5844.05,3481.26,2362.79
TRX-13980,2026-08-26,Europe,Tablet,3,396.13,1188.39,721.7,466.68
TRX-13981,2026-09-05,Latin America,Laptop,6,1225.05,7350.28,4577.9,2772.38
TRX-13982,2025-06-04,Latin America,Monitor,2,300.22,600.43,392.82,207.61
TRX-13983,2025-12-15,Asia Pacific,Tablet,6,412.16,2472.97,1466.19,1006.78
TRX-13984,2026-03-27,Europe,Laptop,6,1225.51,7353.03,4755.33,2597.7
TRX-13985,2026-10-15,Asia Pacific,Accessories,8,49.34,394.72,167.39,227.32
TRX-13986,2025-06-22,Asia Pacific,Smartphone,5,786.93,3934.67,2505.56,1429.11
TRX-13987,2025-01-10,North America,Laptop,14,1170.29,16384.1,11259.56,5124.55
TRX-13988,2025-09-22,North America,Smartphone,1,806.12,806.12,522.08,284.04
TRX-13989,2026-03-14,North America,Accessories,8,52.32,418.55,166.74,251.82
TRX-13990,2025-09-04,Europe,Laptop,12,1164.01,13968.1,9968.75,3999.35
TRX-13991,2026-10-29,Europe,Monitor,9,287.86,2590.72,1727.64,863.08
TRX-13992,2026-06-30,Asia Pacific,Tablet,1,384.78,384.78,253.36,131.42
TRX-13993,2026-05-14,North America,Laptop,5,1233.97,6169.86,4123.24,2046.62
TRX-13994,2025-05-09,Europe,Accessories,12,49.25,591.01,248.05,342.95
TRX-13995,2026-11-03,Asia Pacific,Laptop,6,1166.92,7001.54,4837.4,2164.15
TRX-13996,2026-08-24,Europe,Smartphone,4,788.23,3152.91,1903.5,1249.41
TRX-13997,2026-08-28,Asia Pacific,Laptop,14,1217.44,17044.16,11730.56,5313.6
TRX-13998,2025-11-23,Latin America,Monitor,11,301.4,3315.44,2193.88,1121.56
TRX-13999,2026-02-08,North America,Laptop,2,1229.23,2458.46,1582.98,875.49
TRX-14000,2026-09-21,Latin America,Tablet,5,393.56,1967.81,1236.87,730.95
TRX-14001,2026-08-29,Asia Pacific,Laptop,14,1194.24,16719.41,11115.05,5604.36
TRX-14002,2026-11-06,Asia Pacific,Smartphone,14,768.16,10754.2,6819.53,3934.68
TRX-14003,2026-09-03,North America,Laptop,4,1148.77,4595.07,3144.75,1450.32
TRX-14004,2026-09-17,North America,Monitor,13,298.87,3885.28,2726.19,1159.09
TRX-14005,2025-12-25,Asia Pacific,Accessories,7,49.01,343.06,138.15,204.9
TRX-14006,2026-08-26,Europe,Laptop,6,1213.54,7281.22,4812.83,2468.39
TRX-14007,2026-12-19,North America,Laptop,3,1145.16,3435.48,2483.59,951.89
TRX-14008,2025-01-17,Asia Pacific,Tablet,9,384.87,3463.84,2256.17,1207.66
TRX-14009,2025-10-01,North America,Monitor,14,310.96,4353.38,2750.85,1602.53
TRX-14010,2026-11-16,North America,Accessories,4,50.33,201.33,80.19,121.14
TRX-14011,2025-04-26,Latin America,Smartphone,11,816.96,8986.61,5287.75,3698.86
TRX-14012,2026-11-24,Latin America,Laptop,5,1241.04,6205.18,3852.0,2353.18
TRX-14013,2025-04-01,Europe,Accessories,14,49.82,697.47,285.44,412.03
TRX-14014,2025-03-23,North America,Smartphone,3,820.88,2462.65,1562.62,900.04
TRX-14015,2025-11-20,Asia Pacific,Monitor,8,300.74,2405.9,1636.11,769.79
TRX-14016,2025-04-24,Asia Pacific,Monitor,11,291.68,3208.51,2106.41,1102.09
TRX-14017,2025-02-27,North America,Accessories,7,49.19,344.32,138.64,205.68
TRX-14018,2025-06-03,North America,Smartphone,11,799.23,8791.51,5226.4,3565.1
TRX-14019,2026-02-08,Europe,Monitor,11,294.51,3239.57,2202.47,1037.11
TRX-14020,2026-09-20,Europe,Accessories,7,49.18,344.24,135.7,208.54
TRX-14021,2025-09-23,Europe,Monitor,8,295.12,2360.97,1658.9,702.07
TRX-14022,2025-11-11,Asia Pacific,Monitor,7,288.69,2020.8,1344.61,676.19
TRX-14023,2026-12-16,Latin America,Monitor,3,287.54,862.62,570.09,292.53
TRX-14024,2025-02-10,Europe,Tablet,3,381.86,1145.58,746.34,399.24
TRX-14025,2025-04-15,Asia Pacific,Smartphone,2,768.88,1537.75,965.54,572.21
TRX-14026,2025-07-12,Europe,Accessories,13,49.22,639.84,266.19,373.65
TRX-14027,2026-02-05,Asia Pacific,Accessories,1,50.47,50.47,20.84,29.63
TRX-14028,2025-10-05,North America,Smartphone,5,775.05,3875.26,2385.48,1489.77
TRX-14029,2025-12-20,Asia Pacific,Smartphone,12,831.04,9972.49,5937.35,4035.14
TRX-14030,2026-08-03,North America,Smartphone,4,824.67,3298.68,2099.36,1199.32
TRX-14031,2026-12-10,Asia Pacific,Smartphone,13,801.64,10421.35,6651.24,3770.11
TRX-14032,2025-09-13,Latin America,Laptop,11,1226.91,13495.96,9198.81,4297.15
TRX-14033,2026-10-13,Asia Pacific,Accessories,2,49.33,98.66,38.66,60.01
TRX-14034,2026-10-23,North America,Laptop,1,1144.41,1144.41,777.71,366.7
TRX-14035,2025-04-09,Latin America,Monitor,14,312.13,4369.82,2703.35,1666.47
TRX-14036,2026-08-11,Asia Pacific,Monitor,14,288.83,4043.67,2744.66,1299.01
TRX-14037,2025-10-09,Asia Pacific,Accessories,3,52.24,156.72,61.35,95.37
TRX-14038,2026-02-07,Europe,Monitor,13,302.16,3928.03,2512.89,1415.15
TRX-14039,2025-04-19,Latin America,Smartphone,6,784.45,4706.67,3007.27,1699.4
TRX-14040,2026-12-01,North America,Laptop,13,1199.46,15593.02,10159.98,5433.04
TRX-14041,2025-07-18,Latin America,Smartphone,2,800.13,1600.26,1032.92,567.34
TRX-14042,2025-10-30,North America,Monitor,10,285.7,2856.99,1901.32,955.67
TRX-14043,2025-11-23,Europe,Laptop,13,1182.66,15374.52,10112.04,5262.48
TRX-14044,2025-06-03,Europe,Smartphone,7,819.19,5734.32,3536.83,2197.49
TRX-14045,2026-07-06,North America,Accessories,11,50.05,550.55,211.13,339.43
TRX-14046,2026-10-07,North America,Smartphone,7,779.54,5456.77,3488.21,1968.56
TRX-14047,2026-02-09,North America,Monitor,11,295.05,3245.59,2185.97,1059.62
TRX-14048,2026-04-07,Europe,Laptop,3,1243.57,3730.7,2484.61,1246.09
TRX-14049,2025-05-12,Latin America,Accessories,14,50.13,701.79,283.51,418.28
TRX-14050,2025-03-25,Europe,Laptop,1,1203.4,1203.4,811.18,392.23
TRX-14051,2026-02-03,Asia Pacific,Accessories,9,52.31,470.77,188.13,282.63
TRX-14052,2026-09-20,Europe,Laptop,11,1178.51,12963.56,9224.48,3739.09
TRX-14053,2025-04-19,Asia Pacific,Monitor,5,299.39,1496.93,1015.34,481.59
TRX-14054,2025-08-09,Asia Pacific,Accessories,2,51.56,103.12,40.09,63.03
TRX-14055,2026-07-07,Europe,Tablet,8,410.36,3282.85,2021.58,1261.27
TRX-14056,2026-01-03,Europe,Laptop,12,1171.9,14062.75,9487.15,4575.61
TRX-14057,2025-05-27,Europe,Laptop,10,1158.13,11581.31,8389.97,3191.34
TRX-14058,2025-04-22,Latin America,Smartphone,10,816.06,8160.56,5102.51,3058.05
TRX-14059,2026-09-07,Europe,Accessories,4,48.79,195.15,78.33,116.83
TRX-14060,2026-07-12,North America,Tablet,11,416.91,4585.98,2628.39,1957.59
TRX-14061,2026-05-09,Europe,Monitor,10,288.88,2888.77,1908.94,979.83
TRX-14062,2026-05-20,Asia Pacific,Smartphone,12,785.47,9425.58,5822.95,3602.63
TRX-14063,2026-04-20,Latin America,Tablet,7,382.19,2675.34,1703.26,972.08
TRX-14064,2025-09-28,Latin America,Accessories,14,51.02,714.23,277.62,436.61
TRX-14065,2026-02-25,Asia Pacific,Tablet,13,415.65,5403.46,3157.32,2246.13
TRX-14066,2026-12-08,Latin America,Laptop,5,1216.3,6081.52,4052.36,2029.16
TRX-14067,2026-01-02,Latin America,Laptop,13,1252.53,16282.89,10099.7,6183.19
TRX-14068,2025-10-07,North America,Smartphone,3,770.28,2310.84,1453.18,857.66
TRX-14069,2025-10-10,North America,Accessories,10,47.94,479.39,199.42,279.96
TRX-14070,2025-02-09,Latin America,Accessories,8,51.69,413.54,166.22,247.32
TRX-14071,2025-07-08,Europe,Tablet,2,414.22,828.44,498.42,330.03
TRX-14072,2025-06-13,Latin America,Smartphone,1,826.48,826.48,495.69,330.79
TRX-14073,2026-06-20,North America,Accessories,5,51.49,257.47,100.78,156.69
TRX-14074,2026-06-20,Latin America,Laptop,11,1183.47,13018.14,8586.35,4431.79
TRX-14075,2025-01-04,Europe,Tablet,4,388.7,1554.79,985.34,569.45
TRX-14076,2025-10-17,Europe,Monitor,11,312.86,3441.51,2137.04,1304.46
TRX-14077,2026-03-09,North America,Laptop,10,1176.84,11768.4,8057.45,3710.95
TRX-14078,2026-04-16,Latin America,Smartphone,7,791.87,5543.11,3569.09,1974.02
TRX-14079,2025-06-30,North America,Accessories,13,51.0,662.97,264.52,398.46
TRX-14080,2025-09-05,Asia Pacific,Laptop,9,1175.2,10576.82,7023.47,3553.36
TRX-14081,2026-09-20,North America,Monitor,6,309.57,1857.44,1233.56,623.89
TRX-14082,2025-10-06,North America,Monitor,11,287.1,3158.11,2146.31,1011.8
TRX-14083,2026-08-04,North America,Smartphone,1,823.29,823.29,482.52,340.78
TRX-14084,2025-09-11,Latin America,Laptop,8,1212.22,9697.78,6303.88,3393.9
TRX-14085,2025-06-30,Asia Pacific,Tablet,2,402.92,805.84,504.89,300.95
TRX-14086,2026-11-12,Latin America,Laptop,4,1195.01,4780.02,3085.44,1694.58
TRX-14087,2026-05-24,Europe,Monitor,3,293.31,879.93,608.89,271.05
TRX-14088,2026-12-01,Asia Pacific,Smartphone,6,797.13,4782.75,3108.92,1673.83
TRX-14089,2026-07-20,North America,Smartphone,2,796.0,1592.0,979.31,612.69
TRX-14090,2025-11-22,North America,Tablet,5,403.35,2016.75,1243.78,772.98
TRX-14091,2025-12-23,North America,Smartphone,11,782.53,8607.79,5350.57,3257.21
TRX-14092,2026-10-12,Latin America,Smartphone,9,766.21,6895.87,4437.57,2458.3
TRX-14093,2026-11-11,Europe,Smartphone,3,771.61,2314.82,1428.3,886.53
TRX-14094,2026-01-26,Asia Pacific,Smartphone,2,815.93,1631.87,1045.38,586.49
TRX-14095,2026-09-07,Asia Pacific,Smartphone,2,761.8,1523.6,991.59,532.01
TRX-14096,2025-03-26,Latin America,Monitor,9,310.69,2796.24,1852.0,944.24
TRX-14097,2025-11-13,Europe,Laptop,6,1223.33,7339.97,4628.47,2711.5
TRX-14098,2025-07-31,Asia Pacific,Accessories,2,51.34,102.68,41.25,61.43
TRX-14099,2026-05-30,Latin America,Smartphone,3,826.88,2480.64,1554.02,926.61
TRX-14100,2026-01-19,Europe,Accessories,14,48.11,673.59,286.03,387.56
TRX-14101,2026-11-22,Europe,Accessories,1,51.61,51.61,20.81,30.81
TRX-14102,2025-12-08,Asia Pacific,Monitor,2,300.14,600.28,386.69,213.59
TRX-14103,2025-02-07,Asia Pacific,Smartphone,2,830.84,1661.68,997.65,664.04
TRX-14104,2026-05-26,Europe,Accessories,11,51.93,571.26,222.64,348.62
TRX-14105,2026-02-24,Asia Pacific,Smartphone,2,761.93,1523.87,1009.62,514.25
TRX-14106,2025-06-18,Latin America,Tablet,7,395.31,2767.2,1813.18,954.02
TRX-14107,2025-12-09,Europe,Tablet,3,401.06,1203.17,728.68,474.49
TRX-14108,2025-11-02,Asia Pacific,Tablet,13,407.13,5292.75,3144.58,2148.16
TRX-14109,2026-06-26,Asia Pacific,Accessories,14,48.93,685.03,273.09,411.94
TRX-14110,2026-12-03,Latin America,Tablet,11,390.09,4290.94,2857.68,1433.27
TRX-14111,2026-06-21,Asia Pacific,Monitor,4,296.44,1185.75,835.28,350.47
TRX-14112,2025-04-22,Asia Pacific,Monitor,2,300.03,600.06,402.79,197.27
TRX-14113,2026-02-15,Asia Pacific,Accessories,5,52.26,261.28,100.01,161.26
TRX-14114,2025-07-25,North America,Smartphone,14,820.97,11493.56,7073.77,4419.79
TRX-14115,2025-07-04,Latin America,Laptop,9,1191.52,10723.67,7283.74,3439.93
TRX-14116,2026-01-17,Latin America,Smartphone,12,764.35,9172.19,5802.18,3370.01
TRX-14117,2026-05-11,North America,Smartphone,9,773.48,6961.33,4583.88,2377.45
TRX-14118,2026-01-14,Latin America,Smartphone,7,796.47,5575.32,3483.32,2091.99
TRX-14119,2025-02-16,Asia Pacific,Smartphone,12,825.11,9901.27,6010.43,3890.84
TRX-14120,2026-07-05,Asia Pacific,Laptop,8,1185.68,9485.47,6099.4,3386.07
TRX-14121,2026-06-12,Asia Pacific,Tablet,13,401.54,5220.02,3335.98,1884.04
TRX-14122,2026-05-19,Latin America,Smartphone,14,831.34,11638.82,7234.8,4404.02
TRX-14123,2025-01-22,Latin America,Monitor,5,312.41,1562.07,1011.94,550.13
TRX-14124,2025-08-01,Europe,Accessories,5,48.58,242.89,102.49,140.41
TRX-14125,2025-11-06,North America,Accessories,12,47.72,572.62,240.54,332.07
TRX-14126,2026-10-23,Latin America,Monitor,3,294.16,882.49,607.1,275.39
TRX-14127,2025-09-29,Europe,Smartphone,6,815.66,4893.99,2968.37,1925.61
TRX-14128,2026-07-25,North America,Laptop,1,1254.13,1254.13,823.35,430.78
TRX-14129,2025-07-21,North America,Tablet,3,383.08,1149.24,747.62,401.62
TRX-14130,2025-02-01,Asia Pacific,Accessories,11,47.64,524.07,223.96,300.1
TRX-14131,2026-03-19,Asia Pacific,Tablet,2,415.37,830.73,506.07,324.66
TRX-14132,2025-06-11,Europe,Laptop,7,1229.78,8608.44,5713.3,2895.15
TRX-14133,2025-09-11,Europe,Accessories,9,52.46,472.15,185.13,287.02
TRX-14134,2026-06-05,Asia Pacific,Tablet,4,395.87,1583.49,1001.27,582.22
TRX-14135,2026-10-13,Asia Pacific,Laptop,7,1189.93,8329.48,5775.32,2554.17
TRX-14136,2026-04-25,North America,Tablet,8,386.89,3095.14,1999.45,1095.69
TRX-14137,2025-01-10,North America,Smartphone,10,769.27,7692.68,5228.32,2464.36
TRX-14138,2026-12-27,Latin America,Laptop,2,1209.45,2418.89,1640.43,778.46
TRX-14139,2026-05-20,Asia Pacific,Tablet,7,394.57,2762.0,1692.45,1069.55
TRX-14140,2026-07-14,North America,Smartphone,13,766.43,9963.53,6714.23,3249.3
TRX-14141,2026-03-12,Europe,Smartphone,12,830.96,9971.51,6030.95,3940.55
TRX-14142,2025-04-21,North America,Laptop,3,1163.8,3491.41,2516.27,975.14
TRX-14143,2025-06-02,Asia Pacific,Monitor,8,307.46,2459.66,1635.01,824.65
TRX-14144,2026-09-27,North America,Accessories,6,48.91,293.47,115.01,178.45
TRX-14145,2025-04-12,Asia Pacific,Laptop,3,1237.55,3712.65,2374.79,1337.86
TRX-14146,2025-07-10,North America,Smartphone,8,769.47,6155.77,4006.91,2148.86
TRX-14147,2026-12-30,Latin America,Smartphone,11,820.49,9025.34,5686.46,3338.89
TRX-14148,2026-07-17,Latin America,Laptop,13,1151.77,14973.07,10638.52,4334.55
TRX-14149,2025-03-22,Europe,Monitor,3,298.41,895.22,592.16,303.06
TRX-14150,2026-05-04,Europe,Accessories,9,51.17,460.53,182.76,277.77
TRX-14151,2025-03-29,Asia Pacific,Tablet,11,386.93,4256.22,2771.15,1485.07
TRX-14152,2025-07-13,Asia Pacific,Laptop,3,1174.28,3522.84,2310.25,1212.59
TRX-14153,2025-04-14,Asia Pacific,Accessories,1,51.82,51.82,19.47,32.35
TRX-14154,2025-04-06,North America,Accessories,13,51.93,675.03,255.87,419.16
TRX-14155,2026-02-27,North America,Smartphone,2,763.59,1527.19,969.55,557.64
TRX-14156,2025-07-17,North America,Tablet,4,386.72,1546.89,965.01,581.88
TRX-14157,2025-01-01,Europe,Laptop,13,1154.1,15003.26,9940.53,5062.73
TRX-14158,2026-02-11,Asia Pacific,Smartphone,11,774.38,8518.13,5705.21,2812.92
TRX-14159,2026-01-13,North America,Smartphone,2,837.62,1675.23,978.89,696.34
TRX-14160,2025-06-16,Europe,Monitor,4,301.55,1206.2,783.23,422.97
TRX-14161,2026-05-24,Latin America,Accessories,4,49.84,199.36,77.65,121.71
TRX-14162,2026-09-30,Asia Pacific,Laptop,4,1258.14,5032.54,3192.13,1840.42
TRX-14163,2025-11-09,Latin America,Laptop,1,1206.83,1206.83,801.14,405.7
TRX-14164,2026-08-16,Europe,Laptop,9,1219.33,10974.01,6989.96,3984.04
TRX-14165,2026-02-22,Asia Pacific,Smartphone,10,786.62,7866.22,5054.29,2811.93
TRX-14166,2026-11-12,North America,Monitor,11,296.46,3261.1,2249.06,1012.04
TRX-14167,2026-04-22,Europe,Tablet,7,403.78,2826.43,1727.92,1098.51
TRX-14168,2025-03-14,Latin America,Smartphone,2,765.58,1531.17,1008.55,522.62
TRX-14169,2025-05-21,Latin America,Tablet,3,390.24,1170.71,750.17,420.53
TRX-14170,2026-08-05,Latin America,Monitor,13,290.9,3781.76,2520.84,1260.91
TRX-14171,2025-09-19,Europe,Accessories,8,47.58,380.64,163.68,216.96
TRX-14172,2025-12-06,Europe,Laptop,7,1204.43,8431.0,5768.81,2662.18
TRX-14173,2025-11-04,Asia Pacific,Tablet,4,402.44,1609.77,1014.88,594.89
TRX-14174,2025-09-02,Asia Pacific,Smartphone,4,790.72,3162.86,1964.78,1198.08
TRX-14175,2026-05-30,Latin America,Tablet,9,390.75,3516.74,2346.03,1170.71
TRX-14176,2025-12-03,Europe,Accessories,5,50.76,253.8,99.55,154.25
TRX-14177,2026-07-29,Asia Pacific,Laptop,14,1156.16,16186.23,10937.78,5248.44
TRX-14178,2026-07-15,Europe,Tablet,13,400.74,5209.68,3220.18,1989.5
TRX-14179,2025-03-17,North America,Accessories,11,51.34,564.74,224.23,340.52
TRX-14180,2025-06-24,Europe,Smartphone,5,773.14,3865.72,2586.48,1279.24
TRX-14181,2025-04-19,Latin America,Monitor,7,307.6,2153.18,1379.92,773.26
TRX-14182,2025-07-02,Europe,Smartphone,1,820.86,820.86,486.63,334.23
TRX-14183,2025-07-11,Latin America,Laptop,3,1147.19,3441.57,2430.36,1011.22
TRX-14184,2025-03-06,Asia Pacific,Smartphone,2,761.5,1523.01,1042.12,480.88
TRX-14185,2026-04-19,Asia Pacific,Smartphone,11,837.91,9217.06,5325.81,3891.25
TRX-14186,2025-04-10,Asia Pacific,Smartphone,10,775.47,7754.71,5151.51,2603.2
TRX-14187,2026-06-28,North America,Smartphone,6,825.77,4954.63,2992.98,1961.64
TRX-14188,2025-05-08,Latin America,Laptop,11,1207.42,13281.64,9063.57,4218.07
TRX-14189,2026-03-28,North America,Accessories,12,48.82,585.87,240.13,345.74
TRX-14190,2026-01-04,North America,Tablet,6,385.2,2311.19,1481.6,829.59
TRX-14191,2025-02-12,Asia Pacific,Monitor,10,299.9,2999.0,2039.35,959.65
TRX-14192,2026-02-23,Latin America,Tablet,1,396.29,396.29,260.02,136.28
TRX-14193,2026-05-03,Europe,Tablet,14,407.96,5711.38,3437.09,2274.29
TRX-14194,2025-03-19,Europe,Monitor,14,312.13,4369.75,2789.01,1580.74
TRX-14195,2025-09-27,Latin America,Laptop,6,1236.63,7419.78,4670.11,2749.67
TRX-14196,2026-11-05,Europe,Monitor,10,293.23,2932.34,1936.68,995.65
TRX-14197,2026-12-02,Asia Pacific,Laptop,2,1245.47,2490.94,1644.46,846.48
TRX-14198,2026-12-29,Asia Pacific,Tablet,11,413.34,4546.69,2667.68,1879.01
TRX-14199,2025-11-11,North America,Laptop,4,1251.5,5005.99,3293.86,1712.12
TRX-14200,2025-06-17,Asia Pacific,Accessories,6,49.79,298.76,119.15,179.61
TRX-14201,2025-12-05,Europe,Monitor,3,308.06,924.17,629.7,294.47
TRX-14202,2025-07-12,North America,Accessories,3,50.46,151.37,58.18,93.19
TRX-14203,2026-03-29,Latin America,Tablet,12,392.42,4709.04,2877.89,1831.15
TRX-14204,2025-10-10,Latin America,Monitor,3,314.83,944.5,574.53,369.97
TRX-14205,2025-12-02,North America,Tablet,4,381.53,1526.13,1033.54,492.59
TRX-14206,2026-01-25,Asia Pacific,Accessories,9,48.31,434.8,178.88,255.92
TRX-14207,2026-06-09,North America,Tablet,4,415.7,1662.81,950.31,712.49
TRX-14208,2025-08-28,North America,Monitor,13,286.82,3728.62,2697.44,1031.18
TRX-14209,2026-04-28,Asia Pacific,Monitor,4,311.6,1246.42,830.15,416.26
TRX-14210,2026-10-21,Latin America,Tablet,4,408.61,1634.44,1030.64,603.79
TRX-14211,2026-12-17,North America,Monitor,7,286.1,2002.7,1364.76,637.94
TRX-14212,2026-08-15,Latin America,Monitor,5,297.88,1489.4,987.28,502.12
TRX-14213,2026-07-09,Europe,Tablet,12,410.18,4922.15,3073.48,1848.67
TRX-14214,2026-04-03,Asia Pacific,Accessories,2,50.42,100.83,39.96,60.87
TRX-14215,2025-03-30,Europe,Monitor,7,313.08,2191.53,1351.54,840.0
TRX-14216,2026-10-22,Latin America,Monitor,3,311.03,933.09,584.57,348.52
TRX-14217,2025-04-05,Europe,Monitor,11,294.98,3244.77,2303.97,940.8
TRX-14218,2026-03-28,Europe,Monitor,1,287.54,287.54,193.02,94.52
TRX-14219,2026-03-04,Europe,Tablet,9,417.77,3759.93,2300.87,1459.06
TRX-14220,2025-05-31,North America,Accessories,5,50.09,250.43,99.78,150.65
TRX-14221,2026-05-29,North America,Accessories,10,47.87,478.72,204.97,273.75
TRX-14222,2026-01-11,Asia Pacific,Laptop,1,1237.99,1237.99,812.89,425.1
TRX-14223,2025-01-22,Latin America,Monitor,11,311.06,3421.61,2186.62,1234.99
TRX-14224,2025-11-09,Latin America,Monitor,1,304.18,304.18,197.08,107.1
TRX-14225,2026-06-03,Asia Pacific,Laptop,1,1193.7,1193.7,820.35,373.35
TRX-14226,2025-07-25,Latin America,Accessories,12,50.81,609.73,235.76,373.97
TRX-14227,2026-01-10,Latin America,Smartphone,9,816.53,7348.81,4629.5,2719.32
TRX-14228,2026-03-27,Europe,Smartphone,13,831.44,10808.75,6616.9,4191.85
TRX-14229,2026-09-18,Europe,Accessories,8,52.28,418.23,161.24,256.99
TRX-14230,2026-08-18,Latin America,Monitor,11,300.43,3304.73,2171.14,1133.59
TRX-14231,2025-06-28,Asia Pacific,Smartphone,13,823.88,10710.43,6308.3,4402.13
TRX-14232,2025-07-29,Asia Pacific,Tablet,13,418.58,5441.54,3318.39,2123.16
TRX-14233,2026-05-15,Latin America,Tablet,6,386.05,2316.3,1438.7,877.6
TRX-14234,2026-04-09,Asia Pacific,Laptop,10,1142.19,11421.92,8376.43,3045.49
TRX-14235,2025-05-04,Asia Pacific,Accessories,6,51.84,311.07,125.74,185.32
TRX-14236,2025-04-23,Europe,Accessories,6,48.48,290.86,115.56,175.3
TRX-14237,2025-01-12,Asia Pacific,Smartphone,4,763.4,3053.59,1920.79,1132.81
TRX-14238,2025-05-06,North America,Monitor,5,289.8,1449.01,991.27,457.74
TRX-14239,2026-07-19,Europe,Accessories,10,49.42,494.21,209.27,284.93
TRX-14240,2025-11-27,North America,Smartphone,3,777.54,2332.62,1485.05,847.58
TRX-14241,2025-10-10,Latin America,Smartphone,3,784.42,2353.26,1479.57,873.69
TRX-14242,2025-05-20,Asia Pacific,Accessories,10,52.38,523.76,204.07,319.69
TRX-14243,2026-02-05,North America,Smartphone,7,816.35,5714.47,3387.56,2326.91
TRX-14244,2025-04-07,Asia Pacific,Laptop,5,1225.46,6127.32,3945.33,2181.99
TRX-14245,2026-06-01,North America,Laptop,8,1151.36,9210.9,6266.44,2944.46
TRX-14246,2026-07-23,Europe,Accessories,5,51.16,255.8,101.02,154.79
TRX-14247,2025-03-10,Latin America,Monitor,12,307.18,3686.16,2319.06,1367.1
TRX-14248,2025-04-28,North America,Laptop,4,1219.17,4876.68,3215.58,1661.09
TRX-14249,2025-02-28,Europe,Laptop,14,1167.41,16343.77,11600.45,4743.32
TRX-14250,2025-02-02,Latin America,Accessories,3,49.62,148.85,60.09,88.76
TRX-14251,2025-11-14,North America,Tablet,12,413.85,4966.21,3055.05,1911.16
TRX-14252,2025-02-19,North America,Smartphone,2,813.62,1627.23,957.52,669.71
TRX-14253,2026-05-04,Europe,Laptop,3,1227.93,3683.8,2387.76,1296.04
TRX-14254,2025-01-19,Latin America,Tablet,7,403.49,2824.46,1679.11,1145.36
TRX-14255,2026-12-27,Latin America,Monitor,8,298.49,2387.9,1615.91,771.99
TRX-14256,2025-07-16,Europe,Tablet,5,410.36,2051.81,1222.63,829.18
TRX-14257,2026-03-26,Asia Pacific,Accessories,11,47.84,526.24,215.32,310.92
TRX-14258,2026-07-13,Europe,Monitor,1,305.19,305.19,191.54,113.66
TRX-14259,2026-11-10,Latin America,Monitor,3,314.92,944.75,588.61,356.13
TRX-14260,2026-03-28,Europe,Tablet,4,411.21,1644.83,1000.67,644.16
TRX-14261,2025-10-16,Asia Pacific,Accessories,10,48.95,489.53,201.69,287.83
TRX-14262,2025-05-21,Europe,Laptop,13,1173.34,15253.4,9949.33,5304.07
TRX-14263,2025-03-25,Europe,Tablet,13,406.69,5286.95,3299.22,1987.73
TRX-14264,2026-11-25,North America,Laptop,12,1247.5,14970.03,9589.32,5380.71
TRX-14265,2026-01-26,Asia Pacific,Tablet,4,403.12,1612.47,1003.69,608.78
TRX-14266,2026-08-14,Latin America,Laptop,12,1203.29,14439.46,9919.48,4519.97
TRX-14267,2025-08-03,Asia Pacific,Tablet,1,386.42,386.42,246.06,140.36
TRX-14268,2026-06-10,Latin America,Monitor,10,306.46,3064.64,1934.81,1129.83
TRX-14269,2025-08-03,Latin America,Smartphone,9,816.18,7345.66,4523.31,2822.34
TRX-14270,2026-02-07,North America,Monitor,12,314.01,3768.1,2506.81,1261.3
TRX-14271,2025-05-08,Asia Pacific,Laptop,10,1176.02,11760.23,8014.3,3745.93
TRX-14272,2026-04-22,North America,Accessories,4,51.28,205.13,82.66,122.47
TRX-14273,2026-02-08,Europe,Monitor,2,298.02,596.04,410.28,185.76
TRX-14274,2025-01-29,Asia Pacific,Smartphone,13,804.68,10460.81,6511.92,3948.9
TRX-14275,2025-12-04,Europe,Laptop,9,1237.97,11141.77,7306.24,3835.53
TRX-14276,2026-12-15,Asia Pacific,Monitor,14,291.66,4083.24,2773.87,1309.37
TRX-14277,2025-12-27,Latin America,Tablet,4,393.71,1574.86,1003.06,571.8
TRX-14278,2026-07-23,Europe,Accessories,4,51.37,205.47,80.06,125.41
TRX-14279,2026-01-27,Asia Pacific,Laptop,11,1208.45,13293.0,8984.02,4308.99
TRX-14280,2025-08-06,Asia Pacific,Monitor,6,287.77,1726.64,1189.2,537.44
TRX-14281,2026-07-28,Europe,Laptop,8,1191.62,9532.98,6143.85,3389.13
TRX-14282,2026-10-31,North America,Tablet,5,403.47,2017.33,1286.09,731.24
TRX-14283,2025-07-21,Asia Pacific,Smartphone,12,832.76,9993.14,6110.91,3882.22
TRX-14284,2025-01-17,North America,Monitor,8,290.65,2325.24,1672.02,653.22
TRX-14285,2025-11-18,North America,Laptop,1,1236.71,1236.71,794.3,442.42
TRX-14286,2026-06-02,North America,Laptop,13,1155.67,15023.77,9961.33,5062.44
TRX-14287,2026-07-24,North America,Laptop,4,1169.07,4676.27,3078.92,1597.36
TRX-14288,2025-11-21,North America,Smartphone,1,779.47,779.47,513.67,265.8
TRX-14289,2026-02-16,Latin America,Laptop,3,1245.3,3735.89,2296.26,1439.63
TRX-14290,2025-11-14,North America,Accessories,11,48.5,533.45,228.97,304.47
TRX-14291,2026-11-12,Latin America,Accessories,7,51.43,360.04,136.94,223.1
TRX-14292,2025-03-23,Asia Pacific,Laptop,1,1195.42,1195.42,831.91,363.51
TRX-14293,2026-04-19,Latin America,Accessories,5,52.5,262.48,102.74,159.74
TRX-14294,2026-04-13,Latin America,Monitor,1,310.17,310.17,207.42,102.75
TRX-14295,2026-03-01,North America,Accessories,6,51.2,307.19,116.57,190.62
TRX-14296,2026-11-20,Asia Pacific,Laptop,9,1244.49,11200.38,7268.9,3931.49
TRX-14297,2025-07-23,Asia Pacific,Tablet,3,405.36,1216.08,719.52,496.56
TRX-14298,2026-08-06,Asia Pacific,Monitor,11,310.31,3413.41,2134.5,1278.9
TRX-14299,2026-01-22,Europe,Smartphone,11,780.89,8589.79,5395.45,3194.35
TRX-14300,2025-04-08,Latin America,Laptop,14,1151.72,16124.14,11469.71,4654.43
TRX-14301,2025-12-11,North America,Smartphone,12,809.27,9711.29,5714.83,3996.47
TRX-14302,2025-07-27,Europe,Tablet,6,397.39,2384.33,1560.47,823.86
TRX-14303,2026-05-29,North America,Smartphone,4,794.12,3176.46,1914.16,1262.3
TRX-14304,2026-09-28,Europe,Laptop,6,1203.21,7219.26,4740.72,2478.54
TRX-14305,2026-08-09,Asia Pacific,Laptop,2,1183.37,2366.73,1532.97,833.76
TRX-14306,2025-06-15,Europe,Tablet,4,405.04,1620.17,1026.9,593.27
TRX-14307,2025-01-22,Asia Pacific,Laptop,13,1143.67,14867.69,10026.97,4840.72
TRX-14308,2025-06-03,Europe,Tablet,13,418.8,5444.34,3375.05,2069.3
TRX-14309,2026-03-15,North America,Tablet,7,416.99,2918.92,1755.29,1163.63
TRX-14310,2025-10-22,North America,Laptop,11,1252.23,13774.56,9194.66,4579.9
TRX-14311,2025-08-07,Europe,Accessories,6,49.33,295.95,117.48,178.47
TRX-14312,2026-10-31,Latin America,Tablet,9,401.28,3611.48,2239.72,1371.76
TRX-14313,2026-05-10,Latin America,Laptop,11,1254.5,13799.45,8970.94,4828.52
TRX-14314,2025-08-18,Europe,Accessories,7,52.01,364.08,144.65,219.44
TRX-14315,2025-01-20,Latin America,Tablet,1,411.61,411.61,248.03,163.58
TRX-14316,2026-07-07,North America,Accessories,6,49.54,297.22,124.71,172.51
TRX-14317,2025-05-28,Latin America,Monitor,11,301.93,3321.23,2115.96,1205.27
TRX-14318,2025-04-18,Europe,Monitor,3,308.79,926.36,612.52,313.84
TRX-14319,2026-02-07,Latin America,Accessories,8,48.87,390.92,157.57,233.35
TRX-14320,2026-08-19,Europe,Tablet,13,405.06,5265.75,3120.43,2145.32
TRX-14321,2026-04-28,North America,Laptop,1,1239.35,1239.35,790.93,448.42
TRX-14322,2026-01-02,Asia Pacific,Smartphone,10,816.6,8165.96,5190.11,2975.86
TRX-14323,2026-02-18,North America,Laptop,2,1197.54,2395.08,1676.89,718.19
TRX-14324,2025-11-05,North America,Smartphone,3,806.77,2420.31,1483.92,936.39
TRX-14325,2025-05-14,Europe,Smartphone,14,839.09,11747.32,7270.49,4476.83
TRX-14326,2026-12-20,North America,Tablet,3,404.08,1212.24,750.72,461.51
TRX-14327,2025-10-10,North America,Accessories,7,51.43,360.0,143.04,216.96
TRX-14328,2025-03-14,Latin America,Laptop,13,1227.19,15953.5,9927.19,6026.32
TRX-14329,2026-04-26,Europe,Accessories,8,51.01,408.06,160.92,247.14
TRX-14330,2025-12-18,Latin America,Monitor,9,306.49,2758.42,1722.63,1035.79
TRX-14331,2026-07-14,Europe,Tablet,7,398.18,2787.23,1709.51,1077.73
TRX-14332,2025-11-22,Latin America,Tablet,8,398.97,3191.73,2013.36,1178.37
TRX-14333,2026-03-19,Latin America,Monitor,11,299.04,3289.39,2267.58,1021.82
TRX-14334,2025-04-10,Asia Pacific,Laptop,6,1143.99,6863.94,4829.23,2034.71
TRX-14335,2025-02-28,North America,Monitor,2,292.23,584.46,417.45,167.02
TRX-14336,2026-05-23,Latin America,Laptop,1,1158.55,1158.55,824.83,333.72
TRX-14337,2025-09-15,Asia Pacific,Smartphone,3,830.92,2492.75,1448.44,1044.31
TRX-14338,2026-02-17,Latin America,Tablet,9,391.0,3518.99,2225.02,1293.97
TRX-14339,2026-03-28,Latin America,Laptop,13,1156.61,15035.97,10575.22,4460.75
TRX-14340,2025-03-06,Asia Pacific,Accessories,7,48.1,336.69,146.14,190.55
TRX-14341,2026-08-18,Asia Pacific,Accessories,2,51.0,102.0,41.95,60.05
TRX-14342,2025-06-03,Asia Pacific,Tablet,14,380.24,5323.41,3592.12,1731.29
TRX-14343,2025-09-23,North America,Monitor,1,299.14,299.14,201.48,97.66
TRX-14344,2025-03-20,North America,Monitor,2,288.57,577.13,410.26,166.87
TRX-14345,2025-11-11,Latin America,Laptop,3,1241.96,3725.88,2345.58,1380.3
TRX-14346,2026-10-24,North America,Monitor,14,313.75,4392.55,2739.41,1653.14
TRX-14347,2026-07-14,Asia Pacific,Tablet,6,418.35,2510.1,1523.15,986.95
TRX-14348,2025-09-05,Europe,Laptop,12,1193.04,14316.43,9956.96,4359.47
TRX-14349,2026-09-02,North America,Smartphone,9,811.56,7304.05,4711.41,2592.64
TRX-14350,2026-02-18,Asia Pacific,Monitor,8,302.99,2423.93,1574.61,849.32
TRX-14351,2025-01-25,Asia Pacific,Monitor,10,295.5,2955.01,2059.31,895.7
TRX-14352,2025-10-11,Asia Pacific,Laptop,9,1193.29,10739.59,7453.1,3286.49
TRX-14353,2026-03-25,Asia Pacific,Accessories,11,47.82,526.04,222.71,303.33
TRX-14354,2025-10-28,Latin America,Monitor,11,308.87,3397.58,2166.47,1231.11
TRX-14355,2025-03-09,Asia Pacific,Tablet,8,389.63,3117.06,2023.82,1093.24
TRX-14356,2025-01-07,Asia Pacific,Monitor,7,298.82,2091.71,1411.82,679.89
TRX-14357,2025-05-17,Latin America,Smartphone,6,798.45,4790.7,3031.96,1758.74
TRX-14358,2025-06-13,North America,Monitor,8,301.82,2414.57,1619.08,795.49
TRX-14359,2025-03-24,Europe,Accessories,6,51.59,309.54,124.16,185.37
TRX-14360,2026-10-12,Latin America,Monitor,2,305.76,611.51,386.8,224.71
TRX-14361,2026-02-24,Latin America,Laptop,13,1219.57,15854.38,10261.99,5592.39
TRX-14362,2025-03-14,North America,Monitor,9,300.8,2707.22,1815.48,891.74
TRX-14363,2025-08-25,North America,Accessories,9,47.98,431.82,176.1,255.72
TRX-14364,2025-02-15,Asia Pacific,Laptop,3,1188.24,3564.72,2514.76,1049.97
TRX-14365,2026-09-10,North America,Tablet,9,418.29,3764.63,2196.71,1567.93
TRX-14366,2025-09-19,Europe,Laptop,2,1259.47,2518.93,1595.14,923.79
TRX-14367,2025-06-25,Latin America,Smartphone,12,818.44,9821.28,6226.42,3594.86
TRX-14368,2025-06-15,Europe,Laptop,14,1167.3,16342.23,10729.67,5612.55
TRX-14369,2026-10-19,Asia Pacific,Tablet,3,384.08,1152.23,774.05,378.18
TRX-14370,2026-01-05,Europe,Monitor,14,297.44,4164.2,2819.88,1344.32
TRX-14371,2025-02-23,Asia Pacific,Laptop,6,1242.79,7456.73,4575.26,2881.47
TRX-14372,2026-11-21,Europe,Laptop,14,1226.62,17172.73,11651.26,5521.47
TRX-14373,2026-02-23,Latin America,Laptop,4,1246.07,4984.27,3052.54,1931.73
TRX-14374,2026-05-22,Europe,Laptop,8,1213.89,9711.15,6409.74,3301.41
TRX-14375,2025-12-07,North America,Tablet,1,385.21,385.21,238.73,146.49
TRX-14376,2025-05-07,Europe,Accessories,13,48.07,624.96,248.85,376.11
TRX-14377,2026-02-13,Latin America,Accessories,6,47.74,286.44,124.65,161.79
TRX-14378,2026-01-02,Asia Pacific,Laptop,2,1208.05,2416.1,1642.53,773.57
TRX-14379,2025-09-28,Europe,Tablet,6,389.72,2338.29,1454.54,883.75
TRX-14380,2026-10-06,Europe,Tablet,14,409.38,5731.25,3542.16,2189.09
TRX-14381,2026-08-28,North America,Laptop,1,1222.35,1222.35,823.57,398.78
TRX-14382,2026-01-14,Asia Pacific,Smartphone,2,785.45,1570.9,1038.96,531.94
TRX-14383,2025-03-14,Asia Pacific,Laptop,9,1161.22,10450.95,7177.18,3273.76
TRX-14384,2025-09-05,Asia Pacific,Smartphone,6,768.19,4609.15,3119.25,1489.9
TRX-14385,2025-02-12,Latin America,Laptop,8,1228.48,9827.82,6405.02,3422.8
TRX-14386,2026-01-12,Latin America,Smartphone,7,796.04,5572.25,3565.88,2006.37
TRX-14387,2025-02-10,North America,Smartphone,9,785.88,7072.94,4715.56,2357.38
TRX-14388,2025-06-19,Europe,Laptop,9,1242.8,11185.19,7009.89,4175.3
TRX-14389,2025-07-31,Latin America,Smartphone,11,807.49,8882.38,5317.69,3564.69
TRX-14390,2026-05-08,Asia Pacific,Monitor,4,300.54,1202.16,787.36,414.8
TRX-14391,2026-11-11,Europe,Accessories,7,51.22,358.52,135.3,223.22
TRX-14392,2025-02-08,Europe,Tablet,5,412.62,2063.12,1223.02,840.1
TRX-14393,2026-01-04,Europe,Smartphone,7,814.89,5704.2,3585.04,2119.16
TRX-14394,2025-05-31,North America,Smartphone,4,795.2,3180.8,1995.5,1185.3
TRX-14395,2025-04-21,Latin America,Tablet,12,395.17,4742.06,2962.51,1779.55
TRX-14396,2026-04-25,Latin America,Smartphone,10,821.73,8217.33,4934.36,3282.97
TRX-14397,2026-03-12,Europe,Tablet,11,400.72,4407.88,2666.0,1741.88
TRX-14398,2025-02-16,North America,Laptop,11,1224.53,13469.79,8753.72,4716.07
TRX-14399,2026-07-29,North America,Monitor,1,311.71,311.71,,109.22
TRX-14400,2026-01-01,Latin America,Monitor,4,312.48,1249.91,771.13,478.77
TRX-14401,2025-03-10,Latin America,Accessories,13,48.89,635.55,272.29,363.26
TRX-14402,2025-10-26,North America,Smartphone,10,775.03,7750.31,4971.64,2778.67
TRX-14403,2025-10-23,Asia Pacific,Accessories,3,48.81,146.42,62.69,83.73
TRX-14404,2025-07-22,North America,Laptop,9,1230.16,11071.48,6936.95,4134.53
TRX-14405,2025-03-02,Asia Pacific,Monitor,5,296.1,1480.51,1026.72,453.79
TRX-14406,2025-11-10,Latin America,Laptop,4,1160.81,4643.23,3237.64,1405.58
TRX-14407,2025-06-10,North America,Laptop,8,1151.81,9214.45,6604.84,2609.61
TRX-14408,2025-11-27,North America,Smartphone,5,786.19,3930.93,2525.17,1405.76
TRX-14409,2026-06-12,North America,Laptop,3,1156.34,3469.01,2511.08,957.93
TRX-14410,2025-12-04,North America,Monitor,2,289.69,579.38,405.08,174.31
TRX-14411,2026-08-29,Europe,Accessories,8,50.92,407.36,164.55,242.8
TRX-14412,2025-10-31,Europe,Monitor,12,285.59,3427.1,2490.62,936.48
TRX-14413,2026-05-18,Latin America,Smartphone,2,769.4,1538.81,1021.46,517.35
TRX-14414,2026-10-12,Latin America,Monitor,14,310.33,4344.63,2806.79,1537.85
TRX-14415,2025-12-04,North America,Tablet,8,413.8,3310.37,1954.56,1355.81
TRX-14416,2026-07-04,Europe,Accessories,5,49.15,245.73,,142.19
TRX-14417,2026-10-01,Latin America,Tablet,8,383.52,3068.14,1996.12,1072.03
TRX-14418,2025-10-02,Asia Pacific,Tablet,5,408.2,2040.99,1265.09,775.91
TRX-14419,2025-06-13,Europe,Smartphone,1,788.81,788.81,478.96,309.85
TRX-14420,2026-03-19,Europe,Laptop,12,1145.46,13745.47,9597.46,4148.01
TRX-14421,2025-11-15,Europe,Tablet,13,386.31,5022.07,3314.4,1707.67
TRX-14422,2026-08-12,North America,Monitor,11,289.12,3180.28,2218.5,961.79
TRX-14423,2026-05-19,Asia Pacific,Laptop,14,1210.69,16949.72,11142.38,5807.33
TRX-14424,2026-11-17,North America,Monitor,11,311.94,3431.38,2139.15,1292.22
TRX-14425,2026-01-22,Latin America,Monitor,2,308.79,617.58,392.39,225.2
TRX-14426,2026-08-26,Asia Pacific,Laptop,14,1205.58,16878.15,11424.7,5453.45
TRX-14427,2026-11-22,North America,Laptop,6,1190.66,7143.95,4667.61,2476.34
TRX-14428,2026-05-09,Europe,Monitor,3,303.56,910.68,607.3,303.38
TRX-14429,2026-05-05,Asia Pacific,Smartphone,8,795.51,6364.04,4035.9,2328.15
TRX-14430,2026-12-22,Europe,Accessories,5,48.73,243.65,104.7,138.95
TRX-14431,2025-03-14,Latin America,Accessories,3,50.9,152.69,57.36,95.32
TRX-14432,2026-05-24,Asia Pacific,Smartphone,12,829.86,9958.31,5764.87,4193.44
TRX-14433,2026-01-25,Latin America,Laptop,10,1184.74,11847.44,8004.87,3842.58
TRX-14434,2026-09-11,Latin America,Monitor,7,310.25,2171.72,1403.8,767.93
TRX-14435,2025-10-22,Latin America,Accessories,14,49.66,695.18,267.12,428.06
TRX-14436,2026-01-04,Asia Pacific,Monitor,8,297.04,2376.32,1652.14,724.18
TRX-14437,2026-11-25,Latin America,Smartphone,4,762.27,3049.06,1998.94,1050.12
TRX-14438,2026-07-03,North America,Monitor,13,305.86,3976.16,2560.13,1416.03
TRX-14439,2026-10-11,North America,Smartphone,13,824.6,10719.8,6382.25,4337.55
TRX-14440,2026-07-22,Latin America,Laptop,11,1219.63,13415.9,9118.04,4297.86
TRX-14441,2025-07-06,Europe,Smartphone,9,772.11,6948.98,4363.53,2585.45
TRX-14442,2026-03-21,Latin America,Smartphone,6,768.26,4609.58,2898.13,1711.46
TRX-14443,2026-07-24,Latin America,Accessories,14,50.36,705.1,271.97,433.13
TRX-14444,2025-12-29,Europe,Monitor,1,297.05,297.05,202.5,94.55
TRX-14445,2025-05-03,Asia Pacific,Accessories,5,49.65,248.23,103.11,145.12
TRX-14446,2025-07-07,Asia Pacific,Tablet,5,418.71,2093.56,1228.87,864.69
TRX-14447,2026-11-11,Latin America,Smartphone,7,817.91,5725.4,3385.71,2339.68
TRX-14448,2026-02-24,North America,Tablet,7,396.47,2775.3,1699.11,1076.19
TRX-14449,2026-09-18,North America,Accessories,6,47.6,285.57,121.43,164.14
TRX-14450,2025-09-09,North America,Monitor,8,286.02,2288.18,1559.37,728.82
TRX-14451,2026-09-11,Latin America,Accessories,2,50.92,101.85,41.51,60.34
TRX-14452,2026-07-03,North America,Monitor,14,310.13,4341.85,2689.09,1652.76
TRX-14453,2025-12-01,North America,Monitor,13,306.23,3981.0,2478.42,1502.59
TRX-14454,2025-04-02,Asia Pacific,Laptop,13,1188.71,15453.18,9971.91,5481.27
TRX-14455,2026-06-14,Latin America,Smartphone,7,762.49,5337.44,3620.98,1716.46
TRX-14456,2025-03-04,Asia Pacific,Accessories,10,52.34,523.37,203.02,320.35
TRX-14457,2026-10-24,Europe,Monitor,7,314.59,2202.13,1464.08,738.05
TRX-14458,2026-05-27,Asia Pacific,Accessories,4,50.25,200.99,78.69,122.3
TRX-14459,2025-05-19,Latin America,Accessories,12,47.85,574.24,233.1,341.14
TRX-14460,2026-11-29,North America,Monitor,10,301.23,3012.29,2012.4,999.9
TRX-14461,2025-07-04,Latin America,Tablet,2,415.69,831.39,501.89,329.5
TRX-14462,2025-07-24,Asia Pacific,Smartphone,4,814.4,3257.6,2018.2,1239.39
TRX-14463,2025-08-02,Latin America,Smartphone,4,817.6,3270.4,1969.51,1300.89
TRX-14464,2025-09-13,Latin America,Laptop,12,1150.2,13802.36,9125.66,4676.7
TRX-14465,2025-05-15,Asia Pacific,Laptop,12,1152.78,13833.38,9153.63,4679.75
TRX-14466,2026-07-27,Asia Pacific,Laptop,6,1155.28,6931.69,4878.64,2053.05
TRX-14467,2025-03-29,Europe,Smartphone,14,832.35,11652.9,7016.28,4636.62
TRX-14468,2025-07-26,Europe,Tablet,7,401.03,2807.24,1806.18,1001.06
TRX-14469,2025-05-09,Asia Pacific,Smartphone,3,823.33,2469.98,1470.06,999.92
TRX-14470,2025-01-03,Latin America,Smartphone,10,769.22,7692.23,5157.74,2534.5
TRX-14471,2025-05-01,Asia Pacific,Smartphone,1,834.21,834.21,496.27,337.94
TRX-14472,2026-01-20,North America,Smartphone,3,825.69,2477.07,1439.5,1037.57
TRX-14473,2026-09-06,Europe,Tablet,9,388.99,3500.92,2357.53,1143.38
TRX-14474,2025-02-07,North America,Laptop,1,1244.9,1244.9,800.95,443.95
TRX-14475,2025-12-07,Latin America,Accessories,13,48.82,634.62,263.37,371.26
TRX-14476,2026-10-07,North America,Laptop,8,1164.64,9317.13,6509.31,2807.82
TRX-14477,2026-12-15,Asia Pacific,Laptop,2,1171.71,2343.42,1577.99,765.43
TRX-14478,2025-01-21,Asia Pacific,Accessories,6,52.05,312.3,122.97,189.33
TRX-14479,2025-08-30,Asia Pacific,Smartphone,3,833.25,2499.74,1555.54,944.2
TRX-14480,2026-03-31,North America,Tablet,7,393.16,2752.12,1730.26,1021.86
TRX-14481,2026-09-13,North America,Tablet,2,408.22,816.43,507.85,308.58
TRX-14482,2025-10-30,North America,Laptop,4,1221.09,4884.36,3282.28,1602.08
TRX-14483,2026-08-19,Asia Pacific,Accessories,10,51.53,515.33,193.8,321.53
TRX-14484,2026-08-18,Asia Pacific,Monitor,9,293.9,2645.06,1769.87,875.19
TRX-14485,2025-03-10,Asia Pacific,Smartphone,6,800.81,4804.87,2882.64,1922.23
TRX-14486,2025-05-09,North America,Laptop,4,1220.12,4880.48,3232.71,1647.78
TRX-14487,2025-07-15,North America,Tablet,2,381.05,762.1,515.05,247.05
TRX-14488,2025-05-20,Latin America,Accessories,10,49.38,493.84,202.22,291.62
TRX-14489,2026-03-20,Europe,Accessories,14,50.98,713.71,271.03,442.68
TRX-14490,2025-10-10,Asia Pacific,Laptop,9,1170.31,10532.8,7233.39,3299.42
TRX-14491,2025-11-08,North America,Monitor,4,313.73,1254.92,826.79,428.13
TRX-14492,2026-06-19,Europe,Tablet,9,381.21,3430.86,2205.61,1225.25
TRX-14493,2026-10-27,North America,Laptop,14,1254.97,17569.59,11572.57,5997.02
TRX-14494,2025-10-04,North America,Monitor,2,291.5,583.01,411.38,171.62
TRX-14495,2025-03-02,Asia Pacific,Accessories,7,47.74,334.21,133.3,200.9
TRX-14496,2025-11-15,Europe,Smartphone,11,783.4,8617.38,5356.7,3260.68
TRX-14497,2025-02-21,North America,Tablet,11,411.45,4525.96,2761.81,1764.16
TRX-14498,2025-06-02,Europe,Tablet,5,410.1,2050.49,1277.2,773.29
TRX-14499,2025-11-07,Europe,Monitor,8,291.27,2330.12,1660.88,669.24
TRX-14500,2026-06-28,Asia Pacific,Laptop,11,1163.61,12799.76,8924.12,3875.65
TRX-14501,2026-07-21,Europe,Accessories,14,50.71,709.98,276.65,433.33
TRX-14502,2026-01-24,Latin America,Monitor,8,298.74,2389.94,1549.54,840.4
TRX-14503,2026-07-02,Latin America,Smartphone,14,823.38,11527.36,7182.03,4345.34
TRX-14504,2026-09-14,Asia Pacific,Smartphone,14,761.93,10667.03,6794.75,3872.28
TRX-14505,2025-06-26,Asia Pacific,Smartphone,4,808.83,3235.33,2039.09,1196.25
TRX-14506,2025-12-28,Latin America,Monitor,13,306.92,3989.96,2517.12,1472.85
TRX-14507,2025-11-10,Asia Pacific,Accessories,4,52.47,209.87,76.73,133.14
TRX-14508,2025-04-07,Europe,Tablet,8,407.15,3257.21,1950.22,1306.99
TRX-14509,2025-08-01,North America,Laptop,3,1167.82,3503.46,2348.38,1155.08
TRX-14510,2025-05-17,Asia Pacific,Tablet,7,384.33,2690.29,1775.76,914.53
TRX-14511,2025-01-06,Latin America,Accessories,8,50.7,405.64,154.57,251.06
TRX-14512,2025-04-19,North America,Tablet,8,400.93,3207.42,2086.06,1121.36
TRX-14513,2026-07-01,Europe,Monitor,11,311.97,3431.72,2211.96,1219.76
TRX-14514,2025-02-08,North America,Smartphone,10,818.13,8181.29,4995.47,3185.82
TRX-14515,2026-10-24,Latin America,Accessories,4,50.05,200.19,79.48,120.72
TRX-14516,2026-03-01,North America,Accessories,9,49.52,445.66,181.2,264.46
TRX-14517,2026-09-22,Latin America,Tablet,10,396.17,3961.75,2380.61,1581.14
TRX-14518,2025-09-18,Asia Pacific,Monitor,4,291.79,1167.16,839.21,327.95
TRX-14519,2026-03-02,Asia Pacific,Tablet,8,380.69,3045.54,2011.5,1034.04
TRX-14520,2025-03-28,Latin America,Tablet,6,403.0,2417.98,1430.28,987.7
TRX-14521,2026-04-10,Asia Pacific,Accessories,5,48.56,242.81,100.9,141.91
TRX-14522,2025-03-17,Europe,Tablet,4,388.33,1553.33,993.71,559.62
TRX-14523,2026-04-16,North America,Smartphone,5,770.03,3850.15,2381.01,1469.14
TRX-14524,2026-02-18,Latin America,Tablet,13,387.58,5038.59,3387.94,1650.65
TRX-14525,2026-12-27,Latin America,Smartphone,11,762.54,8387.97,5230.81,3157.16
TRX-14526,2026-04-02,Latin America,Accessories,1,50.87,50.87,20.16,30.72
TRX-14527,2025-10-12,Europe,Monitor,7,297.04,2079.29,1464.65,614.64
TRX-14528,2025-08-27,Europe,Smartphone,8,804.92,6439.38,3895.04,2544.33
TRX-14529,2026-11-08,Europe,Monitor,12,304.11,3649.3,2341.0,1308.3
TRX-14530,2026-08-22,Latin America,Monitor,9,314.17,2827.57,1710.08,1117.49
TRX-14531,2026-10-15,Europe,Smartphone,13,765.46,9951.0,6218.13,3732.87
TRX-14532,2026-11-03,Asia Pacific,Accessories,3,49.59,148.77,57.27,91.5
TRX-14533,2026-07-12,North America,Laptop,9,1169.51,10525.57,7432.31,3093.26
TRX-14534,2026-01-07,Asia Pacific,Monitor,10,299.3,2993.01,2067.35,925.67
TRX-14535,2026-05-10,Asia Pacific,Monitor,5,312.61,1563.07,1022.67,540.4
TRX-14536,2026-09-16,Europe,Accessories,10,51.12,511.2,197.05,314.14
TRX-14537,2025-02-14,Latin America,Accessories,6,50.81,304.86,123.86,181.0
TRX-14538,2026-02-05,Asia Pacific,Tablet,1,397.65,397.65,250.99,146.66
TRX-14539,2025-09-04,North America,Accessories,9,50.86,457.7,176.48,281.22
TRX-14540,2026-09-08,Europe,Monitor,9,285.97,2573.74,1788.71,785.03
TRX-14541,2026-08-20,Asia Pacific,Smartphone,6,806.9,4841.39,2869.73,1971.66
TRX-14542,2026-03-26,Europe,Laptop,8,1206.45,9651.63,6684.74,2966.88
TRX-14543,2026-04-30,North America,Tablet,4,393.87,1575.46,1011.91,563.55
TRX-14544,2026-10-08,Europe,Smartphone,5,776.12,3880.61,2557.81,1322.8
TRX-14545,2026-09-12,Latin America,Laptop,5,1236.91,6184.53,4070.63,2113.9
TRX-14546,2025-01-18,Asia Pacific,Laptop,7,1146.46,8025.24,5693.94,2331.3
TRX-14547,2026-08-29,Asia Pacific,Laptop,7,1148.36,8038.53,5329.67,2708.86
TRX-14548,2026-10-24,Latin America,Smartphone,7,795.24,5566.69,3508.88,2057.81
TRX-14549,2025-10-16,North America,Tablet,5,390.1,1950.51,1290.21,660.3
TRX-14550,2026-02-18,North America,Tablet,4,409.82,1639.27,954.45,684.82
TRX-14551,2026-12-22,Europe,Laptop,8,1216.1,9728.82,6691.95,3036.88
TRX-14552,2026-09-30,Asia Pacific,Smartphone,1,821.8,821.8,496.21,325.59
TRX-14553,2025-08-23,North America,Laptop,1,1178.96,1178.96,783.19,395.77
TRX-14554,2026-02-20,Latin America,Accessories,6,51.2,307.22,120.38,186.83
TRX-14555,2026-05-14,Latin America,Tablet,2,414.49,828.98,515.06,313.92
TRX-14556,2026-09-26,Latin America,Monitor,12,295.36,3544.3,2393.94,1150.36
TRX-14557,2026-10-12,North America,Laptop,3,1180.79,3542.36,2434.83,1107.54
TRX-14558,2025-04-25,Latin America,Accessories,4,52.0,208.0,80.0,128.0
TRX-14559,2026-11-05,Asia Pacific,Tablet,14,381.99,5347.88,3545.95,1801.94
TRX-14560,2026-12-14,North America,Smartphone,2,788.02,1576.03,963.8,612.23
TRX-14561,2025-08-22,North America,Tablet,10,384.75,3847.47,2384.67,1462.8
TRX-14562,2026-06-24,Asia Pacific,Smartphone,7,762.32,5336.23,3372.92,1963.31
TRX-14563,2025-01-11,Latin America,Smartphone,10,769.03,7690.3,4892.92,2797.38
TRX-14564,2025-07-25,North America,Laptop,1,1191.75,1191.75,780.27,411.48
TRX-14565,2026-11-10,Asia Pacific,Laptop,3,1222.43,3667.3,2427.64,1239.66
TRX-14566,2025-09-04,Asia Pacific,Tablet,2,391.57,783.14,497.79,285.35
TRX-14567,2026-07-13,Europe,Accessories,13,51.75,672.73,248.01,424.72
TRX-14568,2025-05-07,Latin America,Tablet,9,397.5,3577.54,2145.34,1432.2
TRX-14569,2025-05-27,Latin America,Monitor,8,314.05,2512.37,1534.49,977.88
TRX-14570,2025-04-28,Asia Pacific,Smartphone,3,836.33,2509.0,1477.96,1031.04
TRX-14571,2026-01-17,North America,Smartphone,5,821.86,4109.31,2376.55,1732.76
TRX-14572,2026-02-16,Europe,Laptop,3,1251.89,3755.67,2398.56,1357.11
TRX-14573,2026-10-26,Europe,Accessories,14,51.04,714.5,276.1,438.4
TRX-14574,2026-08-07,North America,Laptop,11,1247.47,13722.17,8848.79,4873.38
TRX-14575,2025-12-29,Europe,Monitor,13,292.09,3797.22,2657.41,1139.81
TRX-14576,2026-05-24,North America,Tablet,12,393.82,4725.8,2925.29,1800.51
TRX-14577,2025-05-17,Europe,Tablet,11,410.12,4511.29,2655.7,1855.59
TRX-14578,2025-06-24,North America,Accessories,12,49.62,595.47,234.67,360.8
TRX-14579,2025-10-16,Asia Pacific,Laptop,11,1240.48,13645.27,8361.55,5283.72
TRX-14580,2026-04-26,Asia Pacific,Laptop,6,1245.32,7471.9,4617.61,2854.29
TRX-14581,2025-01-19,Europe,Monitor,5,293.99,1469.96,1025.08,444.88
TRX-14582,2025-07-14,Europe,Tablet,11,412.94,4542.32,2673.77,1868.55
TRX-14583,2025-11-26,Asia Pacific,Laptop,2,1158.51,2317.02,1679.09,637.94
TRX-14584,2025-06-24,Latin America,Accessories,14,49.17,688.39,270.7,417.69
TRX-14585,2026-03-25,North America,Tablet,10,400.72,4007.19,2572.19,1434.99
TRX-14586,2025-12-20,Latin America,Monitor,8,291.79,2334.35,1632.81,701.54
TRX-14587,2026-05-14,Europe,Accessories,6,50.4,302.38,117.87,184.51
TRX-14588,2025-05-21,Asia Pacific,Smartphone,14,806.3,11288.14,6881.52,4406.62
TRX-14589,2025-04-03,Europe,Monitor,3,291.21,873.62,603.81,269.81
TRX-14590,2025-08-27,Latin America,Accessories,13,51.48,669.22,269.16,400.05
TRX-14591,2025-07-24,Asia Pacific,Laptop,13,1215.8,15805.37,10281.63,5523.73
TRX-14592,2026-07-14,Asia Pacific,Smartphone,1,785.42,785.42,478.06,307.36
TRX-14593,2026-03-09,Asia Pacific,Monitor,5,291.97,1459.83,987.44,472.39
TRX-14594,2025-09-02,North America,Laptop,12,1245.45,14945.4,9319.02,5626.38
TRX-14595,2025-11-13,Europe,Smartphone,11,826.86,9095.45,5741.56,3353.89
TRX-14596,2025-10-22,Latin America,Tablet,2,389.19,778.38,509.86,268.52
TRX-14597,2026-10-02,North America,Laptop,13,1144.27,14875.54,9932.87,4942.68
TRX-14598,2025-10-09,Latin America,Accessories,2,51.52,103.05,39.17,63.87
TRX-14599,2025-01-17,North America,Monitor,9,303.47,2731.19,1719.04,1012.15
TRX-14600,2025-03-12,Asia Pacific,Smartphone,11,768.07,8448.78,5681.51,2767.27
TRX-14601,2025-09-26,North America,Laptop,13,1210.48,15736.28,10822.55,4913.73
TRX-14602,2025-11-21,Europe,Tablet,10,398.09,3980.87,2403.07,1577.8
TRX-14603,2025-11-01,Europe,Monitor,7,308.24,2157.66,1391.64,766.01
TRX-14604,2026-03-27,Latin America,Monitor,6,291.27,1747.64,1251.83,495.81
TRX-14605,2025-01-07,Asia Pacific,Laptop,13,1194.38,15526.92,10031.02,5495.9
TRX-14606,2025-11-10,Asia Pacific,Tablet,1,386.25,386.25,244.8,141.45
TRX-14607,2025-04-13,Latin America,Smartphone,14,836.6,11712.43,6862.99,4849.44
TRX-14608,2025-07-12,Europe,Laptop,10,1233.45,12334.49,7624.05,4710.44
TRX-14609,2026-07-28,Europe,Smartphone,2,818.94,1637.88,953.63,684.25
TRX-14610,2026-06-13,Latin America,Monitor,11,305.71,3362.77,2299.61,1063.15
TRX-14611,2025-06-20,Asia Pacific,Smartphone,7,793.87,5557.07,3524.88,2032.19
TRX-14612,2026-06-21,Latin America,Tablet,3,416.93,1250.79,735.5,515.3
TRX-14613,2025-09-08,Latin America,Accessories,2,47.86,95.73,39.51,56.21
TRX-14614,2026-01-22,North America,Tablet,6,412.13,2472.78,1532.23,940.56
TRX-14615,2025-07-26,Latin America,Smartphone,8,777.22,6217.75,3946.61,2271.14
TRX-14616,2026-06-25,Europe,Laptop,8,1178.88,9431.07,6225.77,3205.3
TRX-14617,2026-09-21,Latin America,Monitor,11,300.58,3306.41,2112.4,1194.01
TRX-14618,2026-02-20,Asia Pacific,Accessories,2,51.41,102.83,40.92,61.91
TRX-14619,2026-01-15,Asia Pacific,Laptop,6,1240.62,7443.75,4646.67,2797.07
TRX-14620,2025-05-24,Europe,Laptop,12,1210.05,14520.57,9186.86,5333.71
TRX-14621,2025-01-25,Asia Pacific,Tablet,5,396.12,1980.61,1240.87,739.74
TRX-14622,2026-10-30,Latin America,Smartphone,7,835.72,5850.04,3338.85,2511.19
TRX-14623,2025-03-14,Europe,Tablet,4,389.86,1559.44,1046.5,512.94
TRX-14624,2026-09-24,Asia Pacific,Smartphone,12,824.25,9890.97,6076.38,3814.6
TRX-14625,2025-04-03,Latin America,Tablet,13,404.48,5258.27,3137.13,2121.14
TRX-14626,2026-05-20,Asia Pacific,Laptop,2,1185.23,2370.45,1547.59,822.86
TRX-14627,2026-08-21,North America,Monitor,10,285.04,2850.41,2013.97,836.44
TRX-14628,2025-12-02,Asia Pacific,Smartphone,3,795.73,2387.18,1478.48,908.7
TRX-14629,2026-03-01,Europe,Accessories,9,48.88,439.95,184.94,255.02
TRX-14630,2026-05-14,Latin America,Accessories,10,48.02,480.22,200.92,279.3
TRX-14631,2025-12-30,Latin America,Laptop,8,1149.02,9192.15,6357.33,2834.82
TRX-14632,2026-09-22,Europe,Tablet,13,393.9,5120.73,3400.47,1720.26
TRX-14633,2025-07-18,North America,Tablet,9,404.59,3641.31,2225.41,1415.9
TRX-14634,2026-12-19,Latin America,Laptop,5,1240.5,6202.51,3960.24,2242.27
TRX-14635,2026-02-17,Europe,Accessories,13,48.42,629.43,264.31,365.12
TRX-14636,2025-12-05,Asia Pacific,Accessories,5,49.62,248.12,103.09,145.02
TRX-14637,2026-10-21,North America,Tablet,7,395.68,2769.75,1772.09,997.66
TRX-14638,2026-03-05,Europe,Smartphone,7,801.07,5607.5,3569.51,2037.99
TRX-14639,2025-05-19,Asia Pacific,Monitor,1,309.29,309.29,197.46,111.83
TRX-14640,2026-11-24,Latin America,Smartphone,12,804.29,9651.5,5987.7,3663.8
TRX-14641,2026-06-26,Latin America,Accessories,14,51.73,724.27,271.52,452.75
TRX-14642,2025-02-26,North America,Smartphone,5,801.48,4007.42,2545.06,1462.36
TRX-14643,2025-08-20,Asia Pacific,Monitor,8,303.12,2424.92,1555.43,869.49
TRX-14644,2026-10-20,Europe,Smartphone,7,794.99,5564.93,3325.44,2239.49
TRX-14645,2026-03-11,Latin America,Smartphone,11,825.85,9084.32,5738.57,3345.75
TRX-14646,2026-01-19,Europe,Smartphone,2,833.91,1667.81,980.6,687.21
TRX-14647,2026-07-14,Europe,Smartphone,14,811.13,11355.84,6787.64,4568.2
TRX-14648,2025-07-13,Europe,Laptop,8,1238.49,9907.95,6251.61,3656.34
TRX-14649,2026-10-10,North America,Accessories,2,47.8,95.59,39.32,56.27
TRX-14650,2026-06-18,Europe,Monitor,10,312.18,3121.83,1994.91,1126.92
TRX-14651,2026-06-02,North America,Accessories,1,48.44,48.44,19.14,29.31
TRX-14652,2026-12-17,North America,Laptop,11,1170.78,12878.61,8406.35,4472.25
TRX-14653,2025-07-04,Asia Pacific,Laptop,11,1146.4,12610.4,8617.76,3992.63
TRX-14654,2025-10-19,Latin America,Laptop,14,1255.85,17581.87,10971.26,6610.61
TRX-14655,2025-12-01,Europe,Laptop,11,1242.24,13664.65,8463.53,5201.13
TRX-14656,2025-04-26,Asia Pacific,Smartphone,3,833.05,2499.16,1485.72,1013.45
TRX-14657,2025-02-18,Asia Pacific,Accessories,3,51.74,155.21,58.7,96.5
TRX-14658,2026-11-16,Asia Pacific,Tablet,6,399.18,2395.09,1428.91,966.18
TRX-14659,2025-03-23,Asia Pacific,Monitor,12,312.72,3752.67,2492.57,1260.1
TRX-14660,2025-11-29,Asia Pacific,Laptop,3,1256.34,3769.01,2492.64,1276.37
TRX-14661,2026-07-11,Europe,Accessories,7,50.01,350.09,135.93,214.16
TRX-14662,2025-12-01,Asia Pacific,Laptop,8,1161.07,9288.6,6184.24,3104.36
TRX-14663,2026-06-16,Latin America,Laptop,3,1219.03,3657.1,2411.35,1245.75
TRX-14664,2025-08-09,North America,Laptop,9,1257.05,11313.47,7294.14,4019.33
TRX-14665,2026-09-27,North America,Laptop,1,1244.66,1244.66,836.6,408.05
TRX-14666,2025-11-19,Latin America,Laptop,3,1243.42,3730.25,2370.56,1359.69
TRX-14667,2025-01-03,Europe,Monitor,12,313.01,3756.17,2428.37,1327.81
TRX-14668,2026-11-25,North America,Accessories,3,51.97,155.91,62.27,93.64
TRX-14669,2025-07-25,Latin America,Laptop,7,1233.15,8632.08,5571.97,3060.1
TRX-14670,2025-02-09,Latin America,Laptop,11,1226.19,13488.12,8467.66,5020.46
TRX-14671,2025-02-28,Asia Pacific,Laptop,11,1171.77,12889.49,8692.15,4197.34
TRX-14672,2026-07-28,North America,Laptop,5,1214.56,6072.8,3854.63,2218.18
TRX-14673,2026-10-06,Asia Pacific,Smartphone,4,801.72,3206.88,1903.33,1303.55
TRX-14674,2026-05-22,Europe,Smartphone,2,828.96,1657.91,1025.16,632.76
TRX-14675,2026-07-26,North America,Tablet,7,399.67,2797.68,1704.22,1093.46
TRX-14676,2025-05-02,North America,Laptop,3,1155.33,3465.99,2280.48,1185.51
TRX-14677,2026-04-24,Latin America,Tablet,7,380.2,2661.39,1815.18,846.22
TRX-14678,2026-09-11,North America,Monitor,10,305.34,3053.36,1988.76,1064.6
TRX-14679,2025-04-06,Europe,Tablet,12,402.0,4823.96,2921.66,1902.3
TRX-14680,2026-02-18,Europe,Accessories,7,49.15,344.08,136.68,207.4
TRX-14681,2025-08-23,North America,Smartphone,11,773.52,8508.7,5357.3,3151.4
TRX-14682,2025-03-03,Latin America,Smartphone,2,797.34,1594.67,969.46,625.22
TRX-14683,2025-09-13,Europe,Laptop,7,1152.03,8064.24,5791.09,2273.15
TRX-14684,2026-07-15,Asia Pacific,Laptop,6,1180.33,7082.0,4641.76,2440.24
TRX-14685,2025-12-14,Europe,Monitor,10,296.38,2963.76,2012.37,951.39
TRX-14686,2026-11-02,North America,Monitor,4,298.97,1195.87,766.19,429.69
TRX-14687,2025-05-04,Asia Pacific,Accessories,11,49.83,548.16,229.89,318.27
TRX-14688,2026-04-27,North America,Laptop,5,1170.84,5854.2,4041.33,1812.88
TRX-14689,2025-11-13,North America,Laptop,12,1242.03,14904.3,9987.03,4917.28
TRX-14690,2026-05-19,North America,Monitor,8,295.67,2365.33,1583.66,781.67
TRX-14691,2026-12-20,Latin America,Monitor,5,291.89,1459.44,1031.07,428.37
TRX-14692,2025-02-17,Latin America,Monitor,3,290.27,870.82,621.22,249.6
TRX-14693,2026-02-13,Europe,Smartphone,2,785.81,1571.61,1020.29,551.32
TRX-14694,2025-05-16,North America,Tablet,6,382.7,2296.21,1438.94,857.27
TRX-14695,2025-07-20,Asia Pacific,Tablet,6,381.32,2287.9,1427.41,860.49
TRX-14696,2025-09-07,Asia Pacific,Laptop,7,1212.62,8488.32,5414.39,3073.93
TRX-14697,2025-11-10,Asia Pacific,Smartphone,8,809.53,6476.25,3847.24,2629.02
TRX-14698,2026-01-03,Latin America,Monitor,4,300.89,1203.55,818.01,385.54
TRX-14699,2026-03-05,Latin America,Laptop,12,1231.47,14777.69,9654.73,5122.96
TRX-14700,2026-04-25,North America,Smartphone,8,763.13,6105.06,4010.38,2094.68
TRX-14701,2025-11-10,Asia Pacific,Accessories,12,52.18,626.16,234.07,392.09
TRX-14702,2026-05-15,Asia Pacific,Smartphone,1,767.61,767.61,482.73,284.87
TRX-14703,2026-12-22,Latin America,Laptop,6,1220.88,7325.3,4659.14,2666.15
TRX-14704,2025-12-21,Latin America,Tablet,6,385.34,2312.02,1485.04,826.97
TRX-14705,2026-04-30,Asia Pacific,Monitor,3,311.4,934.19,614.41,319.78
TRX-14706,2025-07-30,Asia Pacific,Accessories,9,50.05,450.48,175.58,274.9
TRX-14707,2026-12-05,Europe,Smartphone,12,766.58,9199.0,6119.17,3079.83
TRX-14708,2025-02-13,Latin America,Laptop,12,1214.01,14568.08,9591.85,4976.23
TRX-14709,2026-06-25,North America,Laptop,5,1141.09,5705.47,4154.18,1551.29
TRX-14710,2026-07-25,North America,Monitor,1,308.28,308.28,194.66,113.62
TRX-14711,2026-08-06,Asia Pacific,Laptop,7,1218.07,8526.49,5572.48,2954.01
TRX-14712,2025-04-02,Latin America,Laptop,10,1165.51,11655.15,7677.33,3977.82
TRX-14713,2025-09-22,North America,Monitor,14,296.24,4147.4,2753.84,1393.55
TRX-14714,2025-08-08,Latin America,Accessories,3,47.54,142.62,,82.58
TRX-14715,2026-03-18,Asia Pacific,Tablet,10,407.75,4077.47,2558.19,1519.29
TRX-14716,2026-02-05,Asia Pacific,Tablet,10,392.91,3929.07,2424.52,1504.55
TRX-14717,2026-02-04,Asia Pacific,Smartphone,11,805.73,8863.0,5344.95,3518.05
TRX-14718,2026-12-28,Latin America,Accessories,4,52.28,209.13,81.05,128.08
TRX-14719,2026-07-30,North America,Smartphone,6,783.96,4703.74,2964.74,1739.01
TRX-14720,2026-05-05,Europe,Tablet,8,419.61,3356.88,1996.42,1360.46
TRX-14721,2026-04-30,North America,Monitor,13,303.98,3951.76,2687.4,1264.37
TRX-14722,2026-04-15,Latin America,Laptop,4,1169.05,4676.2,3199.71,1476.5
TRX-14723,2026-07-28,North America,Tablet,12,397.47,4769.65,3045.75,1723.9
TRX-14724,2026-11-13,Europe,Accessories,9,51.2,460.82,182.82,278.0
TRX-14725,2026-03-21,North America,Tablet,8,397.86,3182.87,2060.72,1122.15
TRX-14726,2025-09-26,Europe,Accessories,10,47.84,478.43,202.76,275.66
TRX-14727,2025-09-24,Latin America,Accessories,10,48.34,483.43,191.3,292.13
TRX-14728,2025-02-23,Asia Pacific,Accessories,6,51.46,308.74,118.11,190.63
TRX-14729,2026-06-12,Europe,Smartphone,7,811.87,5683.09,3671.26,2011.83
TRX-14730,2026-06-04,Latin America,Monitor,8,302.09,2416.76,1551.44,865.32
TRX-14731,2026-09-08,Asia Pacific,Tablet,2,386.7,773.41,504.34,269.07
TRX-14732,2025-02-28,Europe,Monitor,5,310.13,1550.66,1034.29,516.37
TRX-14733,2025-02-09,Asia Pacific,Laptop,13,1255.29,16318.75,10490.02,5828.73
TRX-14734,2025-08-25,North America,Tablet,7,381.64,2671.45,1727.65,943.8
TRX-14735,2026-01-21,Latin America,Monitor,8,287.34,2298.73,1532.84,765.89
TRX-14736,2026-08-29,Latin America,Monitor,5,311.54,1557.71,986.17,571.54
TRX-14737,2026-12-17,Latin America,Laptop,3,1237.87,3713.6,2323.7,1389.9
TRX-14738,2026-10-12,Latin America,Accessories,6,50.59,303.54,125.53,178.01
TRX-14739,2025-10-27,Europe,Tablet,5,417.8,2088.99,1276.88,812.11
TRX-14740,2026-01-30,North America,Tablet,8,405.86,3246.86,2049.88,1196.98
TRX-14741,2025-07-26,Asia Pacific,Laptop,9,1165.92,10493.26,7153.9,3339.37
TRX-14742,2025-12-02,Latin America,Accessories,9,51.14,460.29,172.98,287.31
TRX-14743,2026-08-16,Latin America,Tablet,12,405.83,4869.94,2930.01,1939.93
TRX-14744,2026-12-31,Europe,Tablet,12,419.43,5033.16,2927.91,2105.24
TRX-14745,2026-05-29,Europe,Tablet,6,388.56,2331.33,1498.02,833.32
TRX-14746,2025-06-27,Europe,Accessories,4,50.49,201.96,79.69,122.27
TRX-14747,2026-01-31,North America,Laptop,4,1233.62,4934.48,3178.69,1755.79
TRX-14748,2026-01-06,Asia Pacific,Tablet,9,393.56,3542.03,2249.09,1292.94
TRX-14749,2026-10-20,North America,Monitor,4,296.39,1185.56,838.96,346.6
TRX-14750,2025-11-14,Latin America,Accessories,8,51.94,415.52,156.77,258.74
TRX-14751,2026-01-04,Europe,Smartphone,9,792.34,7131.02,4551.87,2579.15
TRX-14752,2026-01-19,Latin America,Laptop,5,1214.97,6074.84,3895.8,2179.04
TRX-14753,2025-03-03,Asia Pacific,Monitor,13,311.68,4051.8,2591.32,1460.49
TRX-14754,2026-05-20,Asia Pacific,Tablet,6,388.39,2330.36,1455.01,875.35
TRX-14755,2025-08-27,North America,Smartphone,3,838.55,2515.65,1508.73,1006.92
TRX-14756,2025-07-14,North America,Laptop,12,1224.23,14690.81,9374.41,5316.4
TRX-14757,2026-11-09,Europe,Accessories,5,49.98,249.9,95.37,154.54
TRX-14758,2025-08-10,Europe,Smartphone,5,794.47,3972.37,2578.82,1393.55
TRX-14759,2025-03-02,Latin America,Smartphone,14,836.35,11708.89,6739.78,4969.11
TRX-14760,2025-05-09,Europe,Monitor,2,291.17,582.34,394.72,187.62
TRX-14761,2026-11-16,Europe,Laptop,10,1177.4,11774.02,7981.74,3792.28
TRX-14762,2025-06-05,Latin America,Monitor,6,294.23,1765.4,1191.9,573.51
TRX-14763,2026-01-13,Asia Pacific,Monitor,9,293.67,2643.03,1840.62,802.41
TRX-14764,2026-09-14,Europe,Tablet,11,398.74,4386.16,2776.61,1609.54
TRX-14765,2026-08-09,Europe,Accessories,7,52.45,367.12,137.14,229.99
TRX-14766,2026-03-13,Latin America,Smartphone,14,831.1,11635.44,6686.19,4949.25
TRX-14767,2025-07-26,Latin America,Laptop,8,1179.35,9434.83,6571.26,2863.57
TRX-14768,2026-01-23,Latin America,Accessories,2,49.61,99.23,39.41,59.82
TRX-14769,2026-04-25,Latin America,Accessories,11,50.85,559.32,228.57,330.75
TRX-14770,2025-12-06,Latin America,Laptop,13,1142.06,14846.76,10290.86,4555.9
TRX-14771,2025-12-06,Europe,Accessories,14,51.6,722.41,286.09,436.32
TRX-14772,2025-07-23,North America,Tablet,9,415.19,3736.73,2348.9,1387.83
TRX-14773,2025-06-10,North America,Accessories,3,51.79,155.36,60.91,94.45
TRX-14774,2026-06-24,North America,Tablet,10,395.0,3950.02,2478.37,1471.65
TRX-14775,2026-01-27,Europe,Smartphone,5,796.96,3984.8,2516.85,1467.95
TRX-14776,2026-11-08,Asia Pacific,Smartphone,14,760.99,10653.87,7030.41,3623.46
TRX-14777,2026-07-29,Europe,Monitor,7,296.98,2078.87,1411.87,667.0
TRX-14778,2026-06-18,North America,Tablet,4,398.42,1593.67,964.68,628.99
TRX-14779,2025-03-11,North America,Smartphone,7,832.56,5827.91,3569.48,2258.43
TRX-14780,2026-02-09,Latin America,Accessories,8,51.97,415.76,154.32,261.44
TRX-14781,2026-08-31,Latin America,Laptop,13,1255.93,16327.11,9895.2,6431.91
TRX-14782,2026-11-06,Latin America,Laptop,10,1246.21,12462.13,8099.82,4362.3
TRX-14783,2026-08-14,Europe,Tablet,14,380.33,5324.59,3365.92,1958.67
TRX-14784,2026-06-01,Asia Pacific,Monitor,10,304.24,3042.44,2054.08,988.36
TRX-14785,2025-04-30,Asia Pacific,Accessories,4,47.84,191.36,82.93,108.44
TRX-14786,2026-11-21,Latin America,Tablet,5,390.9,1954.52,1305.59,648.93
TRX-14787,2026-11-19,Asia Pacific,Laptop,11,1209.4,13303.37,8944.74,4358.63
TRX-14788,2025-08-05,North America,Tablet,3,408.02,1224.07,748.65,475.42
TRX-14789,2025-02-25,North America,Accessories,5,50.77,253.87,98.52,155.34
TRX-14790,2026-01-01,Latin America,Smartphone,8,763.92,6111.4,3996.37,2115.03
TRX-14791,2026-11-30,Latin America,Accessories,3,48.02,144.05,58.14,85.91
TRX-14792,2026-05-19,Latin America,Smartphone,14,770.29,10784.02,6893.9,3890.12
TRX-14793,2026-03-31,Asia Pacific,Smartphone,13,767.31,9975.07,6641.65,3333.42
TRX-14794,2025-04-14,Europe,Smartphone,5,774.26,3871.29,2429.36,1441.94
TRX-14795,2025-03-18,Latin America,Tablet,10,407.54,4075.4,2441.02,1634.38
TRX-14796,2025-08-18,Asia Pacific,Laptop,1,1239.7,1239.7,819.95,419.75
TRX-14797,2025-09-15,Latin America,Tablet,2,396.35,792.71,483.89,308.81
TRX-14798,2025-09-21,Europe,Laptop,3,1223.13,3669.4,2339.01,1330.39
TRX-14799,2025-11-27,Latin America,Accessories,1,48.5,48.5,19.04,29.46
TRX-14800,2025-07-01,North America,Monitor,13,314.2,4084.58,2657.21,1427.37
TRX-14801,2026-07-04,Latin America,Accessories,11,49.25,541.75,222.59,319.16
TRX-14802,2026-11-19,North America,Tablet,12,413.83,4966.02,3058.32,1907.7
TRX-14803,2025-01-27,North America,Tablet,11,417.81,4595.96,2671.44,1924.52
TRX-14804,2025-10-03,Asia Pacific,Laptop,9,1243.77,11193.89,7334.91,3858.98
TRX-14805,2026-10-14,Asia Pacific,Tablet,9,382.68,3444.14,2271.68,1172.46
TRX-14806,2025-10-26,North America,Smartphone,5,812.02,4060.12,2466.53,1593.59
TRX-14807,2025-04-01,North America,Tablet,14,384.8,5387.25,3478.24,1909.01
TRX-14808,2026-04-25,Latin America,Laptop,4,1140.68,4562.72,3221.73,1340.98
TRX-14809,2026-07-27,Latin America,Laptop,5,1146.21,5731.07,3997.32,1733.75
TRX-14810,2026-04-03,North America,Smartphone,4,833.29,3333.17,2028.37,1304.8
TRX-14811,2026-03-27,Asia Pacific,Laptop,12,1249.02,14988.19,9293.74,5694.45
TRX-14812,2025-12-31,Latin America,Monitor,5,291.77,1458.87,1004.07,454.8
TRX-14813,2026-11-06,Latin America,Accessories,7,50.24,351.65,139.3,212.34
TRX-14814,2025-12-17,Latin America,Tablet,11,418.2,4600.21,2739.28,1860.93
TRX-14815,2026-10-17,Asia Pacific,Monitor,8,299.9,2399.21,1595.1,804.11
TRX-14816,2026-02-04,North America,Tablet,2,395.74,791.49,519.07,272.41
TRX-14817,2025-09-10,Latin America,Monitor,4,299.5,1197.99,825.49,372.5
TRX-14818,2026-04-04,Asia Pacific,Tablet,8,411.61,3292.87,2025.91,1266.96
TRX-14819,2026-11-30,Asia Pacific,Smartphone,7,798.18,5587.28,3575.77,2011.51
TRX-14820,2026-05-14,Asia Pacific,Laptop,9,1233.99,11105.94,6870.82,4235.12
TRX-14821,2026-05-23,Asia Pacific,Laptop,5,1191.8,5959.02,4097.6,1861.42
TRX-14822,2025-10-31,Latin America,Smartphone,6,780.16,4680.96,2995.85,1685.11
TRX-14823,2026-05-16,North America,Monitor,11,294.79,3242.74,2159.9,1082.83
TRX-14824,2026-08-21,North America,Accessories,8,47.89,383.11,154.24,228.88
TRX-14825,2025-06-15,Asia Pacific,Monitor,12,299.92,3599.06,2298.05,1301.01
TRX-14826,2026-02-19,North America,Laptop,14,1157.77,16208.83,10690.27,5518.55
TRX-14827,2026-04-07,Latin America,Accessories,11,51.56,567.14,212.56,354.58
TRX-14828,2025-04-24,North America,Tablet,5,396.82,1984.12,1191.27,792.85
TRX-14829,2026-03-09,North America,Accessories,14,51.33,718.55,286.51,432.04
TRX-14830,2025-12-22,Europe,Monitor,9,313.63,2822.7,1754.75,1067.95
TRX-14831,2026-11-26,North America,Smartphone,4,827.96,3311.83,1973.75,1338.08
TRX-14832,2025-07-26,North America,Tablet,8,418.06,3344.47,2064.54,1279.93
TRX-14833,2025-08-23,Asia Pacific,Monitor,12,302.04,3624.46,2307.52,1316.94
TRX-14834,2026-03-18,Asia Pacific,Tablet,14,386.61,5412.58,3617.46,1795.12
TRX-14835,2025-12-21,Europe,Accessories,3,52.18,156.53,60.84,95.69
TRX-14836,2026-05-30,Latin America,Laptop,5,1244.22,6221.1,3936.81,2284.29
TRX-14837,2025-07-27,Europe,Monitor,8,310.93,2487.46,1538.85,948.61
TRX-14838,2026-12-10,North America,Smartphone,10,815.46,8154.62,4795.75,3358.87
TRX-14839,2025-05-05,North America,Accessories,12,50.62,607.49,236.05,371.44
TRX-14840,2025-05-18,Latin America,Monitor,7,285.44,1998.09,1349.65,648.44
TRX-14841,2025-12-05,Latin America,Smartphone,1,819.84,819.84,488.39,331.46
TRX-14842,2026-06-21,Asia Pacific,Monitor,12,287.75,3452.95,2292.71,1160.24
TRX-14843,2025-03-09,North America,Accessories,4,48.8,195.2,80.76,114.43
TRX-14844,2026-07-27,North America,Monitor,2,301.54,603.09,385.81,217.28
TRX-14845,2026-06-25,North America,Tablet,2,398.07,796.14,512.84,283.3
TRX-14846,2026-01-18,North America,Accessories,13,47.58,618.53,252.67,365.85
TRX-14847,2025-01-19,North America,Monitor,7,309.72,2168.04,1441.72,726.32
TRX-14848,2026-11-14,North America,Laptop,12,1245.46,14945.47,9302.29,5643.19
TRX-14849,2026-03-26,North America,Monitor,12,305.46,3665.47,2453.13,1212.35
TRX-14850,2025-03-15,North America,Tablet,3,401.64,1204.93,737.48,467.45
TRX-14851,2026-07-27,,Smartphone,3,836.86,2510.58,1512.47,998.11
TRX-14852,2026-10-27,Europe,Smartphone,6,769.6,4617.58,2861.6,1755.98
TRX-14853,2025-10-03,North America,Smartphone,6,819.03,4914.2,2998.57,1915.62
TRX-14854,2025-02-17,Asia Pacific,Laptop,1,1155.4,1155.4,771.9,383.51
TRX-14855,2025-07-30,North America,Tablet,1,395.27,395.27,249.66,145.62
TRX-14856,2026-10-13,Latin America,Accessories,11,50.43,554.7,212.11,342.59
TRX-14857,2026-09-14,North America,Smartphone,6,818.97,4913.8,2981.13,1932.68
TRX-14858,2026-11-26,Europe,Tablet,7,380.15,2661.04,1681.86,979.18
TRX-14859,2026-06-24,Asia Pacific,Monitor,9,292.82,2635.36,1749.59,885.77
TRX-14860,2026-12-10,Latin America,Laptop,4,1204.58,4818.34,3230.43,1587.91
TRX-14861,2025-07-10,Latin America,Tablet,14,401.31,5618.41,3666.83,1951.58
TRX-14862,2025-11-11,North America,Tablet,10,405.51,4055.05,2487.3,1567.75
TRX-14863,2026-07-17,Europe,Accessories,6,49.02,294.12,122.25,171.87
TRX-14864,2026-10-23,Europe,Tablet,12,401.62,4819.45,3011.83,1807.63
TRX-14865,2026-07-16,North America,Accessories,3,48.45,145.35,59.99,85.36
TRX-14866,2025-04-23,North America,Laptop,13,1162.42,15111.52,9947.29,5164.23
TRX-14867,2025-06-19,Asia Pacific,Laptop,13,1209.19,15719.44,10030.07,5689.37
TRX-14868,2026-04-13,Asia Pacific,Monitor,11,305.56,3361.21,2284.27,1076.93
TRX-14869,2026-11-09,North America,Accessories,4,48.1,192.41,79.28,113.13
TRX-14870,2025-01-14,North America,Accessories,9,48.11,433.03,182.06,250.97
TRX-14871,2026-12-16,Latin America,Smartphone,14,805.22,11273.14,7019.76,4253.38
TRX-14872,2025-10-15,Europe,Smartphone,14,781.61,10942.51,6915.22,4027.29
TRX-14873,2025-07-08,Asia Pacific,Monitor,1,296.77,296.77,197.76,99.02
TRX-14874,2025-06-04,North America,Laptop,5,1188.09,5940.45,4022.19,1918.26
TRX-14875,2026-07-21,North America,Smartphone,11,774.28,8517.13,5302.63,3214.5
TRX-14876,2026-11-25,Asia Pacific,Tablet,7,380.05,2660.37,1730.27,930.1
TRX-14877,2026-12-23,Latin America,Laptop,3,1242.38,3727.13,2387.27,1339.86
TRX-14878,2026-04-16,Latin America,Tablet,2,408.6,817.2,524.26,292.94
TRX-14879,2025-03-16,North America,Accessories,13,50.95,662.39,256.14,406.25
TRX-14880,2025-10-04,Europe,Laptop,11,1205.58,13261.39,8927.23,4334.16
TRX-14881,2026-10-07,Europe,Monitor,2,306.03,612.06,,226.56
TRX-14882,2025-12-09,North America,Accessories,1,52.18,52.18,19.13,33.05
TRX-14883,2026-03-01,Asia Pacific,Accessories,5,50.83,254.14,103.72,150.43
TRX-14884,2026-07-25,Europe,Tablet,13,390.6,5077.85,3324.99,1752.86
TRX-14885,2026-05-26,Asia Pacific,Accessories,3,50.35,151.06,58.9,92.15
TRX-14886,2025-07-01,Asia Pacific,Smartphone,11,795.39,8749.25,5502.52,3246.73
TRX-14887,2026-04-03,Asia Pacific,Laptop,12,1206.77,14481.24,9250.31,5230.93
TRX-14888,2025-03-05,Latin America,Smartphone,7,801.41,5609.86,3572.51,2037.36
TRX-14889,2025-09-17,Europe,Tablet,1,414.35,414.35,239.26,175.09
TRX-14890,2025-07-12,Latin America,Tablet,9,406.07,3654.65,2307.83,1346.82
TRX-14891,2026-10-17,Europe,Laptop,14,1162.65,16277.11,11252.46,5024.66
TRX-14892,2026-09-08,North America,Accessories,2,47.82,95.63,39.12,56.51
TRX-14893,2026-02-10,Asia Pacific,Monitor,8,297.73,2381.85,1658.01,723.84
TRX-14894,2026-12-27,Europe,Tablet,10,380.62,3806.24,2621.52,1184.73
TRX-14895,2026-12-22,Europe,Laptop,4,1178.2,4712.78,3121.39,1591.39
TRX-14896,2025-04-03,North America,Monitor,6,296.04,1776.24,1236.75,539.49
TRX-14897,2026-03-06,Latin America,Accessories,9,49.38,444.4,184.5,259.9
TRX-14898,2026-10-16,Europe,Tablet,7,419.17,2934.22,1793.26,1140.96
TRX-14899,2026-03-10,Europe,Laptop,8,1176.47,9411.74,6692.63,2719.11
TRX-14900,2026-02-08,Latin America,Laptop,7,1171.83,8202.79,5592.51,2610.29
TRX-14901,2026-03-10,Latin America,Laptop,2,1155.53,2311.05,1627.87,683.18
TRX-14902,2025-04-22,Europe,Tablet,9,400.44,3603.96,2322.87,1281.09
TRX-14903,2026-01-10,Latin America,Monitor,1,289.61,289.61,199.59,90.02
TRX-14904,2025-02-28,North America,Laptop,14,1213.96,16995.38,11179.2,5816.17
TRX-14905,2025-02-12,North America,Accessories,2,48.28,96.55,39.27,57.28
TRX-14906,2025-07-26,Asia Pacific,Laptop,3,1209.2,3627.6,2467.4,1160.2
TRX-14907,2025-10-23,Europe,Monitor,3,309.79,929.36,611.17,318.19
TRX-14908,2025-04-28,North America,Tablet,14,381.7,5343.81,3482.9,1860.91
TRX-14909,2026-06-16,North America,Laptop,10,1190.37,11903.7,7935.47,3968.23
TRX-14910,2025-08-10,North America,Laptop,4,1195.33,4781.3,3063.23,1718.07
TRX-14911,2025-06-15,Asia Pacific,Accessories,5,51.46,257.28,95.07,162.21
TRX-14912,2026-10-05,Latin America,Accessories,6,49.84,299.04,120.35,178.69
TRX-14913,2025-06-05,Asia Pacific,Laptop,1,1208.1,1208.1,793.4,414.7
TRX-14914,2025-07-03,Asia Pacific,Laptop,14,1234.94,17289.22,11531.56,5757.66
TRX-14915,2025-03-31,Asia Pacific,Accessories,13,50.3,653.88,261.11,392.78
TRX-14916,2025-04-04,Asia Pacific,Monitor,8,295.75,2365.99,1669.87,696.12
TRX-14917,2025-01-13,Europe,Smartphone,6,766.87,4601.2,2908.84,1692.36
TRX-14918,2026-03-14,Europe,Smartphone,10,818.39,8183.93,5245.08,2938.86
TRX-14919,2026-06-22,North America,Laptop,9,1244.54,11200.83,7054.5,4146.33
TRX-14920,2026-08-10,Asia Pacific,Accessories,5,52.35,261.75,101.42,160.33
TRX-14921,2025-05-30,Asia Pacific,Tablet,7,417.06,2919.45,1750.32,1169.12
TRX-14922,2026-10-22,North America,Tablet,11,411.9,4530.86,2711.38,1819.48
TRX-14923,2025-01-08,Latin America,Smartphone,4,811.48,3245.91,1927.86,1318.05
TRX-14924,2025-01-29,Europe,Monitor,6,308.44,1850.66,1156.18,694.48
TRX-14925,2025-10-23,Asia Pacific,Smartphone,6,794.57,4767.4,3063.45,1703.95
TRX-14926,2026-12-22,Latin America,Laptop,13,1211.37,15747.85,10272.75,5475.1
TRX-14927,2026-10-02,Latin America,Monitor,4,295.46,1181.84,836.9,344.94
TRX-14928,2025-12-06,Asia Pacific,Tablet,6,393.07,2358.41,1473.85,884.56
TRX-14929,2026-09-20,Asia Pacific,Accessories,8,51.28,410.27,167.74,242.53
TRX-14930,2026-03-15,,Accessories,11,49.77,547.47,213.52,333.95
TRX-14931,2025-05-24,Europe,Laptop,5,1165.46,5827.3,3841.13,1986.17
TRX-14932,2026-06-03,Europe,Smartphone,2,776.16,1552.31,981.26,571.05
TRX-14933,2025-02-14,Asia Pacific,Laptop,9,1243.1,11187.91,7477.62,3710.29
TRX-14934,2025-08-27,Asia Pacific,Accessories,11,50.89,559.78,220.48,339.3
TRX-14935,2025-06-04,North America,Tablet,4,401.84,1607.37,963.57,643.8
TRX-14936,2025-06-30,North America,Accessories,4,49.5,198.02,77.62,120.4
TRX-14937,2025-08-03,Europe,Monitor,11,297.92,3277.17,2158.48,1118.69
TRX-14938,2025-03-29,North America,Accessories,7,47.79,334.51,141.26,193.25
TRX-14939,2025-09-13,Latin America,Accessories,10,49.77,497.75,196.65,301.1
TRX-14940,2026-05-26,Latin America,Monitor,14,308.86,4324.09,2869.18,1454.92
TRX-14941,2025-03-14,Latin America,Smartphone,10,791.04,7910.39,5058.15,2852.24
TRX-14942,2025-06-28,Latin America,Accessories,6,49.42,296.51,124.49,172.02
TRX-14943,2025-07-31,Asia Pacific,Laptop,14,1141.89,15986.4,11201.08,4785.33
TRX-14944,2025-08-22,Latin America,Accessories,4,49.79,199.16,78.65,120.51
TRX-14945,2026-04-10,Europe,Laptop,6,1143.04,6858.24,5038.21,1820.03
TRX-14946,2025-08-11,North America,Monitor,3,302.11,906.33,591.34,314.99
TRX-14947,2026-09-23,Europe,Accessories,7,50.03,350.24,139.0,211.24
TRX-14948,2025-09-21,Asia Pacific,Monitor,6,310.2,1861.2,1237.1,624.11
TRX-14949,2025-07-26,North America,Monitor,3,302.45,907.36,575.32,332.04
TRX-14950,2026-08-30,North America,Smartphone,1,785.87,785.87,494.32,291.55
TRX-14951,2026-01-01,North America,Accessories,12,50.08,600.97,230.06,370.92
TRX-14952,2025-10-03,Latin America,Laptop,10,1223.96,12239.65,7711.44,4528.2
TRX-14953,2026-01-15,Asia Pacific,Laptop,5,1151.28,5756.38,3801.86,1954.52
TRX-14954,2025-11-05,Europe,Accessories,10,50.61,506.05,190.19,315.86
TRX-14955,2026-09-23,Latin America,Smartphone,2,833.33,1666.66,988.03,678.63
TRX-14956,2025-09-25,North America,Smartphone,7,783.93,5487.51,3608.21,1879.31
TRX-14957,2025-03-05,Europe,Smartphone,13,810.13,10531.69,6556.55,3975.14
TRX-14958,2025-12-16,Europe,Laptop,7,1238.56,8669.92,5675.55,2994.36
TRX-14959,2026-05-09,Europe,Monitor,4,300.35,1201.42,801.54,399.88
TRX-14960,2026-06-07,Asia Pacific,Smartphone,6,817.44,4904.63,3095.94,1808.69
TRX-14961,2025-04-08,Latin America,Laptop,1,1177.32,1177.32,830.43,346.89
TRX-14962,2025-03-12,Asia Pacific,Laptop,2,1176.73,2353.45,1655.96,697.5
TRX-14963,2025-12-30,North America,Monitor,6,305.03,1830.17,1237.46,592.71
TRX-14964,2026-07-24,North America,Accessories,2,51.03,102.05,38.73,63.32
TRX-14965,2025-10-03,Europe,Accessories,12,52.19,626.22,242.25,383.97
TRX-14966,2025-02-19,Europe,Smartphone,12,777.99,9335.85,6049.3,3286.55
TRX-14967,2025-12-24,Europe,Smartphone,11,797.46,8772.03,5515.37,3256.66
TRX-14968,2026-12-29,Asia Pacific,Monitor,4,292.52,1170.06,798.47,371.6
TRX-14969,2026-07-18,Latin America,Smartphone,4,766.41,3065.63,1917.83,1147.8
TRX-14970,2026-04-30,Asia Pacific,Monitor,10,297.1,2970.97,1920.43,1050.54
TRX-14971,2025-03-25,North America,Laptop,9,1184.89,10664.01,7489.64,3174.36
TRX-14972,2026-09-30,Europe,Smartphone,10,781.63,7816.35,5065.09,2751.25
TRX-14973,2026-08-07,Europe,Laptop,7,1175.64,8229.48,5466.9,2762.58
TRX-14974,2025-10-23,Asia Pacific,Tablet,14,394.42,5521.83,3422.76,2099.08
TRX-14975,2025-08-24,North America,Monitor,7,314.67,2202.66,1415.43,787.23
TRX-14976,2025-02-25,Latin America,Tablet,12,411.32,4935.82,2972.08,1963.74
TRX-14977,2025-12-26,Europe,Smartphone,11,765.71,8422.83,5467.73,2955.1
TRX-14978,2025-04-20,Europe,Laptop,1,1244.69,1244.69,764.85,479.84
TRX-14979,2025-07-11,North America,Smartphone,11,810.66,8917.31,5301.31,3616.0
TRX-14980,2025-04-03,Europe,Tablet,5,415.62,2078.12,1236.67,841.45
TRX-14981,2026-07-22,Latin America,Smartphone,3,787.34,2362.01,1529.95,832.06
TRX-14982,2025-03-01,Asia Pacific,Accessories,3,49.82,149.47,57.29,92.18
TRX-14983,2026-10-12,North America,Tablet,6,415.85,2495.09,1475.18,1019.91
TRX-14984,2025-02-08,Europe,Smartphone,4,781.81,3127.22,2039.01,1088.21
TRX-14985,2026-06-24,Europe,Laptop,8,1249.86,9998.88,6586.91,3411.97
TRX-14986,2025-02-18,Latin America,Smartphone,14,826.28,11567.92,6783.15,4784.77
TRX-14987,2026-02-24,Asia Pacific,Laptop,4,1257.67,5030.67,3274.08,1756.59
TRX-14988,2026-09-29,Latin America,Accessories,8,49.12,392.97,167.29,225.68
TRX-14989,2025-01-13,Asia Pacific,Smartphone,14,778.86,10904.04,7284.77,3619.28
TRX-14990,2025-02-05,Latin America,Accessories,12,49.15,589.85,246.95,342.91
TRX-14991,2025-04-11,Asia Pacific,Tablet,12,418.19,5018.23,3063.7,1954.53
TRX-14992,2025-03-27,Europe,Laptop,4,1179.97,4719.88,3115.24,1604.63
TRX-14993,2026-05-31,Europe,Tablet,3,402.61,1207.83,760.04,447.78
TRX-14994,2025-08-11,Europe,Laptop,5,1188.44,5942.21,4057.31,1884.9
TRX-14995,2025-12-04,North America,Accessories,12,49.48,593.77,237.76,356.01
TRX-14996,2025-06-15,Asia Pacific,Monitor,13,290.8,3780.42,2598.18,1182.23
TRX-14997,2026-01-18,North America,Smartphone,5,802.97,4014.83,2548.51,1466.32
TRX-14998,2026-01-11,Asia Pacific,Accessories,10,51.75,517.47,209.04,308.43
TRX-14999,2026-04-16,Europe,Laptop,10,1145.94,11459.38,7836.24,3623.14
